filepath,collection,object_name,mark_type,year_range,year_start,image_type,image_index,group_id,cloudinary_ref
"/mnt/c/Users/Assay Surface/Desktop/Kirstin Kennedy/Church plate on loan to V&A/Loan Bletchingley 4_hallmark 1733_34.jpg","Church plate on loan to V&A","Loan Bletchingley 4","hallmark","1733-34","1733","primary","1","church-plate-on-loan-to-v-a-loan-bletchingley-4-hallmark-1733","hallmarks/church-plate-on-loan-to-v-a-loan-bletchingley-4-hallmark-1733-1"
"/mnt/c/Users/Assay Surface/Desktop/Kirstin Kennedy/Church plate on loan to V&A/Loan Bletchingley 4_hallmark 1733_34_lid.jpg","Church plate on loan to V&A","Loan Bletchingley 4","hallmark","1733-34","1733","primary","0","church-plate-on-loan-to-v-a-loan-bletchingley-4-hallmark-1733","hallmarks/church-plate-on-loan-to-v-a-loan-bletchingley-4-hallmark-1733-0"
"/mnt/c/Users/Assay Surface/Desktop/Kirstin Kennedy/Church plate on loan to V&A/Loan Bletchingley 4_hallmark 1733_34_lid_dimensions.jpg","Church plate on loan to V&A","Loan Bletchingley 4","hallmark","1733-34","1733","dimensions","2","church-plate-on-loan-to-v-a-loan-bletchingley-4-hallmark-1733","hallmarks/church-plate-on-loan-to-v-a-loan-bletchingley-4-hallmark-1733-2"
"/mnt/c/Users/Assay Surface/Desktop/Kirstin Kennedy/Church plate on loan to V&A/Loan Bletchingly 4_hallmark 1733_34_dimensions.jpg","Church plate on loan to V&A","Loan Bletchingly 4","hallmark","1733-34","1733","dimensions","0","church-plate-on-loan-to-v-a-loan-bletchingly-4-hallmark-1733","hallmarks/church-plate-on-loan-to-v-a-loan-bletchingly-4-hallmark-1733-0"
"/mnt/c/Users/Assay Surface/Desktop/Kirstin Kennedy/Church plate on loan to V&A/Loan Easton Maudit 1 date letter 1630-31 dimensions.jpg","Church plate on loan to V&A","Loan Easton Maudit 1","date letter","1630-31","1630","dimensions","1","church-plate-on-loan-to-v-a-loan-easton-maudit-1-date-letter-1630","hallmarks/church-plate-on-loan-to-v-a-loan-easton-maudit-1-date-letter-1630-1"
"/mnt/c/Users/Assay Surface/Desktop/Kirstin Kennedy/Church plate on loan to V&A/Loan Easton Maudit 1 date letter 1630-31.jpg","Church plate on loan to V&A","Loan Easton Maudit 1","date letter","1630-31","1630","primary","0","church-plate-on-loan-to-v-a-loan-easton-maudit-1-date-letter-1630","hallmarks/church-plate-on-loan-to-v-a-loan-easton-maudit-1-date-letter-1630-0"
"/mnt/c/Users/Assay Surface/Desktop/Kirstin Kennedy/Church plate on loan to V&A/Loan Easton Maudit 1 paten hallmark 1630-31 another image.jpg","Church plate on loan to V&A","Loan Easton Maudit 1 paten","hallmark","1630-31","1630","primary","0","church-plate-on-loan-to-v-a-loan-easton-maudit-1-paten-hallmark-1630","hallmarks/church-plate-on-loan-to-v-a-loan-easton-maudit-1-paten-hallmark-1630-0"
"/mnt/c/Users/Assay Surface/Desktop/Kirstin Kennedy/Church plate on loan to V&A/Loan Easton Maudit 1_paten_hallmark 1630-31.jpg","Church plate on loan to V&A","Loan Easton Maudit 1 paten","hallmark","1630-31","1630","primary","1","church-plate-on-loan-to-v-a-loan-easton-maudit-1-paten-hallmark-1630","hallmarks/church-plate-on-loan-to-v-a-loan-easton-maudit-1-paten-hallmark-1630-1"
"/mnt/c/Users/Assay Surface/Desktop/Kirstin Kennedy/Church plate on loan to V&A/Loan Easton Maudit 1_paten_hallmark 1630-31_dimensions.jpg","Church plate on loan to V&A","Loan Easton Maudit 1 paten","hallmark","1630-31","1630","dimensions","2","church-plate-on-loan-to-v-a-loan-easton-maudit-1-paten-hallmark-1630","hallmarks/church-plate-on-loan-to-v-a-loan-easton-maudit-1-paten-hallmark-1630-2"
"/mnt/c/Users/Assay Surface/Desktop/Kirstin Kennedy/Church plate on loan to V&A/Loan Linford 1_dateletter_1732-33-dimensions.jpg","Church plate on loan to V&A","Loan Linford 1","date letter","1732-33","1732","dimensions","1","church-plate-on-loan-to-v-a-loan-linford-1-date-letter-1732","hallmarks/church-plate-on-loan-to-v-a-loan-linford-1-date-letter-1732-1"
"/mnt/c/Users/Assay Surface/Desktop/Kirstin Kennedy/Church plate on loan to V&A/Loan Linford 1_dateletter_1732-33.jpg","Church plate on loan to V&A","Loan Linford 1","date letter","1732-33","1732","primary","0","church-plate-on-loan-to-v-a-loan-linford-1-date-letter-1732","hallmarks/church-plate-on-loan-to-v-a-loan-linford-1-date-letter-1732-0"
"/mnt/c/Users/Assay Surface/Desktop/Kirstin Kennedy/Church plate on loan to V&A/Loan Linford 1_hallmark_1732-33.jpg","Church plate on loan to V&A","Loan Linford 1","hallmark","1732-33","1732","primary","0","church-plate-on-loan-to-v-a-loan-linford-1-hallmark-1732","hallmarks/church-plate-on-loan-to-v-a-loan-linford-1-hallmark-1732-0"
"/mnt/c/Users/Assay Surface/Desktop/Kirstin Kennedy/Church plate on loan to V&A/Loan Linford 1_hallmark_1732-33_dimensions.jpg","Church plate on loan to V&A","Loan Linford 1","hallmark","1732-33","1732","dimensions","2","church-plate-on-loan-to-v-a-loan-linford-1-hallmark-1732","hallmarks/church-plate-on-loan-to-v-a-loan-linford-1-hallmark-1732-2"
"/mnt/c/Users/Assay Surface/Desktop/Kirstin Kennedy/Church plate on loan to V&A/Loan Linford 1_hallmark_lid_1732-33.jpg","Church plate on loan to V&A","Loan Linford 1","hallmark","1732-33","1732","primary","1","church-plate-on-loan-to-v-a-loan-linford-1-hallmark-1732","hallmarks/church-plate-on-loan-to-v-a-loan-linford-1-hallmark-1732-1"
"/mnt/c/Users/Assay Surface/Desktop/Kirstin Kennedy/Church plate on loan to V&A/Loan Linford 1_hallmark_lid_1732-33_dimensions.jpg","Church plate on loan to V&A","Loan Linford 1","hallmark","1732-33","1732","dimensions","3","church-plate-on-loan-to-v-a-loan-linford-1-hallmark-1732","hallmarks/church-plate-on-loan-to-v-a-loan-linford-1-hallmark-1732-3"
"/mnt/c/Users/Assay Surface/Desktop/Kirstin Kennedy/Church plate on loan to V&A/Loan Linford 1_sterling mark_1732-33.jpg","Church plate on loan to V&A","Loan Linford 1","sterling mark","1732-33","1732","primary","0","church-plate-on-loan-to-v-a-loan-linford-1-sterling-mark-1732","hallmarks/church-plate-on-loan-to-v-a-loan-linford-1-sterling-mark-1732-0"
"/mnt/c/Users/Assay Surface/Desktop/Kirstin Kennedy/Church plate on loan to V&A/Loan Linford_date letter_base_1732-33.jpg","Church plate on loan to V&A","Loan Linford","date letter","1732-33","1732","primary","0","church-plate-on-loan-to-v-a-loan-linford-date-letter-1732","hallmarks/church-plate-on-loan-to-v-a-loan-linford-date-letter-1732-0"
"/mnt/c/Users/Assay Surface/Desktop/Kirstin Kennedy/Church plate on loan to V&A/Loan Linford_date letter_base_1732-33_dimensions.jpg","Church plate on loan to V&A","Loan Linford","date letter","1732-33","1732","dimensions","1","church-plate-on-loan-to-v-a-loan-linford-date-letter-1732","hallmarks/church-plate-on-loan-to-v-a-loan-linford-date-letter-1732-1"
"/mnt/c/Users/Assay Surface/Desktop/Kirstin Kennedy/Church plate on loan to V&A/Loan Linford_hallmark_base_1732-33.jpg","Church plate on loan to V&A","Loan Linford","hallmark","1732-33","1732","primary","0","church-plate-on-loan-to-v-a-loan-linford-hallmark-1732","hallmarks/church-plate-on-loan-to-v-a-loan-linford-hallmark-1732-0"
"/mnt/c/Users/Assay Surface/Desktop/Kirstin Kennedy/Church plate on loan to V&A/Loan Linford_hallmark_base_1732-33_dimensions.jpg","Church plate on loan to V&A","Loan Linford","hallmark","1732-33","1732","dimensions","3","church-plate-on-loan-to-v-a-loan-linford-hallmark-1732","hallmarks/church-plate-on-loan-to-v-a-loan-linford-hallmark-1732-3"
"/mnt/c/Users/Assay Surface/Desktop/Kirstin Kennedy/Church plate on loan to V&A/Loan Linford_hallmark_lid_1732-33.jpg","Church plate on loan to V&A","Loan Linford","hallmark","1732-33","1732","primary","1","church-plate-on-loan-to-v-a-loan-linford-hallmark-1732","hallmarks/church-plate-on-loan-to-v-a-loan-linford-hallmark-1732-1"
"/mnt/c/Users/Assay Surface/Desktop/Kirstin Kennedy/Church plate on loan to V&A/Loan Linford_hallmark_lid_1732-33_image 1.jpg","Church plate on loan to V&A","Loan Linford","hallmark","1732-33","1732","primary","2","church-plate-on-loan-to-v-a-loan-linford-hallmark-1732","hallmarks/church-plate-on-loan-to-v-a-loan-linford-hallmark-1732-2"
"/mnt/c/Users/Assay Surface/Desktop/Kirstin Kennedy/Church plate on loan to V&A/Loan Linford_sponsor mark_base_1732-33.jpg","Church plate on loan to V&A","Loan Linford","sponsor mark","1732-33","1732","primary","0","church-plate-on-loan-to-v-a-loan-linford-sponsor-mark-1732","hallmarks/church-plate-on-loan-to-v-a-loan-linford-sponsor-mark-1732-0"
"/mnt/c/Users/Assay Surface/Desktop/Kirstin Kennedy/Church plate on loan to V&A/Loan Linford_sponsor mark_base_detail_1.jpg","Church plate on loan to V&A","Loan Linford","sponsor mark","","","primary","1","church-plate-on-loan-to-v-a-loan-linford-sponsor-mark-unknown","hallmarks/church-plate-on-loan-to-v-a-loan-linford-sponsor-mark-unknown-1"
"/mnt/c/Users/Assay Surface/Desktop/Kirstin Kennedy/Church plate on loan to V&A/Loan Linford_sponsor mark_base_detail_2.jpg","Church plate on loan to V&A","Loan Linford","sponsor mark","","","primary","2","church-plate-on-loan-to-v-a-loan-linford-sponsor-mark-unknown","hallmarks/church-plate-on-loan-to-v-a-loan-linford-sponsor-mark-unknown-2"
"/mnt/c/Users/Assay Surface/Desktop/Kirstin Kennedy/Church plate on loan to V&A/Loan Linford_sterling mark_base_1732-33.jpg","Church plate on loan to V&A","Loan Linford","sterling mark","1732-33","1732","primary","0","church-plate-on-loan-to-v-a-loan-linford-sterling-mark-1732","hallmarks/church-plate-on-loan-to-v-a-loan-linford-sterling-mark-1732-0"
"/mnt/c/Users/Assay Surface/Desktop/Kirstin Kennedy/Church plate on loan to V&A/Loan Patshull_communion cup_Britannia mark 1724-25.jpg","Church plate on loan to V&A","Loan Patshull communion cup","britannia mark","1724-25","1724","primary","0","church-plate-on-loan-to-v-a-loan-patshull-communion-cup-britannia-mark-1724","hallmarks/church-plate-on-loan-to-v-a-loan-patshull-communion-cup-britannia-mark-1724-0"
"/mnt/c/Users/Assay Surface/Desktop/Kirstin Kennedy/Church plate on loan to V&A/Loan Patshull_communion cup_date letter 1724-25.jpg","Church plate on loan to V&A","Loan Patshull communion cup","date letter","1724-25","1724","primary","0","church-plate-on-loan-to-v-a-loan-patshull-communion-cup-date-letter-1724","hallmarks/church-plate-on-loan-to-v-a-loan-patshull-communion-cup-date-letter-1724-0"
"/mnt/c/Users/Assay Surface/Desktop/Kirstin Kennedy/Church plate on loan to V&A/Loan Patshull_communion cup_hallmark 1724-25.jpg","Church plate on loan to V&A","Loan Patshull communion cup","hallmark","1724-25","1724","primary","0","church-plate-on-loan-to-v-a-loan-patshull-communion-cup-hallmark-1724","hallmarks/church-plate-on-loan-to-v-a-loan-patshull-communion-cup-hallmark-1724-0"
"/mnt/c/Users/Assay Surface/Desktop/Kirstin Kennedy/Church plate on loan to V&A/Loan Patshull_communion cup_hallmark 1724-25_dimensions.jpg","Church plate on loan to V&A","Loan Patshull communion cup","hallmark","1724-25","1724","dimensions","1","church-plate-on-loan-to-v-a-loan-patshull-communion-cup-hallmark-1724","hallmarks/church-plate-on-loan-to-v-a-loan-patshull-communion-cup-hallmark-1724-1"
"/mnt/c/Users/Assay Surface/Desktop/Kirstin Kennedy/Church plate on loan to V&A/Loan Patshull_flagon_Britannia standard mark 1724-25.jpg","Church plate on loan to V&A","Loan Patshull flagon","britannia standard mark","1724-25","1724","primary","0","church-plate-on-loan-to-v-a-loan-patshull-flagon-britannia-standard-mark-1724","hallmarks/church-plate-on-loan-to-v-a-loan-patshull-flagon-britannia-standard-mark-1724-0"
"/mnt/c/Users/Assay Surface/Desktop/Kirstin Kennedy/Church plate on loan to V&A/Loan Patshull_flagon_base_sponsor mark 1724-25.jpg","Church plate on loan to V&A","Loan Patshull flagon base","sponsor mark","1724-25","1724","primary","0","church-plate-on-loan-to-v-a-loan-patshull-flagon-base-sponsor-mark-1724","hallmarks/church-plate-on-loan-to-v-a-loan-patshull-flagon-base-sponsor-mark-1724-0"
"/mnt/c/Users/Assay Surface/Desktop/Kirstin Kennedy/Church plate on loan to V&A/Loan Patshull_flagon_base_sponsor mark 1724-25_dimensions.jpg","Church plate on loan to V&A","Loan Patshull flagon base","sponsor mark","1724-25","1724","dimensions","1","church-plate-on-loan-to-v-a-loan-patshull-flagon-base-sponsor-mark-1724","hallmarks/church-plate-on-loan-to-v-a-loan-patshull-flagon-base-sponsor-mark-1724-1"
"/mnt/c/Users/Assay Surface/Desktop/Kirstin Kennedy/Church plate on loan to V&A/Loan Patshull_flagon_date letter 1724-25.jpg","Church plate on loan to V&A","Loan Patshull flagon","date letter","1724-25","1724","primary","0","church-plate-on-loan-to-v-a-loan-patshull-flagon-date-letter-1724","hallmarks/church-plate-on-loan-to-v-a-loan-patshull-flagon-date-letter-1724-0"
"/mnt/c/Users/Assay Surface/Desktop/Kirstin Kennedy/Church plate on loan to V&A/Loan Patshull_flagon_date letter 1724-25_dimensions.jpg","Church plate on loan to V&A","Loan Patshull flagon","date letter","1724-25","1724","dimensions","1","church-plate-on-loan-to-v-a-loan-patshull-flagon-date-letter-1724","hallmarks/church-plate-on-loan-to-v-a-loan-patshull-flagon-date-letter-1724-1"
"/mnt/c/Users/Assay Surface/Desktop/Kirstin Kennedy/Church plate on loan to V&A/Loan Patshull_flagon_hallmark 1724-25.jpg","Church plate on loan to V&A","Loan Patshull flagon","hallmark","1724-25","1724","primary","0","church-plate-on-loan-to-v-a-loan-patshull-flagon-hallmark-1724","hallmarks/church-plate-on-loan-to-v-a-loan-patshull-flagon-hallmark-1724-0"
"/mnt/c/Users/Assay Surface/Desktop/Kirstin Kennedy/Church plate on loan to V&A/Loan Patshull_flagon_hallmark 1724-25_dimensions.jpg","Church plate on loan to V&A","Loan Patshull flagon","hallmark","1724-25","1724","dimensions","1","church-plate-on-loan-to-v-a-loan-patshull-flagon-hallmark-1724","hallmarks/church-plate-on-loan-to-v-a-loan-patshull-flagon-hallmark-1724-1"
"/mnt/c/Users/Assay Surface/Desktop/Kirstin Kennedy/Church plate on loan to V&A/Loan Patshull_flagon_lid_Britannia standard mark 1724-25.jpg","Church plate on loan to V&A","Loan Patshull flagon lid","britannia standard mark","1724-25","1724","primary","0","church-plate-on-loan-to-v-a-loan-patshull-flagon-lid-britannia-standard-mark-1724","hallmarks/church-plate-on-loan-to-v-a-loan-patshull-flagon-lid-britannia-standard-mark-1724-0"
"/mnt/c/Users/Assay Surface/Desktop/Kirstin Kennedy/Church plate on loan to V&A/Loan Patshull_flagon_lid_sponsor mark 1724-25.jpg","Church plate on loan to V&A","Loan Patshull flagon lid","sponsor mark","1724-25","1724","primary","0","church-plate-on-loan-to-v-a-loan-patshull-flagon-lid-sponsor-mark-1724","hallmarks/church-plate-on-loan-to-v-a-loan-patshull-flagon-lid-sponsor-mark-1724-0"
"/mnt/c/Users/Assay Surface/Desktop/Kirstin Kennedy/Church plate on loan to V&A/Loan Patshull_flagon_lid_sponsor mark 1724-25_dimensions.jpg","Church plate on loan to V&A","Loan Patshull flagon lid","sponsor mark","1724-25","1724","dimensions","1","church-plate-on-loan-to-v-a-loan-patshull-flagon-lid-sponsor-mark-1724","hallmarks/church-plate-on-loan-to-v-a-loan-patshull-flagon-lid-sponsor-mark-1724-1"
"/mnt/c/Users/Assay Surface/Desktop/Kirstin Kennedy/Church plate on loan to V&A/Loan St Mary Aldermary 2_date letter 1622-23 dimensions.jpg","Church plate on loan to V&A","Loan St Mary Aldermary 2","date letter","1622-23","1622","dimensions","1","church-plate-on-loan-to-v-a-loan-st-mary-aldermary-2-date-letter-1622","hallmarks/church-plate-on-loan-to-v-a-loan-st-mary-aldermary-2-date-letter-1622-1"
"/mnt/c/Users/Assay Surface/Desktop/Kirstin Kennedy/Church plate on loan to V&A/Loan St Mary Aldermary 2_date letter 1622-23.jpg","Church plate on loan to V&A","Loan St Mary Aldermary 2","date letter","1622-23","1622","primary","0","church-plate-on-loan-to-v-a-loan-st-mary-aldermary-2-date-letter-1622","hallmarks/church-plate-on-loan-to-v-a-loan-st-mary-aldermary-2-date-letter-1622-0"
"/mnt/c/Users/Assay Surface/Desktop/Kirstin Kennedy/Church plate on loan to V&A/Loan St Mary Aldermary 2_hallmark 1622-23.jpg","Church plate on loan to V&A","Loan St Mary Aldermary 2","hallmark","1622-23","1622","primary","0","church-plate-on-loan-to-v-a-loan-st-mary-aldermary-2-hallmark-1622","hallmarks/church-plate-on-loan-to-v-a-loan-st-mary-aldermary-2-hallmark-1622-0"
"/mnt/c/Users/Assay Surface/Desktop/Kirstin Kennedy/Church plate on loan to V&A/Loan St Mary Aldermary 2_hallmark 1622-23_dimensions.jpg","Church plate on loan to V&A","Loan St Mary Aldermary 2","hallmark","1622-23","1622","dimensions","1","church-plate-on-loan-to-v-a-loan-st-mary-aldermary-2-hallmark-1622","hallmarks/church-plate-on-loan-to-v-a-loan-st-mary-aldermary-2-hallmark-1622-1"
"/mnt/c/Users/Assay Surface/Desktop/Kirstin Kennedy/Church plate on loan to V&A/Loan St Mary Lewisham 3_Britannia Standard_1718_19.jpg","Church plate on loan to V&A","Loan St Mary Lewisham 3","britannia standard mark","1718-19","1718","primary","0","church-plate-on-loan-to-v-a-loan-st-mary-lewisham-3-britannia-standard-mark-1718","hallmarks/church-plate-on-loan-to-v-a-loan-st-mary-lewisham-3-britannia-standard-mark-1718-0"
"/mnt/c/Users/Assay Surface/Desktop/Kirstin Kennedy/Church plate on loan to V&A/Loan St Mary Lewisham 3_date letter_1718_19.jpg","Church plate on loan to V&A","Loan St Mary Lewisham 3","date letter","1718-19","1718","primary","0","church-plate-on-loan-to-v-a-loan-st-mary-lewisham-3-date-letter-1718","hallmarks/church-plate-on-loan-to-v-a-loan-st-mary-lewisham-3-date-letter-1718-0"
"/mnt/c/Users/Assay Surface/Desktop/Kirstin Kennedy/Church plate on loan to V&A/Loan St Mary Lewisham 3_date letter_1718_19_dimensions.jpg","Church plate on loan to V&A","Loan St Mary Lewisham 3","date letter","1718-19","1718","dimensions","1","church-plate-on-loan-to-v-a-loan-st-mary-lewisham-3-date-letter-1718","hallmarks/church-plate-on-loan-to-v-a-loan-st-mary-lewisham-3-date-letter-1718-1"
"/mnt/c/Users/Assay Surface/Desktop/Kirstin Kennedy/Church plate on loan to V&A/Loan St Mary Lewisham 3_hallmark_1718_19.jpg","Church plate on loan to V&A","Loan St Mary Lewisham 3","hallmark","1718-19","1718","primary","0","church-plate-on-loan-to-v-a-loan-st-mary-lewisham-3-hallmark-1718","hallmarks/church-plate-on-loan-to-v-a-loan-st-mary-lewisham-3-hallmark-1718-0"
"/mnt/c/Users/Assay Surface/Desktop/Kirstin Kennedy/Church plate on loan to V&A/Loan St Mary Lewisham 3_hallmark_1718_19_dimensions.jpg","Church plate on loan to V&A","Loan St Mary Lewisham 3","hallmark","1718-19","1718","dimensions","1","church-plate-on-loan-to-v-a-loan-st-mary-lewisham-3-hallmark-1718","hallmarks/church-plate-on-loan-to-v-a-loan-st-mary-lewisham-3-hallmark-1718-1"
"/mnt/c/Users/Assay Surface/Desktop/Kirstin Kennedy/Church plate on loan to V&A/Loan St Mary Lewisham 6_hallmark 1735.jpg","Church plate on loan to V&A","Loan St Mary Lewisham 6","hallmark","1735","1735","primary","0","church-plate-on-loan-to-v-a-loan-st-mary-lewisham-6-hallmark-1735","hallmarks/church-plate-on-loan-to-v-a-loan-st-mary-lewisham-6-hallmark-1735-0"
"/mnt/c/Users/Assay Surface/Desktop/Kirstin Kennedy/Church plate on loan to V&A/Loan St Mary Lewisham 6_hallmark 1735_dimension.jpg","Church plate on loan to V&A","Loan St Mary Lewisham 6","hallmark","1735","1735","dimensions","1","church-plate-on-loan-to-v-a-loan-st-mary-lewisham-6-hallmark-1735","hallmarks/church-plate-on-loan-to-v-a-loan-st-mary-lewisham-6-hallmark-1735-1"
"/mnt/c/Users/Assay Surface/Desktop/Kirstin Kennedy/Church plate on loan to V&A/Loan St Peter Petersham 1 date letter.jpg","Church plate on loan to V&A","Loan St Peter Petersham 1","date letter","","","primary","0","church-plate-on-loan-to-v-a-loan-st-peter-petersham-1-date-letter-unknown","hallmarks/church-plate-on-loan-to-v-a-loan-st-peter-petersham-1-date-letter-unknown-0"
"/mnt/c/Users/Assay Surface/Desktop/Kirstin Kennedy/Church plate on loan to V&A/Loan St Peter Petersham 1 date letter_dimension.jpg","Church plate on loan to V&A","Loan St Peter Petersham 1","date letter","","","dimensions","1","church-plate-on-loan-to-v-a-loan-st-peter-petersham-1-date-letter-unknown","hallmarks/church-plate-on-loan-to-v-a-loan-st-peter-petersham-1-date-letter-unknown-1"
"/mnt/c/Users/Assay Surface/Desktop/Kirstin Kennedy/Church plate on loan to V&A/Loan St Peter Petersham_1_hallmark 1640-41 dimensions.jpg","Church plate on loan to V&A","Loan St Peter Petersham 1","hallmark","1640-41","1640","dimensions","1","church-plate-on-loan-to-v-a-loan-st-peter-petersham-1-hallmark-1640","hallmarks/church-plate-on-loan-to-v-a-loan-st-peter-petersham-1-hallmark-1640-1"
"/mnt/c/Users/Assay Surface/Desktop/Kirstin Kennedy/Church plate on loan to V&A/Loan St Peter Petersham_1_hallmark 1640-41.jpg","Church plate on loan to V&A","Loan St Peter Petersham 1","hallmark","1640-41","1640","primary","0","church-plate-on-loan-to-v-a-loan-st-peter-petersham-1-hallmark-1640","hallmarks/church-plate-on-loan-to-v-a-loan-st-peter-petersham-1-hallmark-1640-0"
"/mnt/c/Users/Assay Surface/Desktop/Kirstin Kennedy/Church plate on loan to V&A/Loan West Drayton 3_Britannia standard mark.jpg","Church plate on loan to V&A","Loan West Drayton 3","britannia standard mark","","","primary","0","church-plate-on-loan-to-v-a-loan-west-drayton-3-britannia-standard-mark-unknown","hallmarks/church-plate-on-loan-to-v-a-loan-west-drayton-3-britannia-standard-mark-unknown-0"
"/mnt/c/Users/Assay Surface/Desktop/Kirstin Kennedy/Church plate on loan to V&A/Loan West Drayton 3_Hallmark 1727_28.jpg","Church plate on loan to V&A","Loan West Drayton 3","hallmark","1727-28","1727","primary","0","church-plate-on-loan-to-v-a-loan-west-drayton-3-hallmark-1727","hallmarks/church-plate-on-loan-to-v-a-loan-west-drayton-3-hallmark-1727-0"
"/mnt/c/Users/Assay Surface/Desktop/Kirstin Kennedy/Church plate on loan to V&A/Loan West Drayton 3_Hallmark 1727_28_dimensions.jpg","Church plate on loan to V&A","Loan West Drayton 3","hallmark","1727-28","1727","dimensions","1","church-plate-on-loan-to-v-a-loan-west-drayton-3-hallmark-1727","hallmarks/church-plate-on-loan-to-v-a-loan-west-drayton-3-hallmark-1727-1"
"/mnt/c/Users/Assay Surface/Desktop/Kirstin Kennedy/Church plate on loan to V&A/Loan West Drayton 3_date letter 12_28_lid_dimensions.jpg","Church plate on loan to V&A","Loan West Drayton 3","date letter","","","dimensions","0","church-plate-on-loan-to-v-a-loan-west-drayton-3-date-letter-unknown","hallmarks/church-plate-on-loan-to-v-a-loan-west-drayton-3-date-letter-unknown-0"
"/mnt/c/Users/Assay Surface/Desktop/Kirstin Kennedy/Church plate on loan to V&A/Loan West Drayton 3_date letter 1727_28.jpg","Church plate on loan to V&A","Loan West Drayton 3","date letter","1727-28","1727","primary","1","church-plate-on-loan-to-v-a-loan-west-drayton-3-date-letter-1727","hallmarks/church-plate-on-loan-to-v-a-loan-west-drayton-3-date-letter-1727-1"
"/mnt/c/Users/Assay Surface/Desktop/Kirstin Kennedy/Church plate on loan to V&A/Loan West Drayton 3_date letter 1727_28_dimensions.jpg","Church plate on loan to V&A","Loan West Drayton 3","date letter","1727-28","1727","dimensions","2","church-plate-on-loan-to-v-a-loan-west-drayton-3-date-letter-1727","hallmarks/church-plate-on-loan-to-v-a-loan-west-drayton-3-date-letter-1727-2"
"/mnt/c/Users/Assay Surface/Desktop/Kirstin Kennedy/Church plate on loan to V&A/Loan West Drayton 3_date letter 1727_28_lid.jpg","Church plate on loan to V&A","Loan West Drayton 3","date letter","1727-28","1727","primary","0","church-plate-on-loan-to-v-a-loan-west-drayton-3-date-letter-1727","hallmarks/church-plate-on-loan-to-v-a-loan-west-drayton-3-date-letter-1727-0"
"/mnt/c/Users/Assay Surface/Desktop/Kirstin Kennedy/Church plate on loan to V&A/Loan West Drayton 3_sponsor mark Paul de Lamerie on handle.jpg","Church plate on loan to V&A","Loan West Drayton 3","sponsor mark","","","primary","0","church-plate-on-loan-to-v-a-loan-west-drayton-3-sponsor-mark-unknown","hallmarks/church-plate-on-loan-to-v-a-loan-west-drayton-3-sponsor-mark-unknown-0"
"/mnt/c/Users/Assay Surface/Desktop/Kirstin Kennedy/Church plate on loan to V&A/Loan West Drayton 3_sponsor mark Paul de Lamerie on handle_dimensions.jpg","Church plate on loan to V&A","Loan West Drayton 3","sponsor mark","","","dimensions","2","church-plate-on-loan-to-v-a-loan-west-drayton-3-sponsor-mark-unknown","hallmarks/church-plate-on-loan-to-v-a-loan-west-drayton-3-sponsor-mark-unknown-2"
"/mnt/c/Users/Assay Surface/Desktop/Kirstin Kennedy/Church plate on loan to V&A/Loan West Drayton 3_sponsor mark Paul de Lamerie.jpg","Church plate on loan to V&A","Loan West Drayton 3","sponsor mark","","","primary","1","church-plate-on-loan-to-v-a-loan-west-drayton-3-sponsor-mark-unknown","hallmarks/church-plate-on-loan-to-v-a-loan-west-drayton-3-sponsor-mark-unknown-1"
"/mnt/c/Users/Assay Surface/Desktop/Kirstin Kennedy/Church plate on loan to V&A/Loan West Drayton 3_sponsor mark Paul de Lamerie_dimensions.jpg","Church plate on loan to V&A","Loan West Drayton 3","sponsor mark","","","dimensions","3","church-plate-on-loan-to-v-a-loan-west-drayton-3-sponsor-mark-unknown","hallmarks/church-plate-on-loan-to-v-a-loan-west-drayton-3-sponsor-mark-unknown-3"
"/mnt/c/Users/Assay Surface/Desktop/Kirstin Kennedy/Church plate on loan to V&A/Loan West Drayton 4_Britannia Standard mark.jpg","Church plate on loan to V&A","Loan West Drayton 4","britannia standard mark","","","primary","0","church-plate-on-loan-to-v-a-loan-west-drayton-4-britannia-standard-mark-unknown","hallmarks/church-plate-on-loan-to-v-a-loan-west-drayton-4-britannia-standard-mark-unknown-0"
"/mnt/c/Users/Assay Surface/Desktop/Kirstin Kennedy/Church plate on loan to V&A/Loan West Drayton 4_date letter 11727_28_dimensions.jpg","Church plate on loan to V&A","Loan West Drayton 4","date letter","","","dimensions","0","church-plate-on-loan-to-v-a-loan-west-drayton-4-date-letter-unknown","hallmarks/church-plate-on-loan-to-v-a-loan-west-drayton-4-date-letter-unknown-0"
"/mnt/c/Users/Assay Surface/Desktop/Kirstin Kennedy/Church plate on loan to V&A/Loan West Drayton 4_date letter 1727_28.jpg","Church plate on loan to V&A","Loan West Drayton 4","date letter","1727-28","1727","primary","0","church-plate-on-loan-to-v-a-loan-west-drayton-4-date-letter-1727","hallmarks/church-plate-on-loan-to-v-a-loan-west-drayton-4-date-letter-1727-0"
"/mnt/c/Users/Assay Surface/Desktop/Kirstin Kennedy/Church plate on loan to V&A/Loan West Drayton 4_hallmark 1727_28.jpg","Church plate on loan to V&A","Loan West Drayton 4","hallmark","1727-28","1727","primary","0","church-plate-on-loan-to-v-a-loan-west-drayton-4-hallmark-1727","hallmarks/church-plate-on-loan-to-v-a-loan-west-drayton-4-hallmark-1727-0"
"/mnt/c/Users/Assay Surface/Desktop/Kirstin Kennedy/Church plate on loan to V&A/Loan West Drayton 4_hallmark 1727_28_dimensions.jpg","Church plate on loan to V&A","Loan West Drayton 4","hallmark","1727-28","1727","dimensions","1","church-plate-on-loan-to-v-a-loan-west-drayton-4-hallmark-1727","hallmarks/church-plate-on-loan-to-v-a-loan-west-drayton-4-hallmark-1727-1"
"/mnt/c/Users/Assay Surface/Desktop/Kirstin Kennedy/Church plate on loan to V&A/Loan West Drayton 4_sponsors mark_paten.jpg","Church plate on loan to V&A","Loan West Drayton 4","sponsor mark","","","primary","0","church-plate-on-loan-to-v-a-loan-west-drayton-4-sponsor-mark-unknown","hallmarks/church-plate-on-loan-to-v-a-loan-west-drayton-4-sponsor-mark-unknown-0"
"/mnt/c/Users/Assay Surface/Desktop/Kirstin Kennedy/Church plate on loan to V&A/Loan West Drayton 4_sponsors mark_paten_dimensions.jpg","Church plate on loan to V&A","Loan West Drayton 4","sponsor mark","","","dimensions","1","church-plate-on-loan-to-v-a-loan-west-drayton-4-sponsor-mark-unknown","hallmarks/church-plate-on-loan-to-v-a-loan-west-drayton-4-sponsor-mark-unknown-1"
"/mnt/c/Users/Assay Surface/Desktop/Kirstin Kennedy/Church plate on loan to V&A/Loan Woolnoth_1._date letter 1587.jpg","Church plate on loan to V&A","Loan Woolnoth 1.","date letter","1587","1587","primary","0","church-plate-on-loan-to-v-a-loan-woolnoth-1-date-letter-1587","hallmarks/church-plate-on-loan-to-v-a-loan-woolnoth-1-date-letter-1587-0"
"/mnt/c/Users/Assay Surface/Desktop/Kirstin Kennedy/Church plate on loan to V&A/Loan_Braintree_paten lid_date letter with dimension.jpg","Church plate on loan to V&A","Loan Braintree paten lid","date letter","","","dimensions","0","church-plate-on-loan-to-v-a-loan-braintree-paten-lid-date-letter-unknown","hallmarks/church-plate-on-loan-to-v-a-loan-braintree-paten-lid-date-letter-unknown-0"
"/mnt/c/Users/Assay Surface/Desktop/Kirstin Kennedy/Church plate on loan to V&A/Loan_Braintree_paten lid_hallmark.jpg","Church plate on loan to V&A","Loan Braintree paten lid","hallmark","","","primary","0","church-plate-on-loan-to-v-a-loan-braintree-paten-lid-hallmark-unknown","hallmarks/church-plate-on-loan-to-v-a-loan-braintree-paten-lid-hallmark-unknown-0"
"/mnt/c/Users/Assay Surface/Desktop/Kirstin Kennedy/Church plate on loan to V&A/Loan_Braintree_paten lid_hallmark_dimension.jpg","Church plate on loan to V&A","Loan Braintree paten lid","hallmark","","","dimensions","1","church-plate-on-loan-to-v-a-loan-braintree-paten-lid-hallmark-unknown","hallmarks/church-plate-on-loan-to-v-a-loan-braintree-paten-lid-hallmark-unknown-1"
"/mnt/c/Users/Assay Surface/Desktop/Kirstin Kennedy/Church plate on loan to V&A/Loan_Braintree_paten lid_standard mark with dimension.jpg","Church plate on loan to V&A","Loan Braintree paten lid","standard mark","","","dimensions","0","church-plate-on-loan-to-v-a-loan-braintree-paten-lid-standard-mark-unknown","hallmarks/church-plate-on-loan-to-v-a-loan-braintree-paten-lid-standard-mark-unknown-0"
"/mnt/c/Users/Assay Surface/Desktop/Kirstin Kennedy/Church plate on loan to V&A/Loan_Easton Maudit 1 paten hallmark_reverse.jpg","Church plate on loan to V&A","Loan Easton Maudit 1 paten","hallmark","","","primary","0","church-plate-on-loan-to-v-a-loan-easton-maudit-1-paten-hallmark-unknown","hallmarks/church-plate-on-loan-to-v-a-loan-easton-maudit-1-paten-hallmark-unknown-0"
"/mnt/c/Users/Assay Surface/Desktop/Kirstin Kennedy/Church plate on loan to V&A/Loan_Woolnoth .1_hallmark 587_flagon lid.jpg","Church plate on loan to V&A","Loan Woolnoth .1","hallmark","","","primary","0","church-plate-on-loan-to-v-a-loan-woolnoth-1-hallmark-unknown","hallmarks/church-plate-on-loan-to-v-a-loan-woolnoth-1-hallmark-unknown-0"
"/mnt/c/Users/Assay Surface/Desktop/Kirstin Kennedy/Church plate on loan to V&A/Loan_Woolnoth.1_date letter_1587_dimension.jpg","Church plate on loan to V&A","Loan Woolnoth.1","date letter","1587","1587","dimensions","2","church-plate-on-loan-to-v-a-loan-woolnoth-1-date-letter-1587","hallmarks/church-plate-on-loan-to-v-a-loan-woolnoth-1-date-letter-1587-2"
"/mnt/c/Users/Assay Surface/Desktop/Kirstin Kennedy/Church plate on loan to V&A/Loan_Woolnoth.1_date letter_1587_lid.jpg","Church plate on loan to V&A","Loan Woolnoth.1","date letter","1587","1587","primary","1","church-plate-on-loan-to-v-a-loan-woolnoth-1-date-letter-1587","hallmarks/church-plate-on-loan-to-v-a-loan-woolnoth-1-date-letter-1587-1"
"/mnt/c/Users/Assay Surface/Desktop/Kirstin Kennedy/Church plate on loan to V&A/Loan_Woolnoth.1_hallmark 1587.jpg","Church plate on loan to V&A","Loan Woolnoth.1","hallmark","1587","1587","primary","0","church-plate-on-loan-to-v-a-loan-woolnoth-1-hallmark-1587","hallmarks/church-plate-on-loan-to-v-a-loan-woolnoth-1-hallmark-1587-0"
"/mnt/c/Users/Assay Surface/Desktop/Kirstin Kennedy/Church plate on loan to V&A/Loan_Woolnoth.1_hallmark 1587_dimension.jpg","Church plate on loan to V&A","Loan Woolnoth.1","hallmark","1587","1587","dimensions","1","church-plate-on-loan-to-v-a-loan-woolnoth-1-hallmark-1587","hallmarks/church-plate-on-loan-to-v-a-loan-woolnoth-1-hallmark-1587-1"
"/mnt/c/Users/Assay Surface/Desktop/Kirstin Kennedy/Church plate on loan to V&A/Loan_Woolnoth.1_hallmark_1587_lid of flagon_dimension.jpg","Church plate on loan to V&A","Loan Woolnoth.1","hallmark","1587","1587","dimensions","2","church-plate-on-loan-to-v-a-loan-woolnoth-1-hallmark-1587","hallmarks/church-plate-on-loan-to-v-a-loan-woolnoth-1-hallmark-1587-2"
"/mnt/c/Users/Assay Surface/Desktop/Kirstin Kennedy/Church plate on loan to V&A/Loan_Woolnoth.1_sterling mark_1587.jpg","Church plate on loan to V&A","Loan Woolnoth.1","sterling mark","1587","1587","primary","0","church-plate-on-loan-to-v-a-loan-woolnoth-1-sterling-mark-1587","hallmarks/church-plate-on-loan-to-v-a-loan-woolnoth-1-sterling-mark-1587-0"
"/mnt/c/Users/Assay Surface/Desktop/Kirstin Kennedy/Church plate on loan to V&A/Loan_Woolnoth.1_sterling mark_1587_dimension.jpg","Church plate on loan to V&A","Loan Woolnoth.1","sterling mark","1587","1587","dimensions","1","church-plate-on-loan-to-v-a-loan-woolnoth-1-sterling-mark-1587","hallmarks/church-plate-on-loan-to-v-a-loan-woolnoth-1-sterling-mark-1587-1"
"/mnt/c/Users/Assay Surface/Desktop/Kirstin Kennedy/Church plate on loan to V&A/Loan_Woolnoth.1_sterling mark_lid of flagon.jpg","Church plate on loan to V&A","Loan Woolnoth.1","sterling mark","","","primary","0","church-plate-on-loan-to-v-a-loan-woolnoth-1-sterling-mark-unknown","hallmarks/church-plate-on-loan-to-v-a-loan-woolnoth-1-sterling-mark-unknown-0"
"/mnt/c/Users/Assay Surface/Desktop/Kirstin Kennedy/Church plate on loan to V&A/Loan_Woolnoth.1_sterling mark_lid of flagon_dimension.jpg","Church plate on loan to V&A","Loan Woolnoth.1","sterling mark","","","dimensions","1","church-plate-on-loan-to-v-a-loan-woolnoth-1-sterling-mark-unknown","hallmarks/church-plate-on-loan-to-v-a-loan-woolnoth-1-sterling-mark-unknown-1"
"/mnt/c/Users/Assay Surface/Desktop/Kirstin Kennedy/Church plate on loan to V&A/Loan_Woolnoth._date letter_lid_dimension.jpg","Church plate on loan to V&A","Loan Woolnoth.","date letter","","","dimensions","0","church-plate-on-loan-to-v-a-loan-woolnoth-date-letter-unknown","hallmarks/church-plate-on-loan-to-v-a-loan-woolnoth-date-letter-unknown-0"
"/mnt/c/Users/Assay Surface/Desktop/Kirstin Kennedy/Church plate on loan to V&A/St Augustine 11_date letter_1729-30.jpg","Church plate on loan to V&A","St Augustine 11","date letter","1729-30","1729","primary","0","church-plate-on-loan-to-v-a-st-augustine-11-date-letter-1729","hallmarks/church-plate-on-loan-to-v-a-st-augustine-11-date-letter-1729-0"
"/mnt/c/Users/Assay Surface/Desktop/Kirstin Kennedy/Church plate on loan to V&A/St Augustine 11_date letter_1729-30_dimensions.jpg","Church plate on loan to V&A","St Augustine 11","date letter","1729-30","1729","dimensions","1","church-plate-on-loan-to-v-a-st-augustine-11-date-letter-1729","hallmarks/church-plate-on-loan-to-v-a-st-augustine-11-date-letter-1729-1"
"/mnt/c/Users/Assay Surface/Desktop/Kirstin Kennedy/Church plate on loan to V&A/St Augustine 11_hallmark_1729-30.jpg","Church plate on loan to V&A","St Augustine 11","hallmark","1729-30","1729","primary","0","church-plate-on-loan-to-v-a-st-augustine-11-hallmark-1729","hallmarks/church-plate-on-loan-to-v-a-st-augustine-11-hallmark-1729-0"
"/mnt/c/Users/Assay Surface/Desktop/Kirstin Kennedy/Church plate on loan to V&A/St Augustine 11_hallmark_1729-30_dimensions.jpg","Church plate on loan to V&A","St Augustine 11","hallmark","1729-30","1729","dimensions","1","church-plate-on-loan-to-v-a-st-augustine-11-hallmark-1729","hallmarks/church-plate-on-loan-to-v-a-st-augustine-11-hallmark-1729-1"
"/mnt/c/Users/Assay Surface/Desktop/Kirstin Kennedy/Church plate on loan to V&A/St Augustine 11_sterling mark_1729-30.jpg","Church plate on loan to V&A","St Augustine 11","sterling mark","1729-30","1729","primary","0","church-plate-on-loan-to-v-a-st-augustine-11-sterling-mark-1729","hallmarks/church-plate-on-loan-to-v-a-st-augustine-11-sterling-mark-1729-0"
"/mnt/c/Users/Assay Surface/Desktop/Kirstin Kennedy/Church plate on loan to V&A/St Mary Lambeth 2_date letter_cup rim_1638-9_dimensions.jpg","Church plate on loan to V&A","St Mary Lambeth 2","date letter","1638-9","1638","dimensions","2","church-plate-on-loan-to-v-a-st-mary-lambeth-2-date-letter-1638","hallmarks/church-plate-on-loan-to-v-a-st-mary-lambeth-2-date-letter-1638-2"
"/mnt/c/Users/Assay Surface/Desktop/Kirstin Kennedy/Church plate on loan to V&A/St Mary Lambeth 2_date letter_cup_1638-9.jpg","Church plate on loan to V&A","St Mary Lambeth 2","date letter","1638-9","1638","primary","0","church-plate-on-loan-to-v-a-st-mary-lambeth-2-date-letter-1638","hallmarks/church-plate-on-loan-to-v-a-st-mary-lambeth-2-date-letter-1638-0"
"/mnt/c/Users/Assay Surface/Desktop/Kirstin Kennedy/Church plate on loan to V&A/St Mary Lambeth 2_date letter_under foot_1638-9_dimensions.jpg","Church plate on loan to V&A","St Mary Lambeth 2","date letter","1638-9","1638","dimensions","3","church-plate-on-loan-to-v-a-st-mary-lambeth-2-date-letter-1638","hallmarks/church-plate-on-loan-to-v-a-st-mary-lambeth-2-date-letter-1638-3"
"/mnt/c/Users/Assay Surface/Desktop/Kirstin Kennedy/Church plate on loan to V&A/St Mary Lambeth 2_date letter_underside cup_1638-9.jpg","Church plate on loan to V&A","St Mary Lambeth 2","date letter","1638-9","1638","primary","1","church-plate-on-loan-to-v-a-st-mary-lambeth-2-date-letter-1638","hallmarks/church-plate-on-loan-to-v-a-st-mary-lambeth-2-date-letter-1638-1"
"/mnt/c/Users/Assay Surface/Desktop/Kirstin Kennedy/Church plate on loan to V&A/St Mary Lambeth 2_hallmark_1638-9.jpg","Church plate on loan to V&A","St Mary Lambeth 2","hallmark","1638-9","1638","primary","0","church-plate-on-loan-to-v-a-st-mary-lambeth-2-hallmark-1638","hallmarks/church-plate-on-loan-to-v-a-st-mary-lambeth-2-hallmark-1638-0"
"/mnt/c/Users/Assay Surface/Desktop/Kirstin Kennedy/Church plate on loan to V&A/St Mary Lambeth 2_hallmark_1638-9_dimensions.jpg","Church plate on loan to V&A","St Mary Lambeth 2","hallmark","1638-9","1638","dimensions","1","church-plate-on-loan-to-v-a-st-mary-lambeth-2-hallmark-1638","hallmarks/church-plate-on-loan-to-v-a-st-mary-lambeth-2-hallmark-1638-1"
"/mnt/c/Users/Assay Surface/Desktop/Kirstin Kennedy/Church plate on loan to V&A/St Mary Lambeth 2_sterling mark_cup_1638-9.jpg","Church plate on loan to V&A","St Mary Lambeth 2","sterling mark","1638-9","1638","primary","0","church-plate-on-loan-to-v-a-st-mary-lambeth-2-sterling-mark-1638","hallmarks/church-plate-on-loan-to-v-a-st-mary-lambeth-2-sterling-mark-1638-0"
"/mnt/c/Users/Assay Surface/Desktop/Kirstin Kennedy/Church plate on loan to V&A/St Mary Lambeth 2_sterling mark_under foot_1638-9.jpg","Church plate on loan to V&A","St Mary Lambeth 2","sterling mark","1638-9","1638","primary","1","church-plate-on-loan-to-v-a-st-mary-lambeth-2-sterling-mark-1638","hallmarks/church-plate-on-loan-to-v-a-st-mary-lambeth-2-sterling-mark-1638-1"
"/mnt/c/Users/Assay Surface/Desktop/Kirstin Kennedy/Church plate on loan to V&A/St Michael P_date letter 1608-09.jpg","Church plate on loan to V&A","St Michael P","date letter","1608-09","1608","primary","0","church-plate-on-loan-to-v-a-st-michael-p-date-letter-1608","hallmarks/church-plate-on-loan-to-v-a-st-michael-p-date-letter-1608-0"
"/mnt/c/Users/Assay Surface/Desktop/Kirstin Kennedy/Church plate on loan to V&A/St Michael P_hallmark 1608-09.jpg","Church plate on loan to V&A","St Michael P","hallmark","1608-09","1608","primary","0","church-plate-on-loan-to-v-a-st-michael-p-hallmark-1608","hallmarks/church-plate-on-loan-to-v-a-st-michael-p-hallmark-1608-0"
"/mnt/c/Users/Assay Surface/Desktop/Kirstin Kennedy/Church plate on loan to V&A/St Michael P_hallmark 1608-09_dimensions.jpg","Church plate on loan to V&A","St Michael P","hallmark","1608-09","1608","dimensions","2","church-plate-on-loan-to-v-a-st-michael-p-hallmark-1608","hallmarks/church-plate-on-loan-to-v-a-st-michael-p-hallmark-1608-2"
"/mnt/c/Users/Assay Surface/Desktop/Kirstin Kennedy/Church plate on loan to V&A/St Michael P_hallmark_back_1608-9.jpg","Church plate on loan to V&A","St Michael P","hallmark","1608-9","1608","primary","1","church-plate-on-loan-to-v-a-st-michael-p-hallmark-1608","hallmarks/church-plate-on-loan-to-v-a-st-michael-p-hallmark-1608-1"
"/mnt/c/Users/Assay Surface/Desktop/Kirstin Kennedy/Church plate on loan to V&A/St Michael P_sterling mark 1608-09.jpg","Church plate on loan to V&A","St Michael P","sterling mark","1608-09","1608","primary","0","church-plate-on-loan-to-v-a-st-michael-p-sterling-mark-1608","hallmarks/church-plate-on-loan-to-v-a-st-michael-p-sterling-mark-1608-0"
"/mnt/c/Users/Assay Surface/Desktop/Kirstin Kennedy/Clothworkers' Plate/Fitch cup_date letter_1826-27.jpg","Clothworkers' Plate","Fitch cup","date letter","1826-27","1826","primary","0","clothworkers-plate-fitch-cup-date-letter-1826","hallmarks/clothworkers-plate-fitch-cup-date-letter-1826-0"
"/mnt/c/Users/Assay Surface/Desktop/Kirstin Kennedy/Clothworkers' Plate/Fitch cup_hallmark 1826-27.jpg","Clothworkers' Plate","Fitch cup","hallmark","1826-27","1826","primary","0","clothworkers-plate-fitch-cup-hallmark-1826","hallmarks/clothworkers-plate-fitch-cup-hallmark-1826-0"
"/mnt/c/Users/Assay Surface/Desktop/Kirstin Kennedy/Clothworkers' Plate/Fitch cup_standard mark 1826-27.jpg","Clothworkers' Plate","Fitch cup","standard mark","1826-27","1826","primary","0","clothworkers-plate-fitch-cup-standard-mark-1826","hallmarks/clothworkers-plate-fitch-cup-standard-mark-1826-0"
"/mnt/c/Users/Assay Surface/Desktop/Kirstin Kennedy/Clothworkers' Plate/Portal cup_date letter 1761-62.jpg","Clothworkers' Plate","Portal cup","date letter","1761-62","1761","primary","0","clothworkers-plate-portal-cup-date-letter-1761","hallmarks/clothworkers-plate-portal-cup-date-letter-1761-0"
"/mnt/c/Users/Assay Surface/Desktop/Kirstin Kennedy/Clothworkers' Plate/Portal cup_hallmark_1761-62.jpg","Clothworkers' Plate","Portal cup","hallmark","1761-62","1761","primary","0","clothworkers-plate-portal-cup-hallmark-1761","hallmarks/clothworkers-plate-portal-cup-hallmark-1761-0"
"/mnt/c/Users/Assay Surface/Desktop/Kirstin Kennedy/Clothworkers' Plate/Portal cup_standard mark_1761-62.jpg","Clothworkers' Plate","Portal cup","standard mark","1761-62","1761","primary","0","clothworkers-plate-portal-cup-standard-mark-1761","hallmarks/clothworkers-plate-portal-cup-standard-mark-1761-0"
"/mnt/c/Users/Assay Surface/Desktop/Kirstin Kennedy/Drapers' Company. Images of Plate/2-light candelabrum_date letter 1797-98.jpg","Drapers' Company. Images of Plate","2-light candelabrum","date letter","1797-98","1797","primary","0","drapers-company-images-of-plate-2-light-candelabrum-date-letter-1797","hallmarks/drapers-company-images-of-plate-2-light-candelabrum-date-letter-1797-0"
"/mnt/c/Users/Assay Surface/Desktop/Kirstin Kennedy/Drapers' Company. Images of Plate/2-light candelabrum_date letter 1797-98_dimensions.jpg","Drapers' Company. Images of Plate","2-light candelabrum","date letter","1797-98","1797","dimensions","1","drapers-company-images-of-plate-2-light-candelabrum-date-letter-1797","hallmarks/drapers-company-images-of-plate-2-light-candelabrum-date-letter-1797-1"
"/mnt/c/Users/Assay Surface/Desktop/Kirstin Kennedy/Drapers' Company. Images of Plate/2-light candelabrum_duty mark_1797-98.jpg","Drapers' Company. Images of Plate","2-light candelabrum","duty mark","1797-98","1797","primary","0","drapers-company-images-of-plate-2-light-candelabrum-duty-mark-1797","hallmarks/drapers-company-images-of-plate-2-light-candelabrum-duty-mark-1797-0"
"/mnt/c/Users/Assay Surface/Desktop/Kirstin Kennedy/Drapers' Company. Images of Plate/2-light candelabrum_hallmark 1797-98.jpg","Drapers' Company. Images of Plate","2-light candelabrum","hallmark","1797-98","1797","primary","0","drapers-company-images-of-plate-2-light-candelabrum-hallmark-1797","hallmarks/drapers-company-images-of-plate-2-light-candelabrum-hallmark-1797-0"
"/mnt/c/Users/Assay Surface/Desktop/Kirstin Kennedy/Drapers' Company. Images of Plate/2-light candelabrum_hallmark 1797-98_dimensions.jpg","Drapers' Company. Images of Plate","2-light candelabrum","hallmark","1797-98","1797","dimensions","1","drapers-company-images-of-plate-2-light-candelabrum-hallmark-1797","hallmarks/drapers-company-images-of-plate-2-light-candelabrum-hallmark-1797-1"
"/mnt/c/Users/Assay Surface/Desktop/Kirstin Kennedy/Drapers' Company. Images of Plate/2-light candelabrum_standard mark 1797-98.jpg","Drapers' Company. Images of Plate","2-light candelabrum","standard mark","1797-98","1797","primary","0","drapers-company-images-of-plate-2-light-candelabrum-standard-mark-1797","hallmarks/drapers-company-images-of-plate-2-light-candelabrum-standard-mark-1797-0"
"/mnt/c/Users/Assay Surface/Desktop/Kirstin Kennedy/Drapers' Company. Images of Plate/Austin Harris Tigerware jug_Exeter townmark_c.1590.jpg","Drapers' Company. Images of Plate","Austin Harris Tigerware jug Exeter","townmark","c.1590","1590","primary","0","drapers-company-images-of-plate-austin-harris-tigerware-jug-exeter-townmark-1590","hallmarks/drapers-company-images-of-plate-austin-harris-tigerware-jug-exeter-townmark-1590-0"
"/mnt/c/Users/Assay Surface/Desktop/Kirstin Kennedy/Drapers' Company. Images of Plate/Austin Harris Tigerware jug_Exeter_c.1590_additional mark 1.jpg","Drapers' Company. Images of Plate","Austin Harris Tigerware jug Exeter","additional mark","c.1590","1590","primary","0","drapers-company-images-of-plate-austin-harris-tigerware-jug-exeter-additional-mark-1590","hallmarks/drapers-company-images-of-plate-austin-harris-tigerware-jug-exeter-additional-mark-1590-0"
"/mnt/c/Users/Assay Surface/Desktop/Kirstin Kennedy/Drapers' Company. Images of Plate/Austin Harris Tigerware jug_Exeter_c.1590_additional mark 2.jpg","Drapers' Company. Images of Plate","Austin Harris Tigerware jug Exeter","additional mark","c.1590","1590","primary","1","drapers-company-images-of-plate-austin-harris-tigerware-jug-exeter-additional-mark-1590","hallmarks/drapers-company-images-of-plate-austin-harris-tigerware-jug-exeter-additional-mark-1590-1"
"/mnt/c/Users/Assay Surface/Desktop/Kirstin Kennedy/Drapers' Company. Images of Plate/Barrett tankard_date letter_1681-82_dimensions.jpg","Drapers' Company. Images of Plate","Barrett tankard","date letter","1681-82","1681","dimensions","0","drapers-company-images-of-plate-barrett-tankard-date-letter-1681","hallmarks/drapers-company-images-of-plate-barrett-tankard-date-letter-1681-0"
"/mnt/c/Users/Assay Surface/Desktop/Kirstin Kennedy/Drapers' Company. Images of Plate/Barrett tankard_hallmark_1681-82.jpg","Drapers' Company. Images of Plate","Barrett tankard","hallmark","1681-82","1681","primary","0","drapers-company-images-of-plate-barrett-tankard-hallmark-1681","hallmarks/drapers-company-images-of-plate-barrett-tankard-hallmark-1681-0"
"/mnt/c/Users/Assay Surface/Desktop/Kirstin Kennedy/Drapers' Company. Images of Plate/Barrett tankard_hallmark_1681-82_dimensions.jpg","Drapers' Company. Images of Plate","Barrett tankard","hallmark","1681-82","1681","dimensions","1","drapers-company-images-of-plate-barrett-tankard-hallmark-1681","hallmarks/drapers-company-images-of-plate-barrett-tankard-hallmark-1681-1"
"/mnt/c/Users/Assay Surface/Desktop/Kirstin Kennedy/Drapers' Company. Images of Plate/Barrett tankard_sterling mark_1681-82.jpg","Drapers' Company. Images of Plate","Barrett tankard","sterling mark","1681-82","1681","primary","0","drapers-company-images-of-plate-barrett-tankard-sterling-mark-1681","hallmarks/drapers-company-images-of-plate-barrett-tankard-sterling-mark-1681-0"
"/mnt/c/Users/Assay Surface/Desktop/Kirstin Kennedy/Drapers' Company. Images of Plate/Brand cup_date letter_foot_1713-14.jpg","Drapers' Company. Images of Plate","Brand cup","date letter","1713-14","1713","primary","0","drapers-company-images-of-plate-brand-cup-date-letter-1713","hallmarks/drapers-company-images-of-plate-brand-cup-date-letter-1713-0"
"/mnt/c/Users/Assay Surface/Desktop/Kirstin Kennedy/Drapers' Company. Images of Plate/Brand cup_date letter_foot_1713-14_dimensions.jpg","Drapers' Company. Images of Plate","Brand cup","date letter","1713-14","1713","dimensions","2","drapers-company-images-of-plate-brand-cup-date-letter-1713","hallmarks/drapers-company-images-of-plate-brand-cup-date-letter-1713-2"
"/mnt/c/Users/Assay Surface/Desktop/Kirstin Kennedy/Drapers' Company. Images of Plate/Brand cup_date letter_lid_1713-14.jpg","Drapers' Company. Images of Plate","Brand cup","date letter","1713-14","1713","primary","1","drapers-company-images-of-plate-brand-cup-date-letter-1713","hallmarks/drapers-company-images-of-plate-brand-cup-date-letter-1713-1"
"/mnt/c/Users/Assay Surface/Desktop/Kirstin Kennedy/Drapers' Company. Images of Plate/Brand cup_date letter_lid_1713-14_dimensions.jpg","Drapers' Company. Images of Plate","Brand cup","date letter","1713-14","1713","dimensions","3","drapers-company-images-of-plate-brand-cup-date-letter-1713","hallmarks/drapers-company-images-of-plate-brand-cup-date-letter-1713-3"
"/mnt/c/Users/Assay Surface/Desktop/Kirstin Kennedy/Drapers' Company. Images of Plate/Brand cup_hallmark_foot_1713-14.jpg","Drapers' Company. Images of Plate","Brand cup","hallmark","1713-14","1713","primary","0","drapers-company-images-of-plate-brand-cup-hallmark-1713","hallmarks/drapers-company-images-of-plate-brand-cup-hallmark-1713-0"
"/mnt/c/Users/Assay Surface/Desktop/Kirstin Kennedy/Drapers' Company. Images of Plate/Brand cup_hallmark_foot_1713-14_dimensions.jpg","Drapers' Company. Images of Plate","Brand cup","hallmark","1713-14","1713","dimensions","3","drapers-company-images-of-plate-brand-cup-hallmark-1713","hallmarks/drapers-company-images-of-plate-brand-cup-hallmark-1713-3"
"/mnt/c/Users/Assay Surface/Desktop/Kirstin Kennedy/Drapers' Company. Images of Plate/Brand cup_hallmark_lid_1713-14 dimensions.jpg","Drapers' Company. Images of Plate","Brand cup","hallmark","1713-14","1713","dimensions","4","drapers-company-images-of-plate-brand-cup-hallmark-1713","hallmarks/drapers-company-images-of-plate-brand-cup-hallmark-1713-4"
"/mnt/c/Users/Assay Surface/Desktop/Kirstin Kennedy/Drapers' Company. Images of Plate/Brand cup_hallmark_lid_1713-14.jpg","Drapers' Company. Images of Plate","Brand cup","hallmark","1713-14","1713","primary","1","drapers-company-images-of-plate-brand-cup-hallmark-1713","hallmarks/drapers-company-images-of-plate-brand-cup-hallmark-1713-1"
"/mnt/c/Users/Assay Surface/Desktop/Kirstin Kennedy/Drapers' Company. Images of Plate/Brand cup_hallmark_rim_1713-14.jpg","Drapers' Company. Images of Plate","Brand cup","hallmark","1713-14","1713","primary","2","drapers-company-images-of-plate-brand-cup-hallmark-1713","hallmarks/drapers-company-images-of-plate-brand-cup-hallmark-1713-2"
"/mnt/c/Users/Assay Surface/Desktop/Kirstin Kennedy/Drapers' Company. Images of Plate/Brand cup_hallmark_rim_1713-14_dimensions.jpg","Drapers' Company. Images of Plate","Brand cup","hallmark","1713-14","1713","dimensions","5","drapers-company-images-of-plate-brand-cup-hallmark-1713","hallmarks/drapers-company-images-of-plate-brand-cup-hallmark-1713-5"
"/mnt/c/Users/Assay Surface/Desktop/Kirstin Kennedy/Drapers' Company. Images of Plate/Brand cup_standard mark_foot_1713-14.jpg","Drapers' Company. Images of Plate","Brand cup","standard mark","1713-14","1713","primary","0","drapers-company-images-of-plate-brand-cup-standard-mark-1713","hallmarks/drapers-company-images-of-plate-brand-cup-standard-mark-1713-0"
"/mnt/c/Users/Assay Surface/Desktop/Kirstin Kennedy/Drapers' Company. Images of Plate/Brand cup_standard mark_rim_1713-14.jpg","Drapers' Company. Images of Plate","Brand cup","standard mark","1713-14","1713","primary","1","drapers-company-images-of-plate-brand-cup-standard-mark-1713","hallmarks/drapers-company-images-of-plate-brand-cup-standard-mark-1713-1"
"/mnt/c/Users/Assay Surface/Desktop/Kirstin Kennedy/Drapers' Company. Images of Plate/Candlestick 4-18_hallmark 1738-39.jpg","Drapers' Company. Images of Plate","Candlestick 4-18","hallmark","1738-39","1738","primary","0","drapers-company-images-of-plate-candlestick-4-18-hallmark-1738","hallmarks/drapers-company-images-of-plate-candlestick-4-18-hallmark-1738-0"
"/mnt/c/Users/Assay Surface/Desktop/Kirstin Kennedy/Drapers' Company. Images of Plate/Candlestick 4-18_hallmark 1738-39_dimensions.jpg","Drapers' Company. Images of Plate","Candlestick 4-18","hallmark","1738-39","1738","dimensions","1","drapers-company-images-of-plate-candlestick-4-18-hallmark-1738","hallmarks/drapers-company-images-of-plate-candlestick-4-18-hallmark-1738-1"
"/mnt/c/Users/Assay Surface/Desktop/Kirstin Kennedy/Drapers' Company. Images of Plate/Candlestick 4-18_standard mark 1738-39.jpg","Drapers' Company. Images of Plate","Candlestick 4-18","standard mark","1738-39","1738","primary","0","drapers-company-images-of-plate-candlestick-4-18-standard-mark-1738","hallmarks/drapers-company-images-of-plate-candlestick-4-18-standard-mark-1738-0"
"/mnt/c/Users/Assay Surface/Desktop/Kirstin Kennedy/Drapers' Company. Images of Plate/Candlestick 4-18_standard mark 1738-39_dimensions.jpg","Drapers' Company. Images of Plate","Candlestick 4-18","standard mark","1738-39","1738","dimensions","1","drapers-company-images-of-plate-candlestick-4-18-standard-mark-1738","hallmarks/drapers-company-images-of-plate-candlestick-4-18-standard-mark-1738-1"
"/mnt/c/Users/Assay Surface/Desktop/Kirstin Kennedy/Drapers' Company. Images of Plate/Candlestick 5-1_hallmark 1738-39.jpg","Drapers' Company. Images of Plate","Candlestick 5-1","hallmark","1738-39","1738","primary","0","drapers-company-images-of-plate-candlestick-5-1-hallmark-1738","hallmarks/drapers-company-images-of-plate-candlestick-5-1-hallmark-1738-0"
"/mnt/c/Users/Assay Surface/Desktop/Kirstin Kennedy/Drapers' Company. Images of Plate/Candlestick 5-1_hallmark 1738-39_dimensions.jpg","Drapers' Company. Images of Plate","Candlestick 5-1","hallmark","1738-39","1738","dimensions","1","drapers-company-images-of-plate-candlestick-5-1-hallmark-1738","hallmarks/drapers-company-images-of-plate-candlestick-5-1-hallmark-1738-1"
"/mnt/c/Users/Assay Surface/Desktop/Kirstin Kennedy/Drapers' Company. Images of Plate/Candlestick 5-1_standard mark 1738-39.jpg","Drapers' Company. Images of Plate","Candlestick 5-1","standard mark","1738-39","1738","primary","0","drapers-company-images-of-plate-candlestick-5-1-standard-mark-1738","hallmarks/drapers-company-images-of-plate-candlestick-5-1-standard-mark-1738-0"
"/mnt/c/Users/Assay Surface/Desktop/Kirstin Kennedy/Drapers' Company. Images of Plate/Candlestick 5-1_standard mark 1738-39_dimensions.jpg","Drapers' Company. Images of Plate","Candlestick 5-1","standard mark","1738-39","1738","dimensions","1","drapers-company-images-of-plate-candlestick-5-1-standard-mark-1738","hallmarks/drapers-company-images-of-plate-candlestick-5-1-standard-mark-1738-1"
"/mnt/c/Users/Assay Surface/Desktop/Kirstin Kennedy/Drapers' Company. Images of Plate/Candlestick_John Schofield_date letter_1797-98.jpg","Drapers' Company. Images of Plate","Candlestick John Schofield","date letter","1797-98","1797","primary","0","drapers-company-images-of-plate-candlestick-john-schofield-date-letter-1797","hallmarks/drapers-company-images-of-plate-candlestick-john-schofield-date-letter-1797-0"
"/mnt/c/Users/Assay Surface/Desktop/Kirstin Kennedy/Drapers' Company. Images of Plate/Candlestick_John Schofield_date letter_1797-98_dimensions.jpg","Drapers' Company. Images of Plate","Candlestick John Schofield","date letter","1797-98","1797","dimensions","1","drapers-company-images-of-plate-candlestick-john-schofield-date-letter-1797","hallmarks/drapers-company-images-of-plate-candlestick-john-schofield-date-letter-1797-1"
"/mnt/c/Users/Assay Surface/Desktop/Kirstin Kennedy/Drapers' Company. Images of Plate/Candlestick_John Schofield_duty mark 1797-98.jpg","Drapers' Company. Images of Plate","Candlestick John Schofield","duty mark","1797-98","1797","primary","0","drapers-company-images-of-plate-candlestick-john-schofield-duty-mark-1797","hallmarks/drapers-company-images-of-plate-candlestick-john-schofield-duty-mark-1797-0"
"/mnt/c/Users/Assay Surface/Desktop/Kirstin Kennedy/Drapers' Company. Images of Plate/Candlestick_John Schofield_hallmark 1797-98.jpg","Drapers' Company. Images of Plate","Candlestick John Schofield","hallmark","1797-98","1797","primary","0","drapers-company-images-of-plate-candlestick-john-schofield-hallmark-1797","hallmarks/drapers-company-images-of-plate-candlestick-john-schofield-hallmark-1797-0"
"/mnt/c/Users/Assay Surface/Desktop/Kirstin Kennedy/Drapers' Company. Images of Plate/Candlestick_John Schofield_hallmark 1797-98_dimensions.jpg","Drapers' Company. Images of Plate","Candlestick John Schofield","hallmark","1797-98","1797","dimensions","1","drapers-company-images-of-plate-candlestick-john-schofield-hallmark-1797","hallmarks/drapers-company-images-of-plate-candlestick-john-schofield-hallmark-1797-1"
"/mnt/c/Users/Assay Surface/Desktop/Kirstin Kennedy/Drapers' Company. Images of Plate/Candlestick_John Schofield_standard mark 1797-98.jpg","Drapers' Company. Images of Plate","Candlestick John Schofield","standard mark","1797-98","1797","primary","0","drapers-company-images-of-plate-candlestick-john-schofield-standard-mark-1797","hallmarks/drapers-company-images-of-plate-candlestick-john-schofield-standard-mark-1797-0"
"/mnt/c/Users/Assay Surface/Desktop/Kirstin Kennedy/Drapers' Company. Images of Plate/Clarke salver_date letter_1836-37.jpg","Drapers' Company. Images of Plate","Clarke salver","date letter","1836-37","1836","primary","0","drapers-company-images-of-plate-clarke-salver-date-letter-1836","hallmarks/drapers-company-images-of-plate-clarke-salver-date-letter-1836-0"
"/mnt/c/Users/Assay Surface/Desktop/Kirstin Kennedy/Drapers' Company. Images of Plate/Clarke salver_duty mark_1836-37.jpg","Drapers' Company. Images of Plate","Clarke salver","duty mark","1836-37","1836","primary","0","drapers-company-images-of-plate-clarke-salver-duty-mark-1836","hallmarks/drapers-company-images-of-plate-clarke-salver-duty-mark-1836-0"
"/mnt/c/Users/Assay Surface/Desktop/Kirstin Kennedy/Drapers' Company. Images of Plate/Clarke salver_hallmark_1836-37.jpg","Drapers' Company. Images of Plate","Clarke salver","hallmark","1836-37","1836","primary","0","drapers-company-images-of-plate-clarke-salver-hallmark-1836","hallmarks/drapers-company-images-of-plate-clarke-salver-hallmark-1836-0"
"/mnt/c/Users/Assay Surface/Desktop/Kirstin Kennedy/Drapers' Company. Images of Plate/Clarke salver_hallmark_1836-37_dimensions.jpg","Drapers' Company. Images of Plate","Clarke salver","hallmark","1836-37","1836","dimensions","1","drapers-company-images-of-plate-clarke-salver-hallmark-1836","hallmarks/drapers-company-images-of-plate-clarke-salver-hallmark-1836-1"
"/mnt/c/Users/Assay Surface/Desktop/Kirstin Kennedy/Drapers' Company. Images of Plate/Clarke salver_standard mark_1836-37.jpg","Drapers' Company. Images of Plate","Clarke salver","standard mark","1836-37","1836","primary","0","drapers-company-images-of-plate-clarke-salver-standard-mark-1836","hallmarks/drapers-company-images-of-plate-clarke-salver-standard-mark-1836-0"
"/mnt/c/Users/Assay Surface/Desktop/Kirstin Kennedy/Drapers' Company. Images of Plate/Clarke salver_standard mark_1836-37_dimensions.jpg","Drapers' Company. Images of Plate","Clarke salver","standard mark","1836-37","1836","dimensions","1","drapers-company-images-of-plate-clarke-salver-standard-mark-1836","hallmarks/drapers-company-images-of-plate-clarke-salver-standard-mark-1836-1"
"/mnt/c/Users/Assay Surface/Desktop/Kirstin Kennedy/Drapers' Company. Images of Plate/Communion cup_date letter_1608-08.jpg","Drapers' Company. Images of Plate","Communion cup","date letter","1608-08","1608","primary","0","drapers-company-images-of-plate-communion-cup-date-letter-1608","hallmarks/drapers-company-images-of-plate-communion-cup-date-letter-1608-0"
"/mnt/c/Users/Assay Surface/Desktop/Kirstin Kennedy/Drapers' Company. Images of Plate/Fletcher fruit basket_date letter_1820-21.jpg","Drapers' Company. Images of Plate","Fletcher fruit basket","date letter","1820-21","1820","primary","0","drapers-company-images-of-plate-fletcher-fruit-basket-date-letter-1820","hallmarks/drapers-company-images-of-plate-fletcher-fruit-basket-date-letter-1820-0"
"/mnt/c/Users/Assay Surface/Desktop/Kirstin Kennedy/Drapers' Company. Images of Plate/Fletcher fruit basket_date letter_1820-21_dimensions.jpg","Drapers' Company. Images of Plate","Fletcher fruit basket","date letter","1820-21","1820","dimensions","1","drapers-company-images-of-plate-fletcher-fruit-basket-date-letter-1820","hallmarks/drapers-company-images-of-plate-fletcher-fruit-basket-date-letter-1820-1"
"/mnt/c/Users/Assay Surface/Desktop/Kirstin Kennedy/Drapers' Company. Images of Plate/Fletcher fruit basket_standard mark_1820-21.jpg","Drapers' Company. Images of Plate","Fletcher fruit basket","standard mark","1820-21","1820","primary","0","drapers-company-images-of-plate-fletcher-fruit-basket-standard-mark-1820","hallmarks/drapers-company-images-of-plate-fletcher-fruit-basket-standard-mark-1820-0"
"/mnt/c/Users/Assay Surface/Desktop/Kirstin Kennedy/Drapers' Company. Images of Plate/Fletcher fruit basket_standard mark_1820-21_dimensions.jpg","Drapers' Company. Images of Plate","Fletcher fruit basket","standard mark","1820-21","1820","dimensions","1","drapers-company-images-of-plate-fletcher-fruit-basket-standard-mark-1820","hallmarks/drapers-company-images-of-plate-fletcher-fruit-basket-standard-mark-1820-1"
"/mnt/c/Users/Assay Surface/Desktop/Kirstin Kennedy/Drapers' Company. Images of Plate/Foster cup_date letter 1811-12.jpg","Drapers' Company. Images of Plate","Foster cup","date letter","1811-12","1811","primary","0","drapers-company-images-of-plate-foster-cup-date-letter-1811","hallmarks/drapers-company-images-of-plate-foster-cup-date-letter-1811-0"
"/mnt/c/Users/Assay Surface/Desktop/Kirstin Kennedy/Drapers' Company. Images of Plate/Foster cup_date letter 1811-12_dimensions.jpg","Drapers' Company. Images of Plate","Foster cup","date letter","1811-12","1811","dimensions","1","drapers-company-images-of-plate-foster-cup-date-letter-1811","hallmarks/drapers-company-images-of-plate-foster-cup-date-letter-1811-1"
"/mnt/c/Users/Assay Surface/Desktop/Kirstin Kennedy/Drapers' Company. Images of Plate/Foster cup_duty mark 1811-12.jpg","Drapers' Company. Images of Plate","Foster cup","duty mark","1811-12","1811","primary","0","drapers-company-images-of-plate-foster-cup-duty-mark-1811","hallmarks/drapers-company-images-of-plate-foster-cup-duty-mark-1811-0"
"/mnt/c/Users/Assay Surface/Desktop/Kirstin Kennedy/Drapers' Company. Images of Plate/Foster cup_hallmark_1811-12.jpg","Drapers' Company. Images of Plate","Foster cup","hallmark","1811-12","1811","primary","0","drapers-company-images-of-plate-foster-cup-hallmark-1811","hallmarks/drapers-company-images-of-plate-foster-cup-hallmark-1811-0"
"/mnt/c/Users/Assay Surface/Desktop/Kirstin Kennedy/Drapers' Company. Images of Plate/Foster cup_hallmark_1811-12_dimensions.jpg","Drapers' Company. Images of Plate","Foster cup","hallmark","1811-12","1811","dimensions","1","drapers-company-images-of-plate-foster-cup-hallmark-1811","hallmarks/drapers-company-images-of-plate-foster-cup-hallmark-1811-1"
"/mnt/c/Users/Assay Surface/Desktop/Kirstin Kennedy/Drapers' Company. Images of Plate/Foster cup_standard mark_1811-12.jpg","Drapers' Company. Images of Plate","Foster cup","standard mark","1811-12","1811","primary","0","drapers-company-images-of-plate-foster-cup-standard-mark-1811","hallmarks/drapers-company-images-of-plate-foster-cup-standard-mark-1811-0"
"/mnt/c/Users/Assay Surface/Desktop/Kirstin Kennedy/Drapers' Company. Images of Plate/Foster cup_standard mark_1811-12_dimensions.jpg","Drapers' Company. Images of Plate","Foster cup","standard mark","1811-12","1811","dimensions","1","drapers-company-images-of-plate-foster-cup-standard-mark-1811","hallmarks/drapers-company-images-of-plate-foster-cup-standard-mark-1811-1"
"/mnt/c/Users/Assay Surface/Desktop/Kirstin Kennedy/Drapers' Company. Images of Plate/Garway monteith_hallmark 1685-86.jpg","Drapers' Company. Images of Plate","Garway monteith","hallmark","1685-86","1685","primary","0","drapers-company-images-of-plate-garway-monteith-hallmark-1685","hallmarks/drapers-company-images-of-plate-garway-monteith-hallmark-1685-0"
"/mnt/c/Users/Assay Surface/Desktop/Kirstin Kennedy/Drapers' Company. Images of Plate/Garway monteith_hallmark 1685-86_dimensions.jpg","Drapers' Company. Images of Plate","Garway monteith","hallmark","1685-86","1685","dimensions","1","drapers-company-images-of-plate-garway-monteith-hallmark-1685","hallmarks/drapers-company-images-of-plate-garway-monteith-hallmark-1685-1"
"/mnt/c/Users/Assay Surface/Desktop/Kirstin Kennedy/Drapers' Company. Images of Plate/Hammond candelabrum_base_hallmark 1821-22.jpg","Drapers' Company. Images of Plate","Hammond candelabrum base","hallmark","1821-22","1821","primary","0","drapers-company-images-of-plate-hammond-candelabrum-base-hallmark-1821","hallmarks/drapers-company-images-of-plate-hammond-candelabrum-base-hallmark-1821-0"
"/mnt/c/Users/Assay Surface/Desktop/Kirstin Kennedy/Drapers' Company. Images of Plate/Hammond candelabrum_sconce_date letter 1821-22_dimensions.jpg","Drapers' Company. Images of Plate","Hammond candelabrum sconce","date letter","1821-22","1821","dimensions","0","drapers-company-images-of-plate-hammond-candelabrum-sconce-date-letter-1821","hallmarks/drapers-company-images-of-plate-hammond-candelabrum-sconce-date-letter-1821-0"
"/mnt/c/Users/Assay Surface/Desktop/Kirstin Kennedy/Drapers' Company. Images of Plate/Hammond candelabrum_sconce_duty mark  1821-22.jpg","Drapers' Company. Images of Plate","Hammond candelabrum sconce","duty mark","1821-22","1821","primary","0","drapers-company-images-of-plate-hammond-candelabrum-sconce-duty-mark-1821","hallmarks/drapers-company-images-of-plate-hammond-candelabrum-sconce-duty-mark-1821-0"
"/mnt/c/Users/Assay Surface/Desktop/Kirstin Kennedy/Drapers' Company. Images of Plate/Hammond candelabrum_sconce_standard mark 1821-22_dimensions.jpg","Drapers' Company. Images of Plate","Hammond candelabrum sconce","standard mark","1821-22","1821","dimensions","0","drapers-company-images-of-plate-hammond-candelabrum-sconce-standard-mark-1821","hallmarks/drapers-company-images-of-plate-hammond-candelabrum-sconce-standard-mark-1821-0"
"/mnt/c/Users/Assay Surface/Desktop/Kirstin Kennedy/Drapers' Company. Images of Plate/Kendrick tankard_date letter_rim_1685-86.jpg","Drapers' Company. Images of Plate","Kendrick tankard","date letter","1685-86","1685","primary","0","drapers-company-images-of-plate-kendrick-tankard-date-letter-1685","hallmarks/drapers-company-images-of-plate-kendrick-tankard-date-letter-1685-0"
"/mnt/c/Users/Assay Surface/Desktop/Kirstin Kennedy/Drapers' Company. Images of Plate/Kendrick tankard_date letter_rim_1685-86_dimensions.jpg","Drapers' Company. Images of Plate","Kendrick tankard","date letter","1685-86","1685","dimensions","1","drapers-company-images-of-plate-kendrick-tankard-date-letter-1685","hallmarks/drapers-company-images-of-plate-kendrick-tankard-date-letter-1685-1"
"/mnt/c/Users/Assay Surface/Desktop/Kirstin Kennedy/Drapers' Company. Images of Plate/Kendrick tankard_hallmark_rim_1685-86.jpg","Drapers' Company. Images of Plate","Kendrick tankard","hallmark","1685-86","1685","primary","0","drapers-company-images-of-plate-kendrick-tankard-hallmark-1685","hallmarks/drapers-company-images-of-plate-kendrick-tankard-hallmark-1685-0"
"/mnt/c/Users/Assay Surface/Desktop/Kirstin Kennedy/Drapers' Company. Images of Plate/Kendrick tankard_hallmark_rim_1685-86_dimensions.jpg","Drapers' Company. Images of Plate","Kendrick tankard","hallmark","1685-86","1685","dimensions","1","drapers-company-images-of-plate-kendrick-tankard-hallmark-1685","hallmarks/drapers-company-images-of-plate-kendrick-tankard-hallmark-1685-1"
"/mnt/c/Users/Assay Surface/Desktop/Kirstin Kennedy/Drapers' Company. Images of Plate/Kendrick tankard_standard mark_rim_1685-86.jpg","Drapers' Company. Images of Plate","Kendrick tankard","standard mark","1685-86","1685","primary","0","drapers-company-images-of-plate-kendrick-tankard-standard-mark-1685","hallmarks/drapers-company-images-of-plate-kendrick-tankard-standard-mark-1685-0"
"/mnt/c/Users/Assay Surface/Desktop/Kirstin Kennedy/Drapers' Company. Images of Plate/Lambarde Cup_date letter_1578-79.jpg","Drapers' Company. Images of Plate","Lambarde Cup","date letter","1578-79","1578","primary","0","drapers-company-images-of-plate-lambarde-cup-date-letter-1578","hallmarks/drapers-company-images-of-plate-lambarde-cup-date-letter-1578-0"
"/mnt/c/Users/Assay Surface/Desktop/Kirstin Kennedy/Drapers' Company. Images of Plate/Lambarde Cup_date letter_1578-79_dimensions.jpg","Drapers' Company. Images of Plate","Lambarde Cup","date letter","1578-79","1578","dimensions","1","drapers-company-images-of-plate-lambarde-cup-date-letter-1578","hallmarks/drapers-company-images-of-plate-lambarde-cup-date-letter-1578-1"
"/mnt/c/Users/Assay Surface/Desktop/Kirstin Kennedy/Drapers' Company. Images of Plate/Lambarde Cup_hallmark_1578-79.jpg","Drapers' Company. Images of Plate","Lambarde Cup","hallmark","1578-79","1578","primary","0","drapers-company-images-of-plate-lambarde-cup-hallmark-1578","hallmarks/drapers-company-images-of-plate-lambarde-cup-hallmark-1578-0"
"/mnt/c/Users/Assay Surface/Desktop/Kirstin Kennedy/Drapers' Company. Images of Plate/Lambarde Cup_hallmark_1578-79_dimensions.jpg","Drapers' Company. Images of Plate","Lambarde Cup","hallmark","1578-79","1578","dimensions","1","drapers-company-images-of-plate-lambarde-cup-hallmark-1578","hallmarks/drapers-company-images-of-plate-lambarde-cup-hallmark-1578-1"
"/mnt/c/Users/Assay Surface/Desktop/Kirstin Kennedy/Drapers' Company. Images of Plate/Lambarde Cup_sponsor mark_1578-79.jpg","Drapers' Company. Images of Plate","Lambarde Cup","sponsor mark","1578-79","1578","primary","0","drapers-company-images-of-plate-lambarde-cup-sponsor-mark-1578","hallmarks/drapers-company-images-of-plate-lambarde-cup-sponsor-mark-1578-0"
"/mnt/c/Users/Assay Surface/Desktop/Kirstin Kennedy/Drapers' Company. Images of Plate/Lambarde Cup_sponsor mark_1578-79_dimensions.jpg","Drapers' Company. Images of Plate","Lambarde Cup","sponsor mark","1578-79","1578","dimensions","1","drapers-company-images-of-plate-lambarde-cup-sponsor-mark-1578","hallmarks/drapers-company-images-of-plate-lambarde-cup-sponsor-mark-1578-1"
"/mnt/c/Users/Assay Surface/Desktop/Kirstin Kennedy/Drapers' Company. Images of Plate/Lambarde Cup_sterling mark_1578-79.jpg","Drapers' Company. Images of Plate","Lambarde Cup","sterling mark","1578-79","1578","primary","0","drapers-company-images-of-plate-lambarde-cup-sterling-mark-1578","hallmarks/drapers-company-images-of-plate-lambarde-cup-sterling-mark-1578-0"
"/mnt/c/Users/Assay Surface/Desktop/Kirstin Kennedy/Drapers' Company. Images of Plate/Plate_Bancroft_16oz16dwt_date letter 1728-29.jpg","Drapers' Company. Images of Plate","Plate Bancroft 16oz16dwt","date letter","1728-29","1728","primary","0","drapers-company-images-of-plate-plate-bancroft-16oz16dwt-date-letter-1728","hallmarks/drapers-company-images-of-plate-plate-bancroft-16oz16dwt-date-letter-1728-0"
"/mnt/c/Users/Assay Surface/Desktop/Kirstin Kennedy/Drapers' Company. Images of Plate/Plate_Bancroft_16oz16dwt_date letter 1728-29_dimensions.jpg","Drapers' Company. Images of Plate","Plate Bancroft 16oz16dwt","date letter","1728-29","1728","dimensions","1","drapers-company-images-of-plate-plate-bancroft-16oz16dwt-date-letter-1728","hallmarks/drapers-company-images-of-plate-plate-bancroft-16oz16dwt-date-letter-1728-1"
"/mnt/c/Users/Assay Surface/Desktop/Kirstin Kennedy/Drapers' Company. Images of Plate/Plate_Bancroft_16oz16dwt_hallmark 1728-29_dimensions.jpg","Drapers' Company. Images of Plate","Plate Bancroft 16oz16dwt","hallmark","1728-29","1728","dimensions","0","drapers-company-images-of-plate-plate-bancroft-16oz16dwt-hallmark-1728","hallmarks/drapers-company-images-of-plate-plate-bancroft-16oz16dwt-hallmark-1728-0"
"/mnt/c/Users/Assay Surface/Desktop/Kirstin Kennedy/Drapers' Company. Images of Plate/Plate_Bancroft_16oz18dwt_hallmark 1728-29.jpg","Drapers' Company. Images of Plate","Plate Bancroft 16oz18dwt","hallmark","1728-29","1728","primary","0","drapers-company-images-of-plate-plate-bancroft-16oz18dwt-hallmark-1728","hallmarks/drapers-company-images-of-plate-plate-bancroft-16oz18dwt-hallmark-1728-0"
"/mnt/c/Users/Assay Surface/Desktop/Kirstin Kennedy/Drapers' Company. Images of Plate/Plate_Bancroft_16oz18dwt_hallmark 1728-29_dimensions.jpg","Drapers' Company. Images of Plate","Plate Bancroft 16oz18dwt","hallmark","1728-29","1728","dimensions","1","drapers-company-images-of-plate-plate-bancroft-16oz18dwt-hallmark-1728","hallmarks/drapers-company-images-of-plate-plate-bancroft-16oz18dwt-hallmark-1728-1"
"/mnt/c/Users/Assay Surface/Desktop/Kirstin Kennedy/Drapers' Company. Images of Plate/Plate_Bancroft_17oz1dwt_date letter 1728-29.jpg","Drapers' Company. Images of Plate","Plate Bancroft 17oz1dwt","date letter","1728-29","1728","primary","0","drapers-company-images-of-plate-plate-bancroft-17oz1dwt-date-letter-1728","hallmarks/drapers-company-images-of-plate-plate-bancroft-17oz1dwt-date-letter-1728-0"
"/mnt/c/Users/Assay Surface/Desktop/Kirstin Kennedy/Drapers' Company. Images of Plate/Plate_Coates gift_date letter 1700-1701.jpg","Drapers' Company. Images of Plate","Plate Coates gift","date letter","1700-1701","1700","primary","0","drapers-company-images-of-plate-plate-coates-gift-date-letter-1700","hallmarks/drapers-company-images-of-plate-plate-coates-gift-date-letter-1700-0"
"/mnt/c/Users/Assay Surface/Desktop/Kirstin Kennedy/Drapers' Company. Images of Plate/Plate_Coates gift_date letter 1700-1701_dimension.jpg","Drapers' Company. Images of Plate","Plate Coates gift","date letter","1700-1701","1700","dimensions","1","drapers-company-images-of-plate-plate-coates-gift-date-letter-1700","hallmarks/drapers-company-images-of-plate-plate-coates-gift-date-letter-1700-1"
"/mnt/c/Users/Assay Surface/Desktop/Kirstin Kennedy/Drapers' Company. Images of Plate/Plate_Coates gift_hallmark 1700-1701.jpg","Drapers' Company. Images of Plate","Plate Coates gift","hallmark","1700-1701","1700","primary","0","drapers-company-images-of-plate-plate-coates-gift-hallmark-1700","hallmarks/drapers-company-images-of-plate-plate-coates-gift-hallmark-1700-0"
"/mnt/c/Users/Assay Surface/Desktop/Kirstin Kennedy/Drapers' Company. Images of Plate/Plate_Coates gift_hallmark 1700-1701_dimensions.jpg","Drapers' Company. Images of Plate","Plate Coates gift","hallmark","1700-1701","1700","dimensions","1","drapers-company-images-of-plate-plate-coates-gift-hallmark-1700","hallmarks/drapers-company-images-of-plate-plate-coates-gift-hallmark-1700-1"
"/mnt/c/Users/Assay Surface/Desktop/Kirstin Kennedy/Drapers' Company. Images of Plate/Plate_Fox gift, date letter 1700-1701.jpg","Drapers' Company. Images of Plate","Plate Fox gift,","date letter","1700-1701","1700","primary","0","drapers-company-images-of-plate-plate-fox-gift-date-letter-1700","hallmarks/drapers-company-images-of-plate-plate-fox-gift-date-letter-1700-0"
"/mnt/c/Users/Assay Surface/Desktop/Kirstin Kennedy/Drapers' Company. Images of Plate/Plate_Fox gift, hallmark 1700-1701.jpg","Drapers' Company. Images of Plate","Plate Fox gift,","hallmark","1700-1701","1700","primary","0","drapers-company-images-of-plate-plate-fox-gift-hallmark-1700","hallmarks/drapers-company-images-of-plate-plate-fox-gift-hallmark-1700-0"
"/mnt/c/Users/Assay Surface/Desktop/Kirstin Kennedy/Drapers' Company. Images of Plate/Plate_Fox gift, hallmark 1700-1701_dimensions.jpg","Drapers' Company. Images of Plate","Plate Fox gift,","hallmark","1700-1701","1700","dimensions","1","drapers-company-images-of-plate-plate-fox-gift-hallmark-1700","hallmarks/drapers-company-images-of-plate-plate-fox-gift-hallmark-1700-1"
"/mnt/c/Users/Assay Surface/Desktop/Kirstin Kennedy/Drapers' Company. Images of Plate/Plate_Fox gift_standard mark 1700-1701.jpg","Drapers' Company. Images of Plate","Plate Fox gift","standard mark","1700-1701","1700","primary","0","drapers-company-images-of-plate-plate-fox-gift-standard-mark-1700","hallmarks/drapers-company-images-of-plate-plate-fox-gift-standard-mark-1700-0"
"/mnt/c/Users/Assay Surface/Desktop/Kirstin Kennedy/Drapers' Company. Images of Plate/Plate_Juyce Bequest_18oz19dwt_hallmark 1700-1701.jpg","Drapers' Company. Images of Plate","Plate Juyce Bequest 18oz19dwt","hallmark","1700-1701","1700","primary","0","drapers-company-images-of-plate-plate-juyce-bequest-18oz19dwt-hallmark-1700","hallmarks/drapers-company-images-of-plate-plate-juyce-bequest-18oz19dwt-hallmark-1700-0"
"/mnt/c/Users/Assay Surface/Desktop/Kirstin Kennedy/Drapers' Company. Images of Plate/Plate_Juyce Bequest_18oz19dwt_hallmark 1700-1701_dimensions.jpg","Drapers' Company. Images of Plate","Plate Juyce Bequest 18oz19dwt","hallmark","1700-1701","1700","dimensions","1","drapers-company-images-of-plate-plate-juyce-bequest-18oz19dwt-hallmark-1700","hallmarks/drapers-company-images-of-plate-plate-juyce-bequest-18oz19dwt-hallmark-1700-1"
"/mnt/c/Users/Assay Surface/Desktop/Kirstin Kennedy/Drapers' Company. Images of Plate/Plate_Juyce Bequest_18oz19dwt_standard mark 1700-1701.jpg","Drapers' Company. Images of Plate","Plate Juyce Bequest 18oz19dwt","standard mark","1700-1701","1700","primary","0","drapers-company-images-of-plate-plate-juyce-bequest-18oz19dwt-standard-mark-1700","hallmarks/drapers-company-images-of-plate-plate-juyce-bequest-18oz19dwt-standard-mark-1700-0"
"/mnt/c/Users/Assay Surface/Desktop/Kirstin Kennedy/Drapers' Company. Images of Plate/Plate_Juyce Bequest_19oz15dwt_date letter 1700-1701.jpg","Drapers' Company. Images of Plate","Plate Juyce Bequest 19oz15dwt","date letter","1700-1701","1700","primary","0","drapers-company-images-of-plate-plate-juyce-bequest-19oz15dwt-date-letter-1700","hallmarks/drapers-company-images-of-plate-plate-juyce-bequest-19oz15dwt-date-letter-1700-0"
"/mnt/c/Users/Assay Surface/Desktop/Kirstin Kennedy/Drapers' Company. Images of Plate/Plate_Juyce Bequest_19oz15dwt_date letter 1700-1701_dimensions.jpg","Drapers' Company. Images of Plate","Plate Juyce Bequest 19oz15dwt","date letter","1700-1701","1700","dimensions","1","drapers-company-images-of-plate-plate-juyce-bequest-19oz15dwt-date-letter-1700","hallmarks/drapers-company-images-of-plate-plate-juyce-bequest-19oz15dwt-date-letter-1700-1"
"/mnt/c/Users/Assay Surface/Desktop/Kirstin Kennedy/Drapers' Company. Images of Plate/Plate_Juyce Bequest_19oz15dwt_hallmark 1700-1701.jpg","Drapers' Company. Images of Plate","Plate Juyce Bequest 19oz15dwt","hallmark","1700-1701","1700","primary","0","drapers-company-images-of-plate-plate-juyce-bequest-19oz15dwt-hallmark-1700","hallmarks/drapers-company-images-of-plate-plate-juyce-bequest-19oz15dwt-hallmark-1700-0"
"/mnt/c/Users/Assay Surface/Desktop/Kirstin Kennedy/Drapers' Company. Images of Plate/Plate_Kendrick gift_18oz7dwt12gr_hallmark 1700-01.jpg","Drapers' Company. Images of Plate","Plate Kendrick gift 18oz7dwt12gr","hallmark","1700-01","1700","primary","0","drapers-company-images-of-plate-plate-kendrick-gift-18oz7dwt12gr-hallmark-1700","hallmarks/drapers-company-images-of-plate-plate-kendrick-gift-18oz7dwt12gr-hallmark-1700-0"
"/mnt/c/Users/Assay Surface/Desktop/Kirstin Kennedy/Drapers' Company. Images of Plate/Plate_Man Gift_17 oz 8 dwt_date letter 1700-01.jpg","Drapers' Company. Images of Plate","Plate Man Gift 17 oz 8 dwt","date letter","1700-01","1700","primary","0","drapers-company-images-of-plate-plate-man-gift-17-oz-8-dwt-date-letter-1700","hallmarks/drapers-company-images-of-plate-plate-man-gift-17-oz-8-dwt-date-letter-1700-0"
"/mnt/c/Users/Assay Surface/Desktop/Kirstin Kennedy/Drapers' Company. Images of Plate/Plate_Man Gift_17 oz 8 dwt_date letter 1700-01_dimensions.jpg","Drapers' Company. Images of Plate","Plate Man Gift 17 oz 8 dwt","date letter","1700-01","1700","dimensions","1","drapers-company-images-of-plate-plate-man-gift-17-oz-8-dwt-date-letter-1700","hallmarks/drapers-company-images-of-plate-plate-man-gift-17-oz-8-dwt-date-letter-1700-1"
"/mnt/c/Users/Assay Surface/Desktop/Kirstin Kennedy/Drapers' Company. Images of Plate/Plate_Man Gift_17 oz 8 dwt_hallmark 1700-01.jpg","Drapers' Company. Images of Plate","Plate Man Gift 17 oz 8 dwt","hallmark","1700-01","1700","primary","0","drapers-company-images-of-plate-plate-man-gift-17-oz-8-dwt-hallmark-1700","hallmarks/drapers-company-images-of-plate-plate-man-gift-17-oz-8-dwt-hallmark-1700-0"
"/mnt/c/Users/Assay Surface/Desktop/Kirstin Kennedy/Drapers' Company. Images of Plate/Plate_Man Gift_17 oz 8 dwt_hallmark 1700-01_dimension.jpg","Drapers' Company. Images of Plate","Plate Man Gift 17 oz 8 dwt","hallmark","1700-01","1700","dimensions","1","drapers-company-images-of-plate-plate-man-gift-17-oz-8-dwt-hallmark-1700","hallmarks/drapers-company-images-of-plate-plate-man-gift-17-oz-8-dwt-hallmark-1700-1"
"/mnt/c/Users/Assay Surface/Desktop/Kirstin Kennedy/Drapers' Company. Images of Plate/Plate_Man Gift_hallmark 1700-1701.jpg","Drapers' Company. Images of Plate","Plate Man Gift","hallmark","1700-1701","1700","primary","0","drapers-company-images-of-plate-plate-man-gift-hallmark-1700","hallmarks/drapers-company-images-of-plate-plate-man-gift-hallmark-1700-0"
"/mnt/c/Users/Assay Surface/Desktop/Kirstin Kennedy/Drapers' Company. Images of Plate/Plate_Man Gift_hallmark 1700-1701_dimensions.jpg","Drapers' Company. Images of Plate","Plate Man Gift","hallmark","1700-1701","1700","dimensions","1","drapers-company-images-of-plate-plate-man-gift-hallmark-1700","hallmarks/drapers-company-images-of-plate-plate-man-gift-hallmark-1700-1"
"/mnt/c/Users/Assay Surface/Desktop/Kirstin Kennedy/Drapers' Company. Images of Plate/Plate_Parker gift_hallmark 1700-1701.jpg","Drapers' Company. Images of Plate","Plate Parker gift","hallmark","1700-1701","1700","primary","1","drapers-company-images-of-plate-plate-parker-gift-hallmark-1700","hallmarks/drapers-company-images-of-plate-plate-parker-gift-hallmark-1700-1"
"/mnt/c/Users/Assay Surface/Desktop/Kirstin Kennedy/Drapers' Company. Images of Plate/Plate_Parker gift_hallmark 1700-1701_alternative image.jpg","Drapers' Company. Images of Plate","Plate Parker gift","hallmark","1700-1701","1700","primary","0","drapers-company-images-of-plate-plate-parker-gift-hallmark-1700","hallmarks/drapers-company-images-of-plate-plate-parker-gift-hallmark-1700-0"
"/mnt/c/Users/Assay Surface/Desktop/Kirstin Kennedy/Drapers' Company. Images of Plate/Plate_Rosse Bequest_18oz2dwt0.5gr_date letter_1700-01.jpg","Drapers' Company. Images of Plate","Plate Rosse Bequest 18oz2dwt0.5gr","date letter","1700-01","1700","primary","0","drapers-company-images-of-plate-plate-rosse-bequest-18oz2dwt0-5gr-date-letter-1700","hallmarks/drapers-company-images-of-plate-plate-rosse-bequest-18oz2dwt0-5gr-date-letter-1700-0"
"/mnt/c/Users/Assay Surface/Desktop/Kirstin Kennedy/Drapers' Company. Images of Plate/Plate_Rosse Bequest_18oz2dwt0.5gr_hallmark_1700-01.jpg","Drapers' Company. Images of Plate","Plate Rosse Bequest 18oz2dwt0.5gr","hallmark","1700-01","1700","primary","0","drapers-company-images-of-plate-plate-rosse-bequest-18oz2dwt0-5gr-hallmark-1700","hallmarks/drapers-company-images-of-plate-plate-rosse-bequest-18oz2dwt0-5gr-hallmark-1700-0"
"/mnt/c/Users/Assay Surface/Desktop/Kirstin Kennedy/Drapers' Company. Images of Plate/Plate_Rosse Bequest_18oz2dwt0.5gr_sponsor_1700-01.jpg","Drapers' Company. Images of Plate","Plate Rosse Bequest 18oz2dwt0.5gr","sponsor mark","1700-01","1700","primary","0","drapers-company-images-of-plate-plate-rosse-bequest-18oz2dwt0-5gr-sponsor-mark-1700","hallmarks/drapers-company-images-of-plate-plate-rosse-bequest-18oz2dwt0-5gr-sponsor-mark-1700-0"
"/mnt/c/Users/Assay Surface/Desktop/Kirstin Kennedy/Drapers' Company. Images of Plate/Plate_Rosse Bequest_18oz2dwt0.5gr_standard mark_1700-01.jpg","Drapers' Company. Images of Plate","Plate Rosse Bequest 18oz2dwt0.5gr","standard mark","1700-01","1700","primary","0","drapers-company-images-of-plate-plate-rosse-bequest-18oz2dwt0-5gr-standard-mark-1700","hallmarks/drapers-company-images-of-plate-plate-rosse-bequest-18oz2dwt0-5gr-standard-mark-1700-0"
"/mnt/c/Users/Assay Surface/Desktop/Kirstin Kennedy/Drapers' Company. Images of Plate/Plate_Rosse Bequest_19oz1dwt_date letter_1700-01 dimensions.jpg","Drapers' Company. Images of Plate","Plate Rosse Bequest 19oz1dwt","date letter","1700-01","1700","dimensions","1","drapers-company-images-of-plate-plate-rosse-bequest-19oz1dwt-date-letter-1700","hallmarks/drapers-company-images-of-plate-plate-rosse-bequest-19oz1dwt-date-letter-1700-1"
"/mnt/c/Users/Assay Surface/Desktop/Kirstin Kennedy/Drapers' Company. Images of Plate/Plate_Rosse Bequest_19oz1dwt_date letter_1700-01.jpg","Drapers' Company. Images of Plate","Plate Rosse Bequest 19oz1dwt","date letter","1700-01","1700","primary","0","drapers-company-images-of-plate-plate-rosse-bequest-19oz1dwt-date-letter-1700","hallmarks/drapers-company-images-of-plate-plate-rosse-bequest-19oz1dwt-date-letter-1700-0"
"/mnt/c/Users/Assay Surface/Desktop/Kirstin Kennedy/Drapers' Company. Images of Plate/Plate_Rosse Bequest_19oz1dwt_hallmark_1700-01.jpg","Drapers' Company. Images of Plate","Plate Rosse Bequest 19oz1dwt","hallmark","1700-01","1700","primary","0","drapers-company-images-of-plate-plate-rosse-bequest-19oz1dwt-hallmark-1700","hallmarks/drapers-company-images-of-plate-plate-rosse-bequest-19oz1dwt-hallmark-1700-0"
"/mnt/c/Users/Assay Surface/Desktop/Kirstin Kennedy/Drapers' Company. Images of Plate/Plate_Rosse Bequest_19oz1dwt_hallmark_1700-01_dimension.jpg","Drapers' Company. Images of Plate","Plate Rosse Bequest 19oz1dwt","hallmark","1700-01","1700","dimensions","1","drapers-company-images-of-plate-plate-rosse-bequest-19oz1dwt-hallmark-1700","hallmarks/drapers-company-images-of-plate-plate-rosse-bequest-19oz1dwt-hallmark-1700-1"
"/mnt/c/Users/Assay Surface/Desktop/Kirstin Kennedy/Drapers' Company. Images of Plate/Plate_Rosse Bequest_19oz1dwt_standard mark_1700-01.jpg","Drapers' Company. Images of Plate","Plate Rosse Bequest 19oz1dwt","standard mark","1700-01","1700","primary","0","drapers-company-images-of-plate-plate-rosse-bequest-19oz1dwt-standard-mark-1700","hallmarks/drapers-company-images-of-plate-plate-rosse-bequest-19oz1dwt-standard-mark-1700-0"
"/mnt/c/Users/Assay Surface/Desktop/Kirstin Kennedy/Drapers' Company. Images of Plate/Plate_Rosse Bequest_sponsor_1700-01.jpg","Drapers' Company. Images of Plate","Plate Rosse Bequest","sponsor mark","1700-01","1700","primary","0","drapers-company-images-of-plate-plate-rosse-bequest-sponsor-mark-1700","hallmarks/drapers-company-images-of-plate-plate-rosse-bequest-sponsor-mark-1700-0"
"/mnt/c/Users/Assay Surface/Desktop/Kirstin Kennedy/Drapers' Company. Images of Plate/Plate_Smith bequest_date letter 1826-27.jpg","Drapers' Company. Images of Plate","Plate Smith bequest","date letter","1826-27","1826","primary","0","drapers-company-images-of-plate-plate-smith-bequest-date-letter-1826","hallmarks/drapers-company-images-of-plate-plate-smith-bequest-date-letter-1826-0"
"/mnt/c/Users/Assay Surface/Desktop/Kirstin Kennedy/Drapers' Company. Images of Plate/Plate_Smith bequest_date letter 1826-27_dimensions.jpg","Drapers' Company. Images of Plate","Plate Smith bequest","date letter","1826-27","1826","dimensions","1","drapers-company-images-of-plate-plate-smith-bequest-date-letter-1826","hallmarks/drapers-company-images-of-plate-plate-smith-bequest-date-letter-1826-1"
"/mnt/c/Users/Assay Surface/Desktop/Kirstin Kennedy/Drapers' Company. Images of Plate/Plate_Smith bequest_hallmark 1826-27_dimensions.jpg","Drapers' Company. Images of Plate","Plate Smith bequest","hallmark","1826-27","1826","dimensions","0","drapers-company-images-of-plate-plate-smith-bequest-hallmark-1826","hallmarks/drapers-company-images-of-plate-plate-smith-bequest-hallmark-1826-0"
"/mnt/c/Users/Assay Surface/Desktop/Kirstin Kennedy/Drapers' Company. Images of Plate/Plate_Smith bequest_standard mark 1826-27.jpg","Drapers' Company. Images of Plate","Plate Smith bequest","standard mark","1826-27","1826","primary","0","drapers-company-images-of-plate-plate-smith-bequest-standard-mark-1826","hallmarks/drapers-company-images-of-plate-plate-smith-bequest-standard-mark-1826-0"
"/mnt/c/Users/Assay Surface/Desktop/Kirstin Kennedy/Drapers' Company. Images of Plate/Plate_Turner Bequest_19oz3dwt_hallmark 1747-1748.jpg","Drapers' Company. Images of Plate","Plate Turner Bequest 19oz3dwt","hallmark","1747-1748","1747","primary","0","drapers-company-images-of-plate-plate-turner-bequest-19oz3dwt-hallmark-1747","hallmarks/drapers-company-images-of-plate-plate-turner-bequest-19oz3dwt-hallmark-1747-0"
"/mnt/c/Users/Assay Surface/Desktop/Kirstin Kennedy/Drapers' Company. Images of Plate/Plate_Turner Bequest_19oz3dwt_standard mark 1747-1748.jpg","Drapers' Company. Images of Plate","Plate Turner Bequest 19oz3dwt","standard mark","1747-1748","1747","primary","0","drapers-company-images-of-plate-plate-turner-bequest-19oz3dwt-standard-mark-1747","hallmarks/drapers-company-images-of-plate-plate-turner-bequest-19oz3dwt-standard-mark-1747-0"
"/mnt/c/Users/Assay Surface/Desktop/Kirstin Kennedy/Drapers' Company. Images of Plate/Plate_Turner Bequest_19oz7dwt_date letter_1747-1748.jpg","Drapers' Company. Images of Plate","Plate Turner Bequest 19oz7dwt","date letter","1747-1748","1747","primary","0","drapers-company-images-of-plate-plate-turner-bequest-19oz7dwt-date-letter-1747","hallmarks/drapers-company-images-of-plate-plate-turner-bequest-19oz7dwt-date-letter-1747-0"
"/mnt/c/Users/Assay Surface/Desktop/Kirstin Kennedy/Drapers' Company. Images of Plate/Plate_Turner Bequest_19oz7dwt_hallmark 1747-1748.jpg","Drapers' Company. Images of Plate","Plate Turner Bequest 19oz7dwt","hallmark","1747-1748","1747","primary","0","drapers-company-images-of-plate-plate-turner-bequest-19oz7dwt-hallmark-1747","hallmarks/drapers-company-images-of-plate-plate-turner-bequest-19oz7dwt-hallmark-1747-0"
"/mnt/c/Users/Assay Surface/Desktop/Kirstin Kennedy/Drapers' Company. Images of Plate/Plate_Turner Bequest_19oz7dwt_hallmark 1747-1748_dimensions.jpg","Drapers' Company. Images of Plate","Plate Turner Bequest 19oz7dwt","hallmark","1747-1748","1747","dimensions","1","drapers-company-images-of-plate-plate-turner-bequest-19oz7dwt-hallmark-1747","hallmarks/drapers-company-images-of-plate-plate-turner-bequest-19oz7dwt-hallmark-1747-1"
"/mnt/c/Users/Assay Surface/Desktop/Kirstin Kennedy/Drapers' Company. Images of Plate/Plate_Turner Bequest_19oz7dwt_standard mark 1747-1748.jpg","Drapers' Company. Images of Plate","Plate Turner Bequest 19oz7dwt","standard mark","1747-1748","1747","primary","0","drapers-company-images-of-plate-plate-turner-bequest-19oz7dwt-standard-mark-1747","hallmarks/drapers-company-images-of-plate-plate-turner-bequest-19oz7dwt-standard-mark-1747-0"
"/mnt/c/Users/Assay Surface/Desktop/Kirstin Kennedy/Drapers' Company. Images of Plate/Rives Salver_hallmark 1700-01.jpg","Drapers' Company. Images of Plate","Rives Salver","hallmark","1700-01","1700","primary","0","drapers-company-images-of-plate-rives-salver-hallmark-1700","hallmarks/drapers-company-images-of-plate-rives-salver-hallmark-1700-0"
"/mnt/c/Users/Assay Surface/Desktop/Kirstin Kennedy/Drapers' Company. Images of Plate/Salt_date letter_1804-05.jpg","Drapers' Company. Images of Plate","Salt","date letter","1804-05","1804","primary","0","drapers-company-images-of-plate-salt-date-letter-1804","hallmarks/drapers-company-images-of-plate-salt-date-letter-1804-0"
"/mnt/c/Users/Assay Surface/Desktop/Kirstin Kennedy/Drapers' Company. Images of Plate/Salt_date letter_1804-05_dimensions.jpg","Drapers' Company. Images of Plate","Salt","date letter","1804-05","1804","dimensions","1","drapers-company-images-of-plate-salt-date-letter-1804","hallmarks/drapers-company-images-of-plate-salt-date-letter-1804-1"
"/mnt/c/Users/Assay Surface/Desktop/Kirstin Kennedy/Drapers' Company. Images of Plate/Salt_duty mark_1804-05.jpg","Drapers' Company. Images of Plate","Salt","duty mark","1804-05","1804","primary","0","drapers-company-images-of-plate-salt-duty-mark-1804","hallmarks/drapers-company-images-of-plate-salt-duty-mark-1804-0"
"/mnt/c/Users/Assay Surface/Desktop/Kirstin Kennedy/Drapers' Company. Images of Plate/Salt_hallmark_1804-05.jpg","Drapers' Company. Images of Plate","Salt","hallmark","1804-05","1804","primary","0","drapers-company-images-of-plate-salt-hallmark-1804","hallmarks/drapers-company-images-of-plate-salt-hallmark-1804-0"
"/mnt/c/Users/Assay Surface/Desktop/Kirstin Kennedy/Drapers' Company. Images of Plate/Salt_hallmark_1804-05_dimensions.jpg","Drapers' Company. Images of Plate","Salt","hallmark","1804-05","1804","dimensions","1","drapers-company-images-of-plate-salt-hallmark-1804","hallmarks/drapers-company-images-of-plate-salt-hallmark-1804-1"
"/mnt/c/Users/Assay Surface/Desktop/Kirstin Kennedy/Drapers' Company. Images of Plate/Salt_standard mark_1804-05.jpg","Drapers' Company. Images of Plate","Salt","standard mark","1804-05","1804","primary","1","drapers-company-images-of-plate-salt-standard-mark-1804","hallmarks/drapers-company-images-of-plate-salt-standard-mark-1804-1"
"/mnt/c/Users/Assay Surface/Desktop/Kirstin Kennedy/Drapers' Company. Images of Plate/Salt_standard mark_1804-05_bowl of salt.jpg","Drapers' Company. Images of Plate","Salt","standard mark","1804-05","1804","primary","0","drapers-company-images-of-plate-salt-standard-mark-1804","hallmarks/drapers-company-images-of-plate-salt-standard-mark-1804-0"
"/mnt/c/Users/Assay Surface/Desktop/Kirstin Kennedy/Drapers' Company. Images of Plate/Salt_standard mark_1804-05_dimensions.jpg","Drapers' Company. Images of Plate","Salt","standard mark","1804-05","1804","dimensions","2","drapers-company-images-of-plate-salt-standard-mark-1804","hallmarks/drapers-company-images-of-plate-salt-standard-mark-1804-2"
"/mnt/c/Users/Assay Surface/Desktop/Kirstin Kennedy/Drapers' Company. Images of Plate/Soley decanter stand_date letter_1831-32.jpg","Drapers' Company. Images of Plate","Soley decanter stand","date letter","1831-32","1831","primary","0","drapers-company-images-of-plate-soley-decanter-stand-date-letter-1831","hallmarks/drapers-company-images-of-plate-soley-decanter-stand-date-letter-1831-0"
"/mnt/c/Users/Assay Surface/Desktop/Kirstin Kennedy/Drapers' Company. Images of Plate/Soley decanter stand_date letter_1831-32_dimensions.jpg","Drapers' Company. Images of Plate","Soley decanter stand","date letter","1831-32","1831","dimensions","1","drapers-company-images-of-plate-soley-decanter-stand-date-letter-1831","hallmarks/drapers-company-images-of-plate-soley-decanter-stand-date-letter-1831-1"
"/mnt/c/Users/Assay Surface/Desktop/Kirstin Kennedy/Drapers' Company. Images of Plate/Soley decanter stand_duty mark_1831-32.jpg","Drapers' Company. Images of Plate","Soley decanter stand","duty mark","1831-32","1831","primary","0","drapers-company-images-of-plate-soley-decanter-stand-duty-mark-1831","hallmarks/drapers-company-images-of-plate-soley-decanter-stand-duty-mark-1831-0"
"/mnt/c/Users/Assay Surface/Desktop/Kirstin Kennedy/Drapers' Company. Images of Plate/Soley decanter stand_hallmark_1831-32.jpg","Drapers' Company. Images of Plate","Soley decanter stand","hallmark","1831-32","1831","primary","0","drapers-company-images-of-plate-soley-decanter-stand-hallmark-1831","hallmarks/drapers-company-images-of-plate-soley-decanter-stand-hallmark-1831-0"
"/mnt/c/Users/Assay Surface/Desktop/Kirstin Kennedy/Drapers' Company. Images of Plate/Soley decanter stand_hallmark_1831-32_dimensions.jpg","Drapers' Company. Images of Plate","Soley decanter stand","hallmark","1831-32","1831","dimensions","1","drapers-company-images-of-plate-soley-decanter-stand-hallmark-1831","hallmarks/drapers-company-images-of-plate-soley-decanter-stand-hallmark-1831-1"
"/mnt/c/Users/Assay Surface/Desktop/Kirstin Kennedy/Drapers' Company. Images of Plate/Soley decanter stand_standard mark_1831-32.jpg","Drapers' Company. Images of Plate","Soley decanter stand","standard mark","1831-32","1831","primary","0","drapers-company-images-of-plate-soley-decanter-stand-standard-mark-1831","hallmarks/drapers-company-images-of-plate-soley-decanter-stand-standard-mark-1831-0"
"/mnt/c/Users/Assay Surface/Desktop/Kirstin Kennedy/Drapers' Company. Images of Plate/Soley decanter stand_standard mark_1831-32_dimensions.jpg","Drapers' Company. Images of Plate","Soley decanter stand","standard mark","1831-32","1831","dimensions","1","drapers-company-images-of-plate-soley-decanter-stand-standard-mark-1831","hallmarks/drapers-company-images-of-plate-soley-decanter-stand-standard-mark-1831-1"
"/mnt/c/Users/Assay Surface/Desktop/Kirstin Kennedy/Drapers' Company. Images of Plate/Stern tankard body date letter 1671-72.jpg","Drapers' Company. Images of Plate","Stern tankard body","date letter","1671-72","1671","primary","0","drapers-company-images-of-plate-stern-tankard-body-date-letter-1671","hallmarks/drapers-company-images-of-plate-stern-tankard-body-date-letter-1671-0"
"/mnt/c/Users/Assay Surface/Desktop/Kirstin Kennedy/Drapers' Company. Images of Plate/Stern tankard body hallmark 1671-72.jpg","Drapers' Company. Images of Plate","Stern tankard body","hallmark","1671-72","1671","primary","0","drapers-company-images-of-plate-stern-tankard-body-hallmark-1671","hallmarks/drapers-company-images-of-plate-stern-tankard-body-hallmark-1671-0"
"/mnt/c/Users/Assay Surface/Desktop/Kirstin Kennedy/Drapers' Company. Images of Plate/Stern tankard body hallmark 1671-72_dimensions.jpg","Drapers' Company. Images of Plate","Stern tankard body","hallmark","1671-72","1671","dimensions","1","drapers-company-images-of-plate-stern-tankard-body-hallmark-1671","hallmarks/drapers-company-images-of-plate-stern-tankard-body-hallmark-1671-1"
"/mnt/c/Users/Assay Surface/Desktop/Kirstin Kennedy/Drapers' Company. Images of Plate/Stern tankard lid hallmark 1671-72.jpg","Drapers' Company. Images of Plate","Stern tankard lid","hallmark","1671-72","1671","primary","0","drapers-company-images-of-plate-stern-tankard-lid-hallmark-1671","hallmarks/drapers-company-images-of-plate-stern-tankard-lid-hallmark-1671-0"
"/mnt/c/Users/Assay Surface/Desktop/Kirstin Kennedy/Drapers' Company. Images of Plate/Stern tankard lid standard mark 1671-72.jpg","Drapers' Company. Images of Plate","Stern tankard lid","standard mark","1671-72","1671","primary","0","drapers-company-images-of-plate-stern-tankard-lid-standard-mark-1671","hallmarks/drapers-company-images-of-plate-stern-tankard-lid-standard-mark-1671-0"
"/mnt/c/Users/Assay Surface/Desktop/Kirstin Kennedy/Drapers' Company. Images of Plate/Taylor cup_date letter_1699-1700.jpg","Drapers' Company. Images of Plate","Taylor cup","date letter","1699-1700","1699","primary","0","drapers-company-images-of-plate-taylor-cup-date-letter-1699","hallmarks/drapers-company-images-of-plate-taylor-cup-date-letter-1699-0"
"/mnt/c/Users/Assay Surface/Desktop/Kirstin Kennedy/Drapers' Company. Images of Plate/Taylor cup_hallmark_1699-1700.jpg","Drapers' Company. Images of Plate","Taylor cup","hallmark","1699-1700","1699","primary","0","drapers-company-images-of-plate-taylor-cup-hallmark-1699","hallmarks/drapers-company-images-of-plate-taylor-cup-hallmark-1699-0"
"/mnt/c/Users/Assay Surface/Desktop/Kirstin Kennedy/Drapers' Company. Images of Plate/Taylor cup_hallmark_1699-1700_dimension.jpg","Drapers' Company. Images of Plate","Taylor cup","hallmark","1699-1700","1699","dimensions","1","drapers-company-images-of-plate-taylor-cup-hallmark-1699","hallmarks/drapers-company-images-of-plate-taylor-cup-hallmark-1699-1"
"/mnt/c/Users/Assay Surface/Desktop/Kirstin Kennedy/Drapers' Company. Images of Plate/Wrench salver_date letter_1838-39.jpg","Drapers' Company. Images of Plate","Wrench salver","date letter","1838-39","1838","primary","0","drapers-company-images-of-plate-wrench-salver-date-letter-1838","hallmarks/drapers-company-images-of-plate-wrench-salver-date-letter-1838-0"
"/mnt/c/Users/Assay Surface/Desktop/Kirstin Kennedy/Drapers' Company. Images of Plate/Wrench salver_date letter_1838-39_dimensions.jpg","Drapers' Company. Images of Plate","Wrench salver","date letter","1838-39","1838","dimensions","1","drapers-company-images-of-plate-wrench-salver-date-letter-1838","hallmarks/drapers-company-images-of-plate-wrench-salver-date-letter-1838-1"
"/mnt/c/Users/Assay Surface/Desktop/Kirstin Kennedy/Drapers' Company. Images of Plate/Wrench salver_duty mark_1838-39.jpg","Drapers' Company. Images of Plate","Wrench salver","duty mark","1838-39","1838","primary","0","drapers-company-images-of-plate-wrench-salver-duty-mark-1838","hallmarks/drapers-company-images-of-plate-wrench-salver-duty-mark-1838-0"
"/mnt/c/Users/Assay Surface/Desktop/Kirstin Kennedy/Drapers' Company. Images of Plate/Wrench salver_hallmark_1838-39.jpg","Drapers' Company. Images of Plate","Wrench salver","hallmark","1838-39","1838","primary","0","drapers-company-images-of-plate-wrench-salver-hallmark-1838","hallmarks/drapers-company-images-of-plate-wrench-salver-hallmark-1838-0"
"/mnt/c/Users/Assay Surface/Desktop/Kirstin Kennedy/Drapers' Company. Images of Plate/Wrench salver_hallmark_1838-39_dimensions.jpg","Drapers' Company. Images of Plate","Wrench salver","hallmark","1838-39","1838","dimensions","1","drapers-company-images-of-plate-wrench-salver-hallmark-1838","hallmarks/drapers-company-images-of-plate-wrench-salver-hallmark-1838-1"
"/mnt/c/Users/Assay Surface/Desktop/Kirstin Kennedy/Drapers' Company. Images of Plate/Wrench salver_standard mark_1838-39.jpg","Drapers' Company. Images of Plate","Wrench salver","standard mark","1838-39","1838","primary","0","drapers-company-images-of-plate-wrench-salver-standard-mark-1838","hallmarks/drapers-company-images-of-plate-wrench-salver-standard-mark-1838-0"
"/mnt/c/Users/Assay Surface/Desktop/Kirstin Kennedy/Drapers' Company. Images of Plate/Wrench salver_standard mark_1838-39_dimensions.jpg","Drapers' Company. Images of Plate","Wrench salver","standard mark","1838-39","1838","dimensions","1","drapers-company-images-of-plate-wrench-salver-standard-mark-1838","hallmarks/drapers-company-images-of-plate-wrench-salver-standard-mark-1838-1"
"/mnt/c/Users/Assay Surface/Desktop/Kirstin Kennedy/Fake/GHAC  9648_date letter K 1725.jpg","Fake","GHAC 9648","date letter","1725","1725","primary","0","fake-ghac-9648-date-letter-1725","hallmarks/fake-ghac-9648-date-letter-1725-0"
"/mnt/c/Users/Assay Surface/Desktop/Kirstin Kennedy/Fake/GHAC 9647_Britannia hallmark.jpg","Fake","GHAC 9647","britannia hallmark","","","primary","0","fake-ghac-9647-britannia-hallmark-unknown","hallmarks/fake-ghac-9647-britannia-hallmark-unknown-0"
"/mnt/c/Users/Assay Surface/Desktop/Kirstin Kennedy/Fake/GHAC 9647_Britannia hallmark_dimensions.jpg","Fake","GHAC 9647","britannia hallmark","","","dimensions","1","fake-ghac-9647-britannia-hallmark-unknown","hallmarks/fake-ghac-9647-britannia-hallmark-unknown-1"
"/mnt/c/Users/Assay Surface/Desktop/Kirstin Kennedy/Fake/GHAC 9647_Britannia standard mark.jpg","Fake","GHAC 9647","britannia standard mark","","","primary","0","fake-ghac-9647-britannia-standard-mark-unknown","hallmarks/fake-ghac-9647-britannia-standard-mark-unknown-0"
"/mnt/c/Users/Assay Surface/Desktop/Kirstin Kennedy/Fake/GHAC 9647_Britannia standard mark_dimensions.jpg","Fake","GHAC 9647","britannia standard mark","","","dimensions","1","fake-ghac-9647-britannia-standard-mark-unknown","hallmarks/fake-ghac-9647-britannia-standard-mark-unknown-1"
"/mnt/c/Users/Assay Surface/Desktop/Kirstin Kennedy/Fake/GHAC 9647_date letter K 1725.jpg","Fake","GHAC 9647","date letter","1725","1725","primary","0","fake-ghac-9647-date-letter-1725","hallmarks/fake-ghac-9647-date-letter-1725-0"
"/mnt/c/Users/Assay Surface/Desktop/Kirstin Kennedy/Fake/GHAC 9647_date letter K 1725_dimensions.jpg","Fake","GHAC 9647","date letter","1725","1725","dimensions","1","fake-ghac-9647-date-letter-1725","hallmarks/fake-ghac-9647-date-letter-1725-1"
"/mnt/c/Users/Assay Surface/Desktop/Kirstin Kennedy/Fake/GHAC 9647_sponsor mark.jpg","Fake","GHAC 9647","sponsor mark","","","primary","0","fake-ghac-9647-sponsor-mark-unknown","hallmarks/fake-ghac-9647-sponsor-mark-unknown-0"
"/mnt/c/Users/Assay Surface/Desktop/Kirstin Kennedy/Fake/GHAC 9647_sponsor mark_dimension.jpg","Fake","GHAC 9647","sponsor mark","","","dimensions","1","fake-ghac-9647-sponsor-mark-unknown","hallmarks/fake-ghac-9647-sponsor-mark-unknown-1"
"/mnt/c/Users/Assay Surface/Desktop/Kirstin Kennedy/Fake/GHAC 9648_Britannia hallmark.jpg","Fake","GHAC 9648","britannia hallmark","","","primary","0","fake-ghac-9648-britannia-hallmark-unknown","hallmarks/fake-ghac-9648-britannia-hallmark-unknown-0"
"/mnt/c/Users/Assay Surface/Desktop/Kirstin Kennedy/Fake/GHAC 9648_Britannia standard mark_dimensions.jpg","Fake","GHAC 9648","britannia standard mark","","","dimensions","0","fake-ghac-9648-britannia-standard-mark-unknown","hallmarks/fake-ghac-9648-britannia-standard-mark-unknown-0"
"/mnt/c/Users/Assay Surface/Desktop/Kirstin Kennedy/Fake/GHAC 9648_date letter K_1725_dimensions.jpg","Fake","GHAC 9648","date letter","1725","1725","dimensions","1","fake-ghac-9648-date-letter-1725","hallmarks/fake-ghac-9648-date-letter-1725-1"
"/mnt/c/Users/Assay Surface/Desktop/Kirstin Kennedy/Fake/GHAC 9648_sponsor mark dimensions.jpg","Fake","GHAC 9648","sponsor mark","","","dimensions","1","fake-ghac-9648-sponsor-mark-unknown","hallmarks/fake-ghac-9648-sponsor-mark-unknown-1"
"/mnt/c/Users/Assay Surface/Desktop/Kirstin Kennedy/Fake/GHAC 9648_sponsor mark.jpg","Fake","GHAC 9648","sponsor mark","","","primary","0","fake-ghac-9648-sponsor-mark-unknown","hallmarks/fake-ghac-9648-sponsor-mark-unknown-0"
"/mnt/c/Users/Assay Surface/Desktop/Kirstin Kennedy/Fake/GHAC 9649_date letter R.jpg","Fake","GHAC 9649","date letter","","","primary","0","fake-ghac-9649-date-letter-unknown","hallmarks/fake-ghac-9649-date-letter-unknown-0"
"/mnt/c/Users/Assay Surface/Desktop/Kirstin Kennedy/Fake/GHAC 9649_date letter R_1732_dimensions.jpg","Fake","GHAC 9649","date letter","1732","1732","dimensions","0","fake-ghac-9649-date-letter-1732","hallmarks/fake-ghac-9649-date-letter-1732-0"
"/mnt/c/Users/Assay Surface/Desktop/Kirstin Kennedy/Fake/GHAC 9649_hallmark.jpg","Fake","GHAC 9649","hallmark","","","primary","0","fake-ghac-9649-hallmark-unknown","hallmarks/fake-ghac-9649-hallmark-unknown-0"
"/mnt/c/Users/Assay Surface/Desktop/Kirstin Kennedy/Fake/GHAC 9649_hallmark_dimensions.jpg","Fake","GHAC 9649","hallmark","","","dimensions","1","fake-ghac-9649-hallmark-unknown","hallmarks/fake-ghac-9649-hallmark-unknown-1"
"/mnt/c/Users/Assay Surface/Desktop/Kirstin Kennedy/Fake/GHAC 9649_sponsor mark_dimensions.jpg","Fake","GHAC 9649","sponsor mark","","","dimensions","1","fake-ghac-9649-sponsor-mark-unknown","hallmarks/fake-ghac-9649-sponsor-mark-unknown-1"
"/mnt/c/Users/Assay Surface/Desktop/Kirstin Kennedy/Fake/GHAC 9649_sterling mark.jpg","Fake","GHAC 9649","sterling mark","","","primary","0","fake-ghac-9649-sterling-mark-unknown","hallmarks/fake-ghac-9649-sterling-mark-unknown-0"
"/mnt/c/Users/Assay Surface/Desktop/Kirstin Kennedy/Fake/GHAC 9649_sterling mark_dimensions.jpg","Fake","GHAC 9649","sterling mark","","","dimensions","1","fake-ghac-9649-sterling-mark-unknown","hallmarks/fake-ghac-9649-sterling-mark-unknown-1"
"/mnt/c/Users/Assay Surface/Desktop/Kirstin Kennedy/Fake/GHAC 9650 Britannia standard mark.jpg","Fake","GHAC 9650","britannia standard mark","","","primary","0","fake-ghac-9650-britannia-standard-mark-unknown","hallmarks/fake-ghac-9650-britannia-standard-mark-unknown-0"
"/mnt/c/Users/Assay Surface/Desktop/Kirstin Kennedy/Fake/GHAC 9650_Britannia hallmark_dimensions.jpg","Fake","GHAC 9650","britannia hallmark","","","dimensions","0","fake-ghac-9650-britannia-hallmark-unknown","hallmarks/fake-ghac-9650-britannia-hallmark-unknown-0"
"/mnt/c/Users/Assay Surface/Desktop/Kirstin Kennedy/Fake/GHAC 9650_Britannia standard mark_dimensions.jpg","Fake","GHAC 9650","britannia standard mark","","","dimensions","1","fake-ghac-9650-britannia-standard-mark-unknown","hallmarks/fake-ghac-9650-britannia-standard-mark-unknown-1"
"/mnt/c/Users/Assay Surface/Desktop/Kirstin Kennedy/Fake/GHAC 9650_date letter 1730_dimensions.jpg","Fake","GHAC 9650","date letter","1730","1730","dimensions","0","fake-ghac-9650-date-letter-1730","hallmarks/fake-ghac-9650-date-letter-1730-0"
"/mnt/c/Users/Assay Surface/Desktop/Kirstin Kennedy/Fake/GHAC 9651_Britannia standard mark.jpg","Fake","GHAC 9651","britannia standard mark","","","primary","0","fake-ghac-9651-britannia-standard-mark-unknown","hallmarks/fake-ghac-9651-britannia-standard-mark-unknown-0"
"/mnt/c/Users/Assay Surface/Desktop/Kirstin Kennedy/Fake/GHAC 9651_sponsor mark.jpg","Fake","GHAC 9651","sponsor mark","","","primary","0","fake-ghac-9651-sponsor-mark-unknown","hallmarks/fake-ghac-9651-sponsor-mark-unknown-0"
"/mnt/c/Users/Assay Surface/Desktop/Kirstin Kennedy/Fake/GHAC 9652_sponsor mark dimensions.jpg","Fake","GHAC 9652","sponsor mark","","","dimensions","1","fake-ghac-9652-sponsor-mark-unknown","hallmarks/fake-ghac-9652-sponsor-mark-unknown-1"
"/mnt/c/Users/Assay Surface/Desktop/Kirstin Kennedy/Fake/GHAC 9652_sponsor mark.jpg","Fake","GHAC 9652","sponsor mark","","","primary","0","fake-ghac-9652-sponsor-mark-unknown","hallmarks/fake-ghac-9652-sponsor-mark-unknown-0"
"/mnt/c/Users/Assay Surface/Desktop/Kirstin Kennedy/Fake/GHAC 9652_sterling mark.jpg","Fake","GHAC 9652","sterling mark","","","primary","0","fake-ghac-9652-sterling-mark-unknown","hallmarks/fake-ghac-9652-sterling-mark-unknown-0"
"/mnt/c/Users/Assay Surface/Desktop/Kirstin Kennedy/Fake/GHAC 9652_sterling mark_dimensions.jpg","Fake","GHAC 9652","sterling mark","","","dimensions","1","fake-ghac-9652-sterling-mark-unknown","hallmarks/fake-ghac-9652-sterling-mark-unknown-1"
"/mnt/c/Users/Assay Surface/Desktop/Kirstin Kennedy/Fake/GHAC_9649_sponsor mark.jpg","Fake","GHAC 9649","sponsor mark","","","primary","0","fake-ghac-9649-sponsor-mark-unknown","hallmarks/fake-ghac-9649-sponsor-mark-unknown-0"
"/mnt/c/Users/Assay Surface/Desktop/Kirstin Kennedy/Fake/GHAC_9651_Britannia hallmark.jpg","Fake","GHAC 9651","britannia hallmark","","","primary","0","fake-ghac-9651-britannia-hallmark-unknown","hallmarks/fake-ghac-9651-britannia-hallmark-unknown-0"
"/mnt/c/Users/Assay Surface/Desktop/Kirstin Kennedy/Fake/GHAC_9651_Britannia hallmark_dimensions.jpg","Fake","GHAC 9651","britannia hallmark","","","dimensions","1","fake-ghac-9651-britannia-hallmark-unknown","hallmarks/fake-ghac-9651-britannia-hallmark-unknown-1"
"/mnt/c/Users/Assay Surface/Desktop/Kirstin Kennedy/Fake/GHAC_9651_date letter H.jpg","Fake","GHAC 9651","date letter","","","primary","0","fake-ghac-9651-date-letter-unknown","hallmarks/fake-ghac-9651-date-letter-unknown-0"
"/mnt/c/Users/Assay Surface/Desktop/Kirstin Kennedy/Fake/GHAC_9651_date letter H_dimensions.jpg","Fake","GHAC 9651","date letter","","","dimensions","1","fake-ghac-9651-date-letter-unknown","hallmarks/fake-ghac-9651-date-letter-unknown-1"
"/mnt/c/Users/Assay Surface/Desktop/Kirstin Kennedy/Fishmongers' Company plate/De Lamerie cup_sterling sponsor mark_1737-38.jpg","Fishmongers' Company plate","De Lamerie cup","sterling sponsor mark","1737-38","1737","primary","0","fishmongers-company-plate-de-lamerie-cup-sterling-sponsor-mark-1737","hallmarks/fishmongers-company-plate-de-lamerie-cup-sterling-sponsor-mark-1737-0"
"/mnt/c/Users/Assay Surface/Desktop/Kirstin Kennedy/Fishmongers' Company plate/De Lamerie cup_sterling sponsor mark_1737-38_dimensions.jpg","Fishmongers' Company plate","De Lamerie cup","sterling sponsor mark","1737-38","1737","dimensions","1","fishmongers-company-plate-de-lamerie-cup-sterling-sponsor-mark-1737","hallmarks/fishmongers-company-plate-de-lamerie-cup-sterling-sponsor-mark-1737-1"
"/mnt/c/Users/Assay Surface/Desktop/Kirstin Kennedy/Fishmongers' Company plate/De Lamerie cup_sterling_date letter 1737-38.jpg","Fishmongers' Company plate","De Lamerie cup sterling","date letter","1737-38","1737","primary","0","fishmongers-company-plate-de-lamerie-cup-sterling-date-letter-1737","hallmarks/fishmongers-company-plate-de-lamerie-cup-sterling-date-letter-1737-0"
"/mnt/c/Users/Assay Surface/Desktop/Kirstin Kennedy/Fishmongers' Company plate/De Lamerie cup_sterling_hallmark 1737-38.jpg","Fishmongers' Company plate","De Lamerie cup sterling","hallmark","1737-38","1737","primary","0","fishmongers-company-plate-de-lamerie-cup-sterling-hallmark-1737","hallmarks/fishmongers-company-plate-de-lamerie-cup-sterling-hallmark-1737-0"
"/mnt/c/Users/Assay Surface/Desktop/Kirstin Kennedy/Fishmongers' Company plate/Tankard_sponsor IC_hallmark 1681-82.jpg","Fishmongers' Company plate","Tankard","sponsor mark","1681-82","1681","primary","0","fishmongers-company-plate-tankard-sponsor-mark-1681","hallmarks/fishmongers-company-plate-tankard-sponsor-mark-1681-0"
"/mnt/c/Users/Assay Surface/Desktop/Kirstin Kennedy/Fishmongers' Company plate/Tankard_sponsor IC_hallmark 1681-82_dimensions.jpg","Fishmongers' Company plate","Tankard","sponsor mark","1681-82","1681","dimensions","1","fishmongers-company-plate-tankard-sponsor-mark-1681","hallmarks/fishmongers-company-plate-tankard-sponsor-mark-1681-1"
"/mnt/c/Users/Assay Surface/Desktop/Kirstin Kennedy/Fishmongers' Company plate/Tankard_sponsor RH_date letter 1669-70.jpg","Fishmongers' Company plate","Tankard","sponsor mark","1669-70","1669","primary","0","fishmongers-company-plate-tankard-sponsor-mark-1669","hallmarks/fishmongers-company-plate-tankard-sponsor-mark-1669-0"
"/mnt/c/Users/Assay Surface/Desktop/Kirstin Kennedy/Fishmongers' Company plate/Tankard_sponsor RH_date letter 1669-70_dimensions.jpg","Fishmongers' Company plate","Tankard","sponsor mark","1669-70","1669","dimensions","2","fishmongers-company-plate-tankard-sponsor-mark-1669","hallmarks/fishmongers-company-plate-tankard-sponsor-mark-1669-2"
"/mnt/c/Users/Assay Surface/Desktop/Kirstin Kennedy/Fishmongers' Company plate/Tankard_sponsor RH_hallmark 1669-70.jpg","Fishmongers' Company plate","Tankard","sponsor mark","1669-70","1669","primary","1","fishmongers-company-plate-tankard-sponsor-mark-1669","hallmarks/fishmongers-company-plate-tankard-sponsor-mark-1669-1"
"/mnt/c/Users/Assay Surface/Desktop/Kirstin Kennedy/Fishmongers' Company plate/Tureen_sponsor PP_hallmark 1805-06.jpg","Fishmongers' Company plate","Tureen","sponsor mark","1805-06","1805","primary","0","fishmongers-company-plate-tureen-sponsor-mark-1805","hallmarks/fishmongers-company-plate-tureen-sponsor-mark-1805-0"
"/mnt/c/Users/Assay Surface/Desktop/Kirstin Kennedy/Fishmongers' Company plate/Tyrone cup_date letter 1747-48_dimensions.jpg","Fishmongers' Company plate","Tyrone cup","date letter","1747-48","1747","dimensions","0","fishmongers-company-plate-tyrone-cup-date-letter-1747","hallmarks/fishmongers-company-plate-tyrone-cup-date-letter-1747-0"
"/mnt/c/Users/Assay Surface/Desktop/Kirstin Kennedy/Fishmongers' Company plate/Tyrone cup_hallmark_dimensions_1747-48.jpg","Fishmongers' Company plate","Tyrone cup","hallmark","1747-48","1747","primary","0","fishmongers-company-plate-tyrone-cup-hallmark-1747","hallmarks/fishmongers-company-plate-tyrone-cup-hallmark-1747-0"
"/mnt/c/Users/Assay Surface/Desktop/Kirstin Kennedy/Fishmongers' Company plate/Tyrone cup_lid rim_date letter 1747-48.jpg","Fishmongers' Company plate","Tyrone cup lid rim","date letter","1747-48","1747","primary","0","fishmongers-company-plate-tyrone-cup-lid-rim-date-letter-1747","hallmarks/fishmongers-company-plate-tyrone-cup-lid-rim-date-letter-1747-0"
"/mnt/c/Users/Assay Surface/Desktop/Kirstin Kennedy/Fishmongers' Company plate/Wine cooler 2 liner_Robert Garrard_date letter 1824-25.jpg","Fishmongers' Company plate","Wine cooler 2 liner Robert Garrard","date letter","1824-25","1824","primary","0","fishmongers-company-plate-wine-cooler-2-liner-robert-garrard-date-letter-1824","hallmarks/fishmongers-company-plate-wine-cooler-2-liner-robert-garrard-date-letter-1824-0"
"/mnt/c/Users/Assay Surface/Desktop/Kirstin Kennedy/Fishmongers' Company plate/Wine cooler 2 rim liner_Robert Garrard_date letter 1824-25.jpg","Fishmongers' Company plate","Wine cooler 2 rim liner Robert Garrard","date letter","1824-25","1824","primary","0","fishmongers-company-plate-wine-cooler-2-rim-liner-robert-garrard-date-letter-1824","hallmarks/fishmongers-company-plate-wine-cooler-2-rim-liner-robert-garrard-date-letter-1824-0"
"/mnt/c/Users/Assay Surface/Desktop/Kirstin Kennedy/Fishmongers' Company plate/Wine cooler 2_Robert Garrard_hallmark 1824-25.jpg","Fishmongers' Company plate","Wine cooler 2 Robert Garrard","hallmark","1824-25","1824","primary","0","fishmongers-company-plate-wine-cooler-2-robert-garrard-hallmark-1824","hallmarks/fishmongers-company-plate-wine-cooler-2-robert-garrard-hallmark-1824-0"
"/mnt/c/Users/Assay Surface/Desktop/Kirstin Kennedy/Fishmongers' Company plate/Wine cooler 3 liner_Robert Garrard_date letter 1824-25.jpg","Fishmongers' Company plate","Wine cooler 3 liner Robert Garrard","date letter","1824-25","1824","primary","0","fishmongers-company-plate-wine-cooler-3-liner-robert-garrard-date-letter-1824","hallmarks/fishmongers-company-plate-wine-cooler-3-liner-robert-garrard-date-letter-1824-0"
"/mnt/c/Users/Assay Surface/Desktop/Kirstin Kennedy/Fishmongers' Company plate/Wine cooler 3 rim liner_Robert Garrard_date letter 1824-25.jpg","Fishmongers' Company plate","Wine cooler 3 rim liner Robert Garrard","date letter","1824-25","1824","primary","0","fishmongers-company-plate-wine-cooler-3-rim-liner-robert-garrard-date-letter-1824","hallmarks/fishmongers-company-plate-wine-cooler-3-rim-liner-robert-garrard-date-letter-1824-0"
"/mnt/c/Users/Assay Surface/Desktop/Kirstin Kennedy/Fishmongers' Company plate/Wine cooler 3_Robert Garrard_hallmark 1824-25.jpg","Fishmongers' Company plate","Wine cooler 3 Robert Garrard","hallmark","1824-25","1824","primary","0","fishmongers-company-plate-wine-cooler-3-robert-garrard-hallmark-1824","hallmarks/fishmongers-company-plate-wine-cooler-3-robert-garrard-hallmark-1824-0"
"/mnt/c/Users/Assay Surface/Desktop/Kirstin Kennedy/Fishmongers' Company plate/Wine cooler liner_Robert Garrard_date letter 1824-25.jpg","Fishmongers' Company plate","Wine cooler liner Robert Garrard","date letter","1824-25","1824","primary","0","fishmongers-company-plate-wine-cooler-liner-robert-garrard-date-letter-1824","hallmarks/fishmongers-company-plate-wine-cooler-liner-robert-garrard-date-letter-1824-0"
"/mnt/c/Users/Assay Surface/Desktop/Kirstin Kennedy/Fishmongers' Company plate/Wine cooler liner_Robert Garrard_date letter 1824-25_dimensions.jpg","Fishmongers' Company plate","Wine cooler liner Robert Garrard","date letter","1824-25","1824","dimensions","1","fishmongers-company-plate-wine-cooler-liner-robert-garrard-date-letter-1824","hallmarks/fishmongers-company-plate-wine-cooler-liner-robert-garrard-date-letter-1824-1"
"/mnt/c/Users/Assay Surface/Desktop/Kirstin Kennedy/Fishmongers' Company plate/Wine cooler liner_Robert Garrard_duty mark 1824-25.jpg","Fishmongers' Company plate","Wine cooler liner Robert Garrard","duty mark","1824-25","1824","primary","0","fishmongers-company-plate-wine-cooler-liner-robert-garrard-duty-mark-1824","hallmarks/fishmongers-company-plate-wine-cooler-liner-robert-garrard-duty-mark-1824-0"
"/mnt/c/Users/Assay Surface/Desktop/Kirstin Kennedy/Fishmongers' Company plate/Wine cooler rim liner_Robert Garrard_date letter 1824-25.jpg","Fishmongers' Company plate","Wine cooler rim liner Robert Garrard","date letter","1824-25","1824","primary","0","fishmongers-company-plate-wine-cooler-rim-liner-robert-garrard-date-letter-1824","hallmarks/fishmongers-company-plate-wine-cooler-rim-liner-robert-garrard-date-letter-1824-0"
"/mnt/c/Users/Assay Surface/Desktop/Kirstin Kennedy/Fishmongers' Company plate/Wine cooler rim liner_Robert Garrard_date letter 1824-25_dimensions.jpg","Fishmongers' Company plate","Wine cooler rim liner Robert Garrard","date letter","1824-25","1824","dimensions","1","fishmongers-company-plate-wine-cooler-rim-liner-robert-garrard-date-letter-1824","hallmarks/fishmongers-company-plate-wine-cooler-rim-liner-robert-garrard-date-letter-1824-1"
"/mnt/c/Users/Assay Surface/Desktop/Kirstin Kennedy/Fishmongers' Company plate/Wine cooler rim liner_Robert Garrard_duty mark 1824-25.jpg","Fishmongers' Company plate","Wine cooler rim liner Robert Garrard","duty mark","1824-25","1824","primary","0","fishmongers-company-plate-wine-cooler-rim-liner-robert-garrard-duty-mark-1824","hallmarks/fishmongers-company-plate-wine-cooler-rim-liner-robert-garrard-duty-mark-1824-0"
"/mnt/c/Users/Assay Surface/Desktop/Kirstin Kennedy/Fishmongers' Company plate/Wine cooler_Robert Garrard_date letter 1824-25.jpg","Fishmongers' Company plate","Wine cooler Robert Garrard","date letter","1824-25","1824","primary","0","fishmongers-company-plate-wine-cooler-robert-garrard-date-letter-1824","hallmarks/fishmongers-company-plate-wine-cooler-robert-garrard-date-letter-1824-0"
"/mnt/c/Users/Assay Surface/Desktop/Kirstin Kennedy/Fishmongers' Company plate/Wine cooler_Robert Garrard_date letter 1824-25_dimensions.jpg","Fishmongers' Company plate","Wine cooler Robert Garrard","date letter","1824-25","1824","dimensions","1","fishmongers-company-plate-wine-cooler-robert-garrard-date-letter-1824","hallmarks/fishmongers-company-plate-wine-cooler-robert-garrard-date-letter-1824-1"
"/mnt/c/Users/Assay Surface/Desktop/Kirstin Kennedy/Fishmongers' Company plate/Wine cooler_Robert Garrard_duty mark 1824-25.jpg","Fishmongers' Company plate","Wine cooler Robert Garrard","duty mark","1824-25","1824","primary","0","fishmongers-company-plate-wine-cooler-robert-garrard-duty-mark-1824","hallmarks/fishmongers-company-plate-wine-cooler-robert-garrard-duty-mark-1824-0"
"/mnt/c/Users/Assay Surface/Desktop/Kirstin Kennedy/Haberdashers' Company plate marks/Beaufoy salver hallmark_1743-44.jpg","Haberdashers' Company plate marks","Beaufoy salver","hallmark","1743-44","1743","primary","0","haberdashers-company-plate-marks-beaufoy-salver-hallmark-1743","hallmarks/haberdashers-company-plate-marks-beaufoy-salver-hallmark-1743-0"
"/mnt/c/Users/Assay Surface/Desktop/Kirstin Kennedy/Haberdashers' Company plate marks/Beaufoy salver_date letter 1743-44.jpg","Haberdashers' Company plate marks","Beaufoy salver","date letter","1743-44","1743","primary","0","haberdashers-company-plate-marks-beaufoy-salver-date-letter-1743","hallmarks/haberdashers-company-plate-marks-beaufoy-salver-date-letter-1743-0"
"/mnt/c/Users/Assay Surface/Desktop/Kirstin Kennedy/Haberdashers' Company plate marks/Beaufoy salver_standard mark_1743-44.jpg","Haberdashers' Company plate marks","Beaufoy salver","standard mark","1743-44","1743","primary","0","haberdashers-company-plate-marks-beaufoy-salver-standard-mark-1743","hallmarks/haberdashers-company-plate-marks-beaufoy-salver-standard-mark-1743-0"
"/mnt/c/Users/Assay Surface/Desktop/Kirstin Kennedy/Haberdashers' Company plate marks/Candelabrum epergne_date letter and duty mark_1865-66 dimension (1).jpg","Haberdashers' Company plate marks","Candelabrum epergne","date letter and duty mark","1865-66","1865","dimensions","1","haberdashers-company-plate-marks-candelabrum-epergne-date-letter-and-duty-mark-1865","hallmarks/haberdashers-company-plate-marks-candelabrum-epergne-date-letter-and-duty-mark-1865-1"
"/mnt/c/Users/Assay Surface/Desktop/Kirstin Kennedy/Haberdashers' Company plate marks/Candelabrum epergne_date letter and duty mark_1865-66 dimension.jpg","Haberdashers' Company plate marks","Candelabrum epergne","date letter and duty mark","1865-66","1865","dimensions","2","haberdashers-company-plate-marks-candelabrum-epergne-date-letter-and-duty-mark-1865","hallmarks/haberdashers-company-plate-marks-candelabrum-epergne-date-letter-and-duty-mark-1865-2"
"/mnt/c/Users/Assay Surface/Desktop/Kirstin Kennedy/Haberdashers' Company plate marks/Candelabrum epergne_date letter and duty mark_1865-66.jpg","Haberdashers' Company plate marks","Candelabrum epergne","date letter and duty mark","1865-66","1865","primary","0","haberdashers-company-plate-marks-candelabrum-epergne-date-letter-and-duty-mark-1865","hallmarks/haberdashers-company-plate-marks-candelabrum-epergne-date-letter-and-duty-mark-1865-0"
"/mnt/c/Users/Assay Surface/Desktop/Kirstin Kennedy/Haberdashers' Company plate marks/Candelabrum epergne_hallmark_1865-66.jpg","Haberdashers' Company plate marks","Candelabrum epergne","hallmark","1865-66","1865","primary","0","haberdashers-company-plate-marks-candelabrum-epergne-hallmark-1865","hallmarks/haberdashers-company-plate-marks-candelabrum-epergne-hallmark-1865-0"
"/mnt/c/Users/Assay Surface/Desktop/Kirstin Kennedy/Haberdashers' Company plate marks/Candelabrum epergne_hallmark_1865-66_dimensions.jpg","Haberdashers' Company plate marks","Candelabrum epergne","hallmark","1865-66","1865","dimensions","1","haberdashers-company-plate-marks-candelabrum-epergne-hallmark-1865","hallmarks/haberdashers-company-plate-marks-candelabrum-epergne-hallmark-1865-1"
"/mnt/c/Users/Assay Surface/Desktop/Kirstin Kennedy/Haberdashers' Company plate marks/Candelabrum epergne_standard mark_1838-39.jpg","Haberdashers' Company plate marks","Candelabrum epergne","standard mark","1838-39","1838","primary","0","haberdashers-company-plate-marks-candelabrum-epergne-standard-mark-1838","hallmarks/haberdashers-company-plate-marks-candelabrum-epergne-standard-mark-1838-0"
"/mnt/c/Users/Assay Surface/Desktop/Kirstin Kennedy/Haberdashers' Company plate marks/Candelabrum epergne_standard mark_1865-66_dimensions.jpg","Haberdashers' Company plate marks","Candelabrum epergne","standard mark","1865-66","1865","dimensions","0","haberdashers-company-plate-marks-candelabrum-epergne-standard-mark-1865","hallmarks/haberdashers-company-plate-marks-candelabrum-epergne-standard-mark-1865-0"
"/mnt/c/Users/Assay Surface/Desktop/Kirstin Kennedy/Haberdashers' Company plate marks/Communion cup_Hoxton_date letter 1719-20.jpg","Haberdashers' Company plate marks","Communion cup Hoxton","date letter","1719-20","1719","primary","0","haberdashers-company-plate-marks-communion-cup-hoxton-date-letter-1719","hallmarks/haberdashers-company-plate-marks-communion-cup-hoxton-date-letter-1719-0"
"/mnt/c/Users/Assay Surface/Desktop/Kirstin Kennedy/Haberdashers' Company plate marks/Communion cup_Hoxton_hallmark 1719-20.jpg","Haberdashers' Company plate marks","Communion cup Hoxton","hallmark","1719-20","1719","primary","0","haberdashers-company-plate-marks-communion-cup-hoxton-hallmark-1719","hallmarks/haberdashers-company-plate-marks-communion-cup-hoxton-hallmark-1719-0"
"/mnt/c/Users/Assay Surface/Desktop/Kirstin Kennedy/Haberdashers' Company plate marks/Eagleton cup_date letter 1649-50.jpg","Haberdashers' Company plate marks","Eagleton cup","date letter","1649-50","1649","primary","0","haberdashers-company-plate-marks-eagleton-cup-date-letter-1649","hallmarks/haberdashers-company-plate-marks-eagleton-cup-date-letter-1649-0"
"/mnt/c/Users/Assay Surface/Desktop/Kirstin Kennedy/Haberdashers' Company plate marks/Flagon_Arnold Gift, hallmark 1670-71.jpg","Haberdashers' Company plate marks","Flagon Arnold Gift,","hallmark","1670-71","1670","primary","0","haberdashers-company-plate-marks-flagon-arnold-gift-hallmark-1670","hallmarks/haberdashers-company-plate-marks-flagon-arnold-gift-hallmark-1670-0"
"/mnt/c/Users/Assay Surface/Desktop/Kirstin Kennedy/Haberdashers' Company plate marks/Flagon_Arnold Gift, standard mark 1670-71.jpg","Haberdashers' Company plate marks","Flagon Arnold Gift,","standard mark","1670-71","1670","primary","0","haberdashers-company-plate-marks-flagon-arnold-gift-standard-mark-1670","hallmarks/haberdashers-company-plate-marks-flagon-arnold-gift-standard-mark-1670-0"
"/mnt/c/Users/Assay Surface/Desktop/Kirstin Kennedy/Haberdashers' Company plate marks/Flagon_Hoxton_date letter 1758-59.jpg","Haberdashers' Company plate marks","Flagon Hoxton","date letter","1758-59","1758","primary","0","haberdashers-company-plate-marks-flagon-hoxton-date-letter-1758","hallmarks/haberdashers-company-plate-marks-flagon-hoxton-date-letter-1758-0"
"/mnt/c/Users/Assay Surface/Desktop/Kirstin Kennedy/Haberdashers' Company plate marks/Flagon_Hoxton_hallmark 1758-59.jpg","Haberdashers' Company plate marks","Flagon Hoxton","hallmark","1758-59","1758","primary","0","haberdashers-company-plate-marks-flagon-hoxton-hallmark-1758","hallmarks/haberdashers-company-plate-marks-flagon-hoxton-hallmark-1758-0"
"/mnt/c/Users/Assay Surface/Desktop/Kirstin Kennedy/Haberdashers' Company plate marks/Flagon_Hoxton_standard mark 1758-59.jpg","Haberdashers' Company plate marks","Flagon Hoxton","standard mark","1758-59","1758","primary","0","haberdashers-company-plate-marks-flagon-hoxton-standard-mark-1758","hallmarks/haberdashers-company-plate-marks-flagon-hoxton-standard-mark-1758-0"
"/mnt/c/Users/Assay Surface/Desktop/Kirstin Kennedy/Haberdashers' Company plate marks/Haberdashers Co., White cup, date letter 1634-35, dimensions.jpg","Haberdashers' Company plate marks","Haberdashers Co., White cup,","date letter","1634-35","1634","dimensions","0","haberdashers-company-plate-marks-haberdashers-co-white-cup-date-letter-1634","hallmarks/haberdashers-company-plate-marks-haberdashers-co-white-cup-date-letter-1634-0"
"/mnt/c/Users/Assay Surface/Desktop/Kirstin Kennedy/Haberdashers' Company plate marks/Hamersley salt_date letter_base_1595-96.jpg","Haberdashers' Company plate marks","Hamersley salt","date letter","1595-96","1595","primary","0","haberdashers-company-plate-marks-hamersley-salt-date-letter-1595","hallmarks/haberdashers-company-plate-marks-hamersley-salt-date-letter-1595-0"
"/mnt/c/Users/Assay Surface/Desktop/Kirstin Kennedy/Haberdashers' Company plate marks/Hamersley salt_date letter_base_1595-96_dimensions.jpg","Haberdashers' Company plate marks","Hamersley salt","date letter","1595-96","1595","dimensions","2","haberdashers-company-plate-marks-hamersley-salt-date-letter-1595","hallmarks/haberdashers-company-plate-marks-hamersley-salt-date-letter-1595-2"
"/mnt/c/Users/Assay Surface/Desktop/Kirstin Kennedy/Haberdashers' Company plate marks/Hamersley salt_date letter_pan_1595-96.jpg","Haberdashers' Company plate marks","Hamersley salt","date letter","1595-96","1595","primary","1","haberdashers-company-plate-marks-hamersley-salt-date-letter-1595","hallmarks/haberdashers-company-plate-marks-hamersley-salt-date-letter-1595-1"
"/mnt/c/Users/Assay Surface/Desktop/Kirstin Kennedy/Haberdashers' Company plate marks/Hamersley salt_date letter_pan_1595-96_dimensions.jpg","Haberdashers' Company plate marks","Hamersley salt","date letter","1595-96","1595","dimensions","3","haberdashers-company-plate-marks-hamersley-salt-date-letter-1595","hallmarks/haberdashers-company-plate-marks-hamersley-salt-date-letter-1595-3"
"/mnt/c/Users/Assay Surface/Desktop/Kirstin Kennedy/Haberdashers' Company plate marks/Hamersley salt_hallmark_base_1595-96.jpg","Haberdashers' Company plate marks","Hamersley salt","hallmark","1595-96","1595","primary","0","haberdashers-company-plate-marks-hamersley-salt-hallmark-1595","hallmarks/haberdashers-company-plate-marks-hamersley-salt-hallmark-1595-0"
"/mnt/c/Users/Assay Surface/Desktop/Kirstin Kennedy/Haberdashers' Company plate marks/Hamersley salt_hallmark_base_1595-96_dimensions.jpg","Haberdashers' Company plate marks","Hamersley salt","hallmark","1595-96","1595","dimensions","2","haberdashers-company-plate-marks-hamersley-salt-hallmark-1595","hallmarks/haberdashers-company-plate-marks-hamersley-salt-hallmark-1595-2"
"/mnt/c/Users/Assay Surface/Desktop/Kirstin Kennedy/Haberdashers' Company plate marks/Hamersley salt_hallmark_pan_1595-96.jpg","Haberdashers' Company plate marks","Hamersley salt","hallmark","1595-96","1595","primary","1","haberdashers-company-plate-marks-hamersley-salt-hallmark-1595","hallmarks/haberdashers-company-plate-marks-hamersley-salt-hallmark-1595-1"
"/mnt/c/Users/Assay Surface/Desktop/Kirstin Kennedy/Haberdashers' Company plate marks/Hamersley salt_sterling mark_base_1595-96.jpg","Haberdashers' Company plate marks","Hamersley salt","sterling mark","1595-96","1595","primary","0","haberdashers-company-plate-marks-hamersley-salt-sterling-mark-1595","hallmarks/haberdashers-company-plate-marks-hamersley-salt-sterling-mark-1595-0"
"/mnt/c/Users/Assay Surface/Desktop/Kirstin Kennedy/Haberdashers' Company plate marks/Hamersley salt_sterling mark_base_1595-96_dimensions.jpg","Haberdashers' Company plate marks","Hamersley salt","sterling mark","1595-96","1595","dimensions","2","haberdashers-company-plate-marks-hamersley-salt-sterling-mark-1595","hallmarks/haberdashers-company-plate-marks-hamersley-salt-sterling-mark-1595-2"
"/mnt/c/Users/Assay Surface/Desktop/Kirstin Kennedy/Haberdashers' Company plate marks/Hamersley salt_sterling mark_pan_1595-96.jpg","Haberdashers' Company plate marks","Hamersley salt","sterling mark","1595-96","1595","primary","1","haberdashers-company-plate-marks-hamersley-salt-sterling-mark-1595","hallmarks/haberdashers-company-plate-marks-hamersley-salt-sterling-mark-1595-1"
"/mnt/c/Users/Assay Surface/Desktop/Kirstin Kennedy/Haberdashers' Company plate marks/Harris salver date letter 1764-65.jpg","Haberdashers' Company plate marks","Harris salver","date letter","1764-65","1764","primary","0","haberdashers-company-plate-marks-harris-salver-date-letter-1764","hallmarks/haberdashers-company-plate-marks-harris-salver-date-letter-1764-0"
"/mnt/c/Users/Assay Surface/Desktop/Kirstin Kennedy/Haberdashers' Company plate marks/Harris salver date letter 1764-65_dimensions.jpg","Haberdashers' Company plate marks","Harris salver","date letter","1764-65","1764","dimensions","1","haberdashers-company-plate-marks-harris-salver-date-letter-1764","hallmarks/haberdashers-company-plate-marks-harris-salver-date-letter-1764-1"
"/mnt/c/Users/Assay Surface/Desktop/Kirstin Kennedy/Haberdashers' Company plate marks/Ivatt cup date letter 1629-30.jpg","Haberdashers' Company plate marks","Ivatt cup","date letter","1629-30","1629","primary","0","haberdashers-company-plate-marks-ivatt-cup-date-letter-1629","hallmarks/haberdashers-company-plate-marks-ivatt-cup-date-letter-1629-0"
"/mnt/c/Users/Assay Surface/Desktop/Kirstin Kennedy/Haberdashers' Company plate marks/Ivatt cup date letter 1629-30_dimensions.jpg","Haberdashers' Company plate marks","Ivatt cup","date letter","1629-30","1629","dimensions","1","haberdashers-company-plate-marks-ivatt-cup-date-letter-1629","hallmarks/haberdashers-company-plate-marks-ivatt-cup-date-letter-1629-1"
"/mnt/c/Users/Assay Surface/Desktop/Kirstin Kennedy/Haberdashers' Company plate marks/Ivatt cup hallmark 1629-30.jpg","Haberdashers' Company plate marks","Ivatt cup","hallmark","1629-30","1629","primary","0","haberdashers-company-plate-marks-ivatt-cup-hallmark-1629","hallmarks/haberdashers-company-plate-marks-ivatt-cup-hallmark-1629-0"
"/mnt/c/Users/Assay Surface/Desktop/Kirstin Kennedy/Haberdashers' Company plate marks/Ivatt cup lid_date letter and hallmark 1851-52.jpg","Haberdashers' Company plate marks","Ivatt cup lid","date letter","1851-52","1851","primary","0","haberdashers-company-plate-marks-ivatt-cup-lid-date-letter-1851","hallmarks/haberdashers-company-plate-marks-ivatt-cup-lid-date-letter-1851-0"
"/mnt/c/Users/Assay Surface/Desktop/Kirstin Kennedy/Haberdashers' Company plate marks/Ivatt cup standard mark_1629-30.jpg","Haberdashers' Company plate marks","Ivatt cup","standard mark","1629-30","1629","primary","0","haberdashers-company-plate-marks-ivatt-cup-standard-mark-1629","hallmarks/haberdashers-company-plate-marks-ivatt-cup-standard-mark-1629-0"
"/mnt/c/Users/Assay Surface/Desktop/Kirstin Kennedy/Haberdashers' Company plate marks/Liddiard rose bowl_date letter 1840-41 dimensions.jpg","Haberdashers' Company plate marks","Liddiard rose bowl","date letter","1840-41","1840","dimensions","1","haberdashers-company-plate-marks-liddiard-rose-bowl-date-letter-1840","hallmarks/haberdashers-company-plate-marks-liddiard-rose-bowl-date-letter-1840-1"
"/mnt/c/Users/Assay Surface/Desktop/Kirstin Kennedy/Haberdashers' Company plate marks/Liddiard rose bowl_date letter 1840-41.jpg","Haberdashers' Company plate marks","Liddiard rose bowl","date letter","1840-41","1840","primary","0","haberdashers-company-plate-marks-liddiard-rose-bowl-date-letter-1840","hallmarks/haberdashers-company-plate-marks-liddiard-rose-bowl-date-letter-1840-0"
"/mnt/c/Users/Assay Surface/Desktop/Kirstin Kennedy/Haberdashers' Company plate marks/Liddiard rose bowl_standard mark 1840-41.jpg","Haberdashers' Company plate marks","Liddiard rose bowl","standard mark","1840-41","1840","primary","0","haberdashers-company-plate-marks-liddiard-rose-bowl-standard-mark-1840","hallmarks/haberdashers-company-plate-marks-liddiard-rose-bowl-standard-mark-1840-0"
"/mnt/c/Users/Assay Surface/Desktop/Kirstin Kennedy/Haberdashers' Company plate marks/Monteith_date letter 1714-15, dimensions.jpg","Haberdashers' Company plate marks","Monteith","date letter","1714-15","1714","dimensions","1","haberdashers-company-plate-marks-monteith-date-letter-1714","hallmarks/haberdashers-company-plate-marks-monteith-date-letter-1714-1"
"/mnt/c/Users/Assay Surface/Desktop/Kirstin Kennedy/Haberdashers' Company plate marks/Monteith_date letter 1714-15.jpg","Haberdashers' Company plate marks","Monteith","date letter","1714-15","1714","primary","0","haberdashers-company-plate-marks-monteith-date-letter-1714","hallmarks/haberdashers-company-plate-marks-monteith-date-letter-1714-0"
"/mnt/c/Users/Assay Surface/Desktop/Kirstin Kennedy/Haberdashers' Company plate marks/Monteith_date letter_1693-94.jpg","Haberdashers' Company plate marks","Monteith","date letter","1693-94","1693","primary","0","haberdashers-company-plate-marks-monteith-date-letter-1693","hallmarks/haberdashers-company-plate-marks-monteith-date-letter-1693-0"
"/mnt/c/Users/Assay Surface/Desktop/Kirstin Kennedy/Haberdashers' Company plate marks/Monteith_hallmark 1693-94.jpg","Haberdashers' Company plate marks","Monteith","hallmark","1693-94","1693","primary","0","haberdashers-company-plate-marks-monteith-hallmark-1693","hallmarks/haberdashers-company-plate-marks-monteith-hallmark-1693-0"
"/mnt/c/Users/Assay Surface/Desktop/Kirstin Kennedy/Haberdashers' Company plate marks/Monteith_hallmark 1693-94_dimensions.jpg","Haberdashers' Company plate marks","Monteith","hallmark","1693-94","1693","dimensions","1","haberdashers-company-plate-marks-monteith-hallmark-1693","hallmarks/haberdashers-company-plate-marks-monteith-hallmark-1693-1"
"/mnt/c/Users/Assay Surface/Desktop/Kirstin Kennedy/Haberdashers' Company plate marks/Monteith_hallmark 1714-15, dimensions.jpg","Haberdashers' Company plate marks","Monteith","hallmark","1714-15","1714","dimensions","1","haberdashers-company-plate-marks-monteith-hallmark-1714","hallmarks/haberdashers-company-plate-marks-monteith-hallmark-1714-1"
"/mnt/c/Users/Assay Surface/Desktop/Kirstin Kennedy/Haberdashers' Company plate marks/Monteith_hallmark 1714-15.jpg","Haberdashers' Company plate marks","Monteith","hallmark","1714-15","1714","primary","0","haberdashers-company-plate-marks-monteith-hallmark-1714","hallmarks/haberdashers-company-plate-marks-monteith-hallmark-1714-0"
"/mnt/c/Users/Assay Surface/Desktop/Kirstin Kennedy/Haberdashers' Company plate marks/Monteith_standard mark 1693-94.jpg","Haberdashers' Company plate marks","Monteith","standard mark","1693-94","1693","primary","0","haberdashers-company-plate-marks-monteith-standard-mark-1693","hallmarks/haberdashers-company-plate-marks-monteith-standard-mark-1693-0"
"/mnt/c/Users/Assay Surface/Desktop/Kirstin Kennedy/Haberdashers' Company plate marks/Monteith_standard mark 1693-94_dimensions.jpg","Haberdashers' Company plate marks","Monteith","standard mark","1693-94","1693","dimensions","1","haberdashers-company-plate-marks-monteith-standard-mark-1693","hallmarks/haberdashers-company-plate-marks-monteith-standard-mark-1693-1"
"/mnt/c/Users/Assay Surface/Desktop/Kirstin Kennedy/Haberdashers' Company plate marks/Monteith_standard mark 1714-15.jpg","Haberdashers' Company plate marks","Monteith","standard mark","1714-15","1714","primary","0","haberdashers-company-plate-marks-monteith-standard-mark-1714","hallmarks/haberdashers-company-plate-marks-monteith-standard-mark-1714-0"
"/mnt/c/Users/Assay Surface/Desktop/Kirstin Kennedy/Haberdashers' Company plate marks/Plummer cup, date letter, lid rim, 1736-37.jpg","Haberdashers' Company plate marks","Plummer cup,","date letter","1736-37","1736","primary","0","haberdashers-company-plate-marks-plummer-cup-date-letter-1736","hallmarks/haberdashers-company-plate-marks-plummer-cup-date-letter-1736-0"
"/mnt/c/Users/Assay Surface/Desktop/Kirstin Kennedy/Haberdashers' Company plate marks/Plummer cup, date letter, lid rim, 1736-37_ dimensions.jpg","Haberdashers' Company plate marks","Plummer cup,","date letter","1736-37","1736","dimensions","1","haberdashers-company-plate-marks-plummer-cup-date-letter-1736","hallmarks/haberdashers-company-plate-marks-plummer-cup-date-letter-1736-1"
"/mnt/c/Users/Assay Surface/Desktop/Kirstin Kennedy/Haberdashers' Company plate marks/Plummer cup, hallmark_foot_1736-37.jpg","Haberdashers' Company plate marks","Plummer cup,","hallmark","1736-37","1736","primary","0","haberdashers-company-plate-marks-plummer-cup-hallmark-1736","hallmarks/haberdashers-company-plate-marks-plummer-cup-hallmark-1736-0"
"/mnt/c/Users/Assay Surface/Desktop/Kirstin Kennedy/Haberdashers' Company plate marks/Plummer cup, hallmark_foot_1736-37_dimensions.jpg","Haberdashers' Company plate marks","Plummer cup,","hallmark","1736-37","1736","dimensions","2","haberdashers-company-plate-marks-plummer-cup-hallmark-1736","hallmarks/haberdashers-company-plate-marks-plummer-cup-hallmark-1736-2"
"/mnt/c/Users/Assay Surface/Desktop/Kirstin Kennedy/Haberdashers' Company plate marks/Plummer cup, hallmark_lid_1736-37.jpg","Haberdashers' Company plate marks","Plummer cup,","hallmark","1736-37","1736","primary","1","haberdashers-company-plate-marks-plummer-cup-hallmark-1736","hallmarks/haberdashers-company-plate-marks-plummer-cup-hallmark-1736-1"
"/mnt/c/Users/Assay Surface/Desktop/Kirstin Kennedy/Haberdashers' Company plate marks/Plummer cup, hallmark_lid_1736-37_dimensions.jpg","Haberdashers' Company plate marks","Plummer cup,","hallmark","1736-37","1736","dimensions","3","haberdashers-company-plate-marks-plummer-cup-hallmark-1736","hallmarks/haberdashers-company-plate-marks-plummer-cup-hallmark-1736-3"
"/mnt/c/Users/Assay Surface/Desktop/Kirstin Kennedy/Haberdashers' Company plate marks/Plummer cup, standard mark_under foot_1736-37_dimensions.jpg","Haberdashers' Company plate marks","Plummer cup,","standard mark","1736-37","1736","dimensions","0","haberdashers-company-plate-marks-plummer-cup-standard-mark-1736","hallmarks/haberdashers-company-plate-marks-plummer-cup-standard-mark-1736-0"
"/mnt/c/Users/Assay Surface/Desktop/Kirstin Kennedy/Haberdashers' Company plate marks/Salver_Richard Rugg_date letter 1757-58 dimensions.jpg","Haberdashers' Company plate marks","Salver Richard Rugg","date letter","1757-58","1757","dimensions","1","haberdashers-company-plate-marks-salver-richard-rugg-date-letter-1757","hallmarks/haberdashers-company-plate-marks-salver-richard-rugg-date-letter-1757-1"
"/mnt/c/Users/Assay Surface/Desktop/Kirstin Kennedy/Haberdashers' Company plate marks/Salver_Richard Rugg_date letter 1757-58.jpg","Haberdashers' Company plate marks","Salver Richard Rugg","date letter","1757-58","1757","primary","0","haberdashers-company-plate-marks-salver-richard-rugg-date-letter-1757","hallmarks/haberdashers-company-plate-marks-salver-richard-rugg-date-letter-1757-0"
"/mnt/c/Users/Assay Surface/Desktop/Kirstin Kennedy/Haberdashers' Company plate marks/Salver_Richard Rugg_standard mark 1757-58, dimensions.jpg","Haberdashers' Company plate marks","Salver Richard Rugg","standard mark","1757-58","1757","dimensions","1","haberdashers-company-plate-marks-salver-richard-rugg-standard-mark-1757","hallmarks/haberdashers-company-plate-marks-salver-richard-rugg-standard-mark-1757-1"
"/mnt/c/Users/Assay Surface/Desktop/Kirstin Kennedy/Haberdashers' Company plate marks/Salver_Richard Rugg_standard mark 1757-58.jpg","Haberdashers' Company plate marks","Salver Richard Rugg","standard mark","1757-58","1757","primary","0","haberdashers-company-plate-marks-salver-richard-rugg-standard-mark-1757","hallmarks/haberdashers-company-plate-marks-salver-richard-rugg-standard-mark-1757-0"
"/mnt/c/Users/Assay Surface/Desktop/Kirstin Kennedy/Haberdashers' Company plate marks/Salver_presented to Hawes_date letter and duty mark 1838-39.jpg","Haberdashers' Company plate marks","Salver presented to Hawes","date letter and duty mark","1838-39","1838","primary","0","haberdashers-company-plate-marks-salver-presented-to-hawes-date-letter-and-duty-mark-1838","hallmarks/haberdashers-company-plate-marks-salver-presented-to-hawes-date-letter-and-duty-mark-1838-0"
"/mnt/c/Users/Assay Surface/Desktop/Kirstin Kennedy/Haberdashers' Company plate marks/Salver_presented to Hawes_hallmark 1838-39.jpg","Haberdashers' Company plate marks","Salver presented to Hawes","hallmark","1838-39","1838","primary","0","haberdashers-company-plate-marks-salver-presented-to-hawes-hallmark-1838","hallmarks/haberdashers-company-plate-marks-salver-presented-to-hawes-hallmark-1838-0"
"/mnt/c/Users/Assay Surface/Desktop/Kirstin Kennedy/Haberdashers' Company plate marks/Salver_presented to Hawes_standard mark and hallmark 1838-39.jpg","Haberdashers' Company plate marks","Salver presented to Hawes","standard mark","1838-39","1838","primary","0","haberdashers-company-plate-marks-salver-presented-to-hawes-standard-mark-1838","hallmarks/haberdashers-company-plate-marks-salver-presented-to-hawes-standard-mark-1838-0"
"/mnt/c/Users/Assay Surface/Desktop/Kirstin Kennedy/Haberdashers' Company plate marks/Stanwicke tankard_date letter_1670-71, dimensions.jpg","Haberdashers' Company plate marks","Stanwicke tankard","date letter","1670-71","1670","dimensions","0","haberdashers-company-plate-marks-stanwicke-tankard-date-letter-1670","hallmarks/haberdashers-company-plate-marks-stanwicke-tankard-date-letter-1670-0"
"/mnt/c/Users/Assay Surface/Desktop/Kirstin Kennedy/Haberdashers' Company plate marks/Stone Cup, date letter 1649-50.jpg","Haberdashers' Company plate marks","Stone Cup,","date letter","1649-50","1649","primary","0","haberdashers-company-plate-marks-stone-cup-date-letter-1649","hallmarks/haberdashers-company-plate-marks-stone-cup-date-letter-1649-0"
"/mnt/c/Users/Assay Surface/Desktop/Kirstin Kennedy/Haberdashers' Company plate marks/Two-handled 'Felton' cup, date letter 1784.jpg","Haberdashers' Company plate marks","Two-handled 'Felton' cup,","date letter","1784","1784","primary","0","haberdashers-company-plate-marks-two-handled-felton-cup-date-letter-1784","hallmarks/haberdashers-company-plate-marks-two-handled-felton-cup-date-letter-1784-0"
"/mnt/c/Users/Assay Surface/Desktop/Kirstin Kennedy/Haberdashers' Company plate marks/Two-handled 'Felton' cup, hallmark 1784.jpg","Haberdashers' Company plate marks","Two-handled 'Felton' cup,","hallmark","1784","1784","primary","0","haberdashers-company-plate-marks-two-handled-felton-cup-hallmark-1784","hallmarks/haberdashers-company-plate-marks-two-handled-felton-cup-hallmark-1784-0"
"/mnt/c/Users/Assay Surface/Desktop/Kirstin Kennedy/Haberdashers' Company plate marks/Two-handled 'Felton' cup, standard mark 1784.jpg","Haberdashers' Company plate marks","Two-handled 'Felton' cup,","standard mark","1784","1784","primary","0","haberdashers-company-plate-marks-two-handled-felton-cup-standard-mark-1784","hallmarks/haberdashers-company-plate-marks-two-handled-felton-cup-standard-mark-1784-0"
"/mnt/c/Users/Assay Surface/Desktop/Kirstin Kennedy/Haberdashers' Company plate marks/Wakefield tankard_date letter_lid_1733-34.jpg","Haberdashers' Company plate marks","Wakefield tankard","date letter","1733-34","1733","primary","0","haberdashers-company-plate-marks-wakefield-tankard-date-letter-1733","hallmarks/haberdashers-company-plate-marks-wakefield-tankard-date-letter-1733-0"
"/mnt/c/Users/Assay Surface/Desktop/Kirstin Kennedy/Haberdashers' Company plate marks/Wakefield tankard_date letter_lid_1733-34_dimensions.jpg","Haberdashers' Company plate marks","Wakefield tankard","date letter","1733-34","1733","dimensions","1","haberdashers-company-plate-marks-wakefield-tankard-date-letter-1733","hallmarks/haberdashers-company-plate-marks-wakefield-tankard-date-letter-1733-1"
"/mnt/c/Users/Assay Surface/Desktop/Kirstin Kennedy/Haberdashers' Company plate marks/White cup date letter 1634-35.jpg","Haberdashers' Company plate marks","White cup","date letter","1634-35","1634","primary","0","haberdashers-company-plate-marks-white-cup-date-letter-1634","hallmarks/haberdashers-company-plate-marks-white-cup-date-letter-1634-0"
"/mnt/c/Users/Assay Surface/Desktop/Kirstin Kennedy/Haberdashers' Company plate marks/White cup hallmark 1634-35_dimensions.jpg","Haberdashers' Company plate marks","White cup","hallmark","1634-35","1634","dimensions","0","haberdashers-company-plate-marks-white-cup-hallmark-1634","hallmarks/haberdashers-company-plate-marks-white-cup-hallmark-1634-0"
"/mnt/c/Users/Assay Surface/Desktop/Kirstin Kennedy/Haberdashers' Company plate marks/White cup no.2_date letter 1634-35.jpg","Haberdashers' Company plate marks","White cup no.2","date letter","1634-35","1634","primary","0","haberdashers-company-plate-marks-white-cup-no-2-date-letter-1634","hallmarks/haberdashers-company-plate-marks-white-cup-no-2-date-letter-1634-0"
"/mnt/c/Users/Assay Surface/Desktop/Kirstin Kennedy/Haberdashers' Company plate marks/White cup no.2_hallmark 1634-35 dimensions.jpg","Haberdashers' Company plate marks","White cup no.2","hallmark","1634-35","1634","dimensions","1","haberdashers-company-plate-marks-white-cup-no-2-hallmark-1634","hallmarks/haberdashers-company-plate-marks-white-cup-no-2-hallmark-1634-1"
"/mnt/c/Users/Assay Surface/Desktop/Kirstin Kennedy/Haberdashers' Company plate marks/White cup no.2_hallmark 1634-35.jpg","Haberdashers' Company plate marks","White cup no.2","hallmark","1634-35","1634","primary","0","haberdashers-company-plate-marks-white-cup-no-2-hallmark-1634","hallmarks/haberdashers-company-plate-marks-white-cup-no-2-hallmark-1634-0"
"/mnt/c/Users/Assay Surface/Desktop/Kirstin Kennedy/Haberdashers' Company plate marks/White cup no.2_standard mark 1634-35.jpg","Haberdashers' Company plate marks","White cup no.2","standard mark","1634-35","1634","primary","0","haberdashers-company-plate-marks-white-cup-no-2-standard-mark-1634","hallmarks/haberdashers-company-plate-marks-white-cup-no-2-standard-mark-1634-0"
"/mnt/c/Users/Assay Surface/Desktop/Kirstin Kennedy/Haberdashers' Company plate marks/White cup no.2_standard mark 1634-35_dimensions.jpg","Haberdashers' Company plate marks","White cup no.2","standard mark","1634-35","1634","dimensions","1","haberdashers-company-plate-marks-white-cup-no-2-standard-mark-1634","hallmarks/haberdashers-company-plate-marks-white-cup-no-2-standard-mark-1634-1"
"/mnt/c/Users/Assay Surface/Desktop/Kirstin Kennedy/Haberdashers' Company plate marks/White cup_standard mark_1634-35.jpg","Haberdashers' Company plate marks","White cup","standard mark","1634-35","1634","primary","0","haberdashers-company-plate-marks-white-cup-standard-mark-1634","hallmarks/haberdashers-company-plate-marks-white-cup-standard-mark-1634-0"
"/mnt/c/Users/Assay Surface/Desktop/Kirstin Kennedy/Haberdashers' Company plate marks/White cup_standard mark_1634-35_dimensions.jpg","Haberdashers' Company plate marks","White cup","standard mark","1634-35","1634","dimensions","1","haberdashers-company-plate-marks-white-cup-standard-mark-1634","hallmarks/haberdashers-company-plate-marks-white-cup-standard-mark-1634-1"
"/mnt/c/Users/Assay Surface/Desktop/Kirstin Kennedy/Haberdashers' Company plate marks/Whitehead tankard_lid_date letter_1770-71.jpg","Haberdashers' Company plate marks","Whitehead tankard lid","date letter","1770-71","1770","primary","0","haberdashers-company-plate-marks-whitehead-tankard-lid-date-letter-1770","hallmarks/haberdashers-company-plate-marks-whitehead-tankard-lid-date-letter-1770-0"
"/mnt/c/Users/Assay Surface/Desktop/Kirstin Kennedy/Haberdashers' Company plate marks/Whitehead tankard_lid_date letter_1770-71_dimensions.jpg","Haberdashers' Company plate marks","Whitehead tankard lid","date letter","1770-71","1770","dimensions","1","haberdashers-company-plate-marks-whitehead-tankard-lid-date-letter-1770","hallmarks/haberdashers-company-plate-marks-whitehead-tankard-lid-date-letter-1770-1"
"/mnt/c/Users/Assay Surface/Desktop/Kirstin Kennedy/Haberdashers' Company plate marks/Whitehead tankard_lid_hallmark_1770-71.jpg","Haberdashers' Company plate marks","Whitehead tankard lid","hallmark","1770-71","1770","primary","0","haberdashers-company-plate-marks-whitehead-tankard-lid-hallmark-1770","hallmarks/haberdashers-company-plate-marks-whitehead-tankard-lid-hallmark-1770-0"
"/mnt/c/Users/Assay Surface/Desktop/Kirstin Kennedy/Haberdashers' Company plate marks/Whitehead tankard_lid_hallmark_1770-71_dimensions.jpg","Haberdashers' Company plate marks","Whitehead tankard lid","hallmark","1770-71","1770","dimensions","1","haberdashers-company-plate-marks-whitehead-tankard-lid-hallmark-1770","hallmarks/haberdashers-company-plate-marks-whitehead-tankard-lid-hallmark-1770-1"
"/mnt/c/Users/Assay Surface/Desktop/Kirstin Kennedy/Haberdashers' Company plate marks/Whitehead tankard_lid_sponsors mark_1770-71.jpg","Haberdashers' Company plate marks","Whitehead tankard lid","sponsor mark","1770-71","1770","primary","0","haberdashers-company-plate-marks-whitehead-tankard-lid-sponsor-mark-1770","hallmarks/haberdashers-company-plate-marks-whitehead-tankard-lid-sponsor-mark-1770-0"
"/mnt/c/Users/Assay Surface/Desktop/Kirstin Kennedy/Haberdashers' Company plate marks/Whitehead tankard_lid_standard mark_1770-71.jpg","Haberdashers' Company plate marks","Whitehead tankard lid","standard mark","1770-71","1770","primary","0","haberdashers-company-plate-marks-whitehead-tankard-lid-standard-mark-1770","hallmarks/haberdashers-company-plate-marks-whitehead-tankard-lid-standard-mark-1770-0"
"/mnt/c/Users/Assay Surface/Desktop/Kirstin Kennedy/Haberdashers' Company plate marks/Whitehead tankard_lid_standard mark_1770-71_dimensions.jpg","Haberdashers' Company plate marks","Whitehead tankard lid","standard mark","1770-71","1770","dimensions","1","haberdashers-company-plate-marks-whitehead-tankard-lid-standard-mark-1770","hallmarks/haberdashers-company-plate-marks-whitehead-tankard-lid-standard-mark-1770-1"
"/mnt/c/Users/Assay Surface/Desktop/Kirstin Kennedy/Haberdashers' Company plate marks/candelabrum_timbrell and Bird_date letter_1724_25.jpg","Haberdashers' Company plate marks","candelabrum timbrell and Bird","date letter","1724-25","1724","primary","0","haberdashers-company-plate-marks-candelabrum-timbrell-and-bird-date-letter-1724","hallmarks/haberdashers-company-plate-marks-candelabrum-timbrell-and-bird-date-letter-1724-0"
"/mnt/c/Users/Assay Surface/Desktop/Kirstin Kennedy/Haberdashers' Company plate marks/candelabrum_timbrell and Bird_date letter_1724_25_dimensions.jpg","Haberdashers' Company plate marks","candelabrum timbrell and Bird","date letter","1724-25","1724","dimensions","1","haberdashers-company-plate-marks-candelabrum-timbrell-and-bird-date-letter-1724","hallmarks/haberdashers-company-plate-marks-candelabrum-timbrell-and-bird-date-letter-1724-1"
"/mnt/c/Users/Assay Surface/Desktop/Kirstin Kennedy/Haberdashers' Company plate marks/candelabrum_timbrell and Bird_hallmark_1724_25.jpg","Haberdashers' Company plate marks","candelabrum timbrell and Bird","hallmark","1724-25","1724","primary","0","haberdashers-company-plate-marks-candelabrum-timbrell-and-bird-hallmark-1724","hallmarks/haberdashers-company-plate-marks-candelabrum-timbrell-and-bird-hallmark-1724-0"
"/mnt/c/Users/Assay Surface/Desktop/Kirstin Kennedy/Haberdashers' Company plate marks/candelabrum_timbrell and Bird_hallmark_1724_25_dimensions.jpg","Haberdashers' Company plate marks","candelabrum timbrell and Bird","hallmark","1724-25","1724","dimensions","2","haberdashers-company-plate-marks-candelabrum-timbrell-and-bird-hallmark-1724","hallmarks/haberdashers-company-plate-marks-candelabrum-timbrell-and-bird-hallmark-1724-2"
"/mnt/c/Users/Assay Surface/Desktop/Kirstin Kennedy/Haberdashers' Company plate marks/candelabrum_timbrell and Bird_hallmark_stem_1724_25.jpg","Haberdashers' Company plate marks","candelabrum timbrell and Bird","hallmark","1724-25","1724","primary","1","haberdashers-company-plate-marks-candelabrum-timbrell-and-bird-hallmark-1724","hallmarks/haberdashers-company-plate-marks-candelabrum-timbrell-and-bird-hallmark-1724-1"
"/mnt/c/Users/Assay Surface/Desktop/Kirstin Kennedy/Haberdashers' Company plate marks/candelabrum_timbrell and Bird_hallmark_stem_1724_25_dimensions.jpg","Haberdashers' Company plate marks","candelabrum timbrell and Bird","hallmark","1724-25","1724","dimensions","3","haberdashers-company-plate-marks-candelabrum-timbrell-and-bird-hallmark-1724","hallmarks/haberdashers-company-plate-marks-candelabrum-timbrell-and-bird-hallmark-1724-3"
"/mnt/c/Users/Assay Surface/Desktop/Kirstin Kennedy/Haberdashers' Company plate marks/candelabrum_timbrell and Bird_standard mark_1724_25.jpg","Haberdashers' Company plate marks","candelabrum timbrell and Bird","standard mark","1724-25","1724","primary","0","haberdashers-company-plate-marks-candelabrum-timbrell-and-bird-standard-mark-1724","hallmarks/haberdashers-company-plate-marks-candelabrum-timbrell-and-bird-standard-mark-1724-0"
"/mnt/c/Users/Assay Surface/Desktop/Kirstin Kennedy/Haberdashers' Company plate marks/candelabrum_timbrell and Bird_standard mark_1724_25_dimensions.jpg","Haberdashers' Company plate marks","candelabrum timbrell and Bird","standard mark","1724-25","1724","dimensions","1","haberdashers-company-plate-marks-candelabrum-timbrell-and-bird-standard-mark-1724","hallmarks/haberdashers-company-plate-marks-candelabrum-timbrell-and-bird-standard-mark-1724-1"
"/mnt/c/Users/Assay Surface/Desktop/Kirstin Kennedy/Ironmongers' Company plate marks/Ironmongers_Christ H_salt 2_St Amand gift_date letter 1702-3.jpg","Ironmongers' Company plate marks","Ironmongers Christ H salt 2 St Amand gift","date letter","1702-3","1702","primary","0","ironmongers-company-plate-marks-ironmongers-christ-h-salt-2-st-amand-gift-date-letter-1702","hallmarks/ironmongers-company-plate-marks-ironmongers-christ-h-salt-2-st-amand-gift-date-letter-1702-0"
"/mnt/c/Users/Assay Surface/Desktop/Kirstin Kennedy/Ironmongers' Company plate marks/Ironmongers_Christ H_salt 2_St Amand gift_hallmark 1702-3 dims.jpg","Ironmongers' Company plate marks","Ironmongers Christ H salt 2 St Amand gift","hallmark","1702-3","1702","dimensions","1","ironmongers-company-plate-marks-ironmongers-christ-h-salt-2-st-amand-gift-hallmark-1702","hallmarks/ironmongers-company-plate-marks-ironmongers-christ-h-salt-2-st-amand-gift-hallmark-1702-1"
"/mnt/c/Users/Assay Surface/Desktop/Kirstin Kennedy/Ironmongers' Company plate marks/Ironmongers_Christ H_salt 2_St Amand gift_hallmark 1702-3.jpg","Ironmongers' Company plate marks","Ironmongers Christ H salt 2 St Amand gift","hallmark","1702-3","1702","primary","0","ironmongers-company-plate-marks-ironmongers-christ-h-salt-2-st-amand-gift-hallmark-1702","hallmarks/ironmongers-company-plate-marks-ironmongers-christ-h-salt-2-st-amand-gift-hallmark-1702-0"
"/mnt/c/Users/Assay Surface/Desktop/Kirstin Kennedy/Ironmongers' Company plate marks/Ironmongers_Christ H_salt 2_St Amand gift_standard mark 1702-3.jpg","Ironmongers' Company plate marks","Ironmongers Christ H salt 2 St Amand gift","standard mark","1702-3","1702","primary","0","ironmongers-company-plate-marks-ironmongers-christ-h-salt-2-st-amand-gift-standard-mark-1702","hallmarks/ironmongers-company-plate-marks-ironmongers-christ-h-salt-2-st-amand-gift-standard-mark-1702-0"
"/mnt/c/Users/Assay Surface/Desktop/Kirstin Kennedy/Ironmongers' Company plate marks/Ironmongers_Christ H_salt CH_date letter 1641-42.jpg","Ironmongers' Company plate marks","Ironmongers Christ H salt CH","date letter","1641-42","1641","primary","0","ironmongers-company-plate-marks-ironmongers-christ-h-salt-ch-date-letter-1641","hallmarks/ironmongers-company-plate-marks-ironmongers-christ-h-salt-ch-date-letter-1641-0"
"/mnt/c/Users/Assay Surface/Desktop/Kirstin Kennedy/Ironmongers' Company plate marks/Ironmongers_Christ H_salt CH_hallmark 1641-42 dims.jpg","Ironmongers' Company plate marks","Ironmongers Christ H salt CH","hallmark","1641-42","1641","dimensions","1","ironmongers-company-plate-marks-ironmongers-christ-h-salt-ch-hallmark-1641","hallmarks/ironmongers-company-plate-marks-ironmongers-christ-h-salt-ch-hallmark-1641-1"
"/mnt/c/Users/Assay Surface/Desktop/Kirstin Kennedy/Ironmongers' Company plate marks/Ironmongers_Christ H_salt CH_hallmark 1641-42.jpg","Ironmongers' Company plate marks","Ironmongers Christ H salt CH","hallmark","1641-42","1641","primary","0","ironmongers-company-plate-marks-ironmongers-christ-h-salt-ch-hallmark-1641","hallmarks/ironmongers-company-plate-marks-ironmongers-christ-h-salt-ch-hallmark-1641-0"
"/mnt/c/Users/Assay Surface/Desktop/Kirstin Kennedy/Ironmongers' Company plate marks/Ironmongers_Christ H_salt CH_sterling mark 1641-42.jpg","Ironmongers' Company plate marks","Ironmongers Christ H salt CH","sterling mark","1641-42","1641","primary","0","ironmongers-company-plate-marks-ironmongers-christ-h-salt-ch-sterling-mark-1641","hallmarks/ironmongers-company-plate-marks-ironmongers-christ-h-salt-ch-sterling-mark-1641-0"
"/mnt/c/Users/Assay Surface/Desktop/Kirstin Kennedy/Ironmongers' Company plate marks/Ironmongers_Christ H_salt _St Amand gift_date letter 1702-3.jpg","Ironmongers' Company plate marks","Ironmongers Christ H salt St Amand gift","date letter","1702-3","1702","primary","0","ironmongers-company-plate-marks-ironmongers-christ-h-salt-st-amand-gift-date-letter-1702","hallmarks/ironmongers-company-plate-marks-ironmongers-christ-h-salt-st-amand-gift-date-letter-1702-0"
"/mnt/c/Users/Assay Surface/Desktop/Kirstin Kennedy/Ironmongers' Company plate marks/Ironmongers_Christ H_salt _St Amand gift_hallmark 1702-3.jpg","Ironmongers' Company plate marks","Ironmongers Christ H salt St Amand gift","hallmark","1702-3","1702","primary","0","ironmongers-company-plate-marks-ironmongers-christ-h-salt-st-amand-gift-hallmark-1702","hallmarks/ironmongers-company-plate-marks-ironmongers-christ-h-salt-st-amand-gift-hallmark-1702-0"
"/mnt/c/Users/Assay Surface/Desktop/Kirstin Kennedy/Ironmongers' Company plate marks/Ironmongers_Christ H_salt _St Amand gift_hallmark 1702-3_dims.jpg","Ironmongers' Company plate marks","Ironmongers Christ H salt St Amand gift","hallmark","1702-3","1702","dimensions","1","ironmongers-company-plate-marks-ironmongers-christ-h-salt-st-amand-gift-hallmark-1702","hallmarks/ironmongers-company-plate-marks-ironmongers-christ-h-salt-st-amand-gift-hallmark-1702-1"
"/mnt/c/Users/Assay Surface/Desktop/Kirstin Kennedy/Ironmongers' Company plate marks/Ironmongers_Christ H_salt _St Amand gift_standard mark 1702-3.jpg","Ironmongers' Company plate marks","Ironmongers Christ H salt St Amand gift","standard mark","1702-3","1702","primary","0","ironmongers-company-plate-marks-ironmongers-christ-h-salt-st-amand-gift-standard-mark-1702","hallmarks/ironmongers-company-plate-marks-ironmongers-christ-h-salt-st-amand-gift-standard-mark-1702-0"
"/mnt/c/Users/Assay Surface/Desktop/Kirstin Kennedy/Ironmongers' Company plate marks/Ironmongers_Christ H_salver_Le Keux gift_date letter 1743-44.jpg","Ironmongers' Company plate marks","Ironmongers Christ H salver Le Keux gift","date letter","1743-44","1743","primary","0","ironmongers-company-plate-marks-ironmongers-christ-h-salver-le-keux-gift-date-letter-1743","hallmarks/ironmongers-company-plate-marks-ironmongers-christ-h-salver-le-keux-gift-date-letter-1743-0"
"/mnt/c/Users/Assay Surface/Desktop/Kirstin Kennedy/Ironmongers' Company plate marks/Ironmongers_Christ H_salver_Le Keux gift_hallmark 1743-44 dims.jpg","Ironmongers' Company plate marks","Ironmongers Christ H salver Le Keux gift","hallmark","1743-44","1743","dimensions","1","ironmongers-company-plate-marks-ironmongers-christ-h-salver-le-keux-gift-hallmark-1743","hallmarks/ironmongers-company-plate-marks-ironmongers-christ-h-salver-le-keux-gift-hallmark-1743-1"
"/mnt/c/Users/Assay Surface/Desktop/Kirstin Kennedy/Ironmongers' Company plate marks/Ironmongers_Christ H_salver_Le Keux gift_hallmark 1743-44.jpg","Ironmongers' Company plate marks","Ironmongers Christ H salver Le Keux gift","hallmark","1743-44","1743","primary","0","ironmongers-company-plate-marks-ironmongers-christ-h-salver-le-keux-gift-hallmark-1743","hallmarks/ironmongers-company-plate-marks-ironmongers-christ-h-salver-le-keux-gift-hallmark-1743-0"
"/mnt/c/Users/Assay Surface/Desktop/Kirstin Kennedy/Ironmongers' Company plate marks/Ironmongers_Christ H_salver_Le Keux gift_sterling mark 1743-44.jpg","Ironmongers' Company plate marks","Ironmongers Christ H salver Le Keux gift","sterling mark","1743-44","1743","primary","0","ironmongers-company-plate-marks-ironmongers-christ-h-salver-le-keux-gift-sterling-mark-1743","hallmarks/ironmongers-company-plate-marks-ironmongers-christ-h-salver-le-keux-gift-sterling-mark-1743-0"
"/mnt/c/Users/Assay Surface/Desktop/Kirstin Kennedy/Ironmongers' Company plate marks/Ironmongers_Christs H_Mercer spoon_date letter 1630-31.jpg","Ironmongers' Company plate marks","Ironmongers Christs H Mercer spoon","date letter","1630-31","1630","primary","0","ironmongers-company-plate-marks-ironmongers-christs-h-mercer-spoon-date-letter-1630","hallmarks/ironmongers-company-plate-marks-ironmongers-christs-h-mercer-spoon-date-letter-1630-0"
"/mnt/c/Users/Assay Surface/Desktop/Kirstin Kennedy/Ironmongers' Company plate marks/Ironmongers_Christs H_Mercer spoon_date letter 1630-31_dims.jpg","Ironmongers' Company plate marks","Ironmongers Christs H Mercer spoon","date letter","1630-31","1630","dimensions","1","ironmongers-company-plate-marks-ironmongers-christs-h-mercer-spoon-date-letter-1630","hallmarks/ironmongers-company-plate-marks-ironmongers-christs-h-mercer-spoon-date-letter-1630-1"
"/mnt/c/Users/Assay Surface/Desktop/Kirstin Kennedy/Ironmongers' Company plate marks/Ironmongers_Christs H_Mercer spoon_hallmark 1630-31_dims.jpg","Ironmongers' Company plate marks","Ironmongers Christs H Mercer spoon","hallmark","1630-31","1630","dimensions","0","ironmongers-company-plate-marks-ironmongers-christs-h-mercer-spoon-hallmark-1630","hallmarks/ironmongers-company-plate-marks-ironmongers-christs-h-mercer-spoon-hallmark-1630-0"
"/mnt/c/Users/Assay Surface/Desktop/Kirstin Kennedy/Ironmongers' Company plate marks/Ironmongers_Christs H_Mercer spoon_sterling mark 1630-31.jpg","Ironmongers' Company plate marks","Ironmongers Christs H Mercer spoon","sterling mark","1630-31","1630","primary","0","ironmongers-company-plate-marks-ironmongers-christs-h-mercer-spoon-sterling-mark-1630","hallmarks/ironmongers-company-plate-marks-ironmongers-christs-h-mercer-spoon-sterling-mark-1630-0"
"/mnt/c/Users/Assay Surface/Desktop/Kirstin Kennedy/Ironmongers' Company plate marks/Ironmongers_Christs H_Tankard_Banes_date letter 1667-68.jpg","Ironmongers' Company plate marks","Ironmongers Christs H Tankard Banes","date letter","1667-68","1667","primary","0","ironmongers-company-plate-marks-ironmongers-christs-h-tankard-banes-date-letter-1667","hallmarks/ironmongers-company-plate-marks-ironmongers-christs-h-tankard-banes-date-letter-1667-0"
"/mnt/c/Users/Assay Surface/Desktop/Kirstin Kennedy/Ironmongers' Company plate marks/Ironmongers_Christs H_Tankard_Banes_date letter 1667-68_dims.jpg","Ironmongers' Company plate marks","Ironmongers Christs H Tankard Banes","date letter","1667-68","1667","dimensions","1","ironmongers-company-plate-marks-ironmongers-christs-h-tankard-banes-date-letter-1667","hallmarks/ironmongers-company-plate-marks-ironmongers-christs-h-tankard-banes-date-letter-1667-1"
"/mnt/c/Users/Assay Surface/Desktop/Kirstin Kennedy/Ironmongers' Company plate marks/Ironmongers_Christs H_Tankard_Banes_hallmark 1667-68.jpg","Ironmongers' Company plate marks","Ironmongers Christs H Tankard Banes","hallmark","1667-68","1667","primary","0","ironmongers-company-plate-marks-ironmongers-christs-h-tankard-banes-hallmark-1667","hallmarks/ironmongers-company-plate-marks-ironmongers-christs-h-tankard-banes-hallmark-1667-0"
"/mnt/c/Users/Assay Surface/Desktop/Kirstin Kennedy/Ironmongers' Company plate marks/Ironmongers_Christs H_Tankard_Banes_hallmark 1667-dims.jpg","Ironmongers' Company plate marks","Ironmongers Christs H Tankard Banes","hallmark","1667","1667","dimensions","1","ironmongers-company-plate-marks-ironmongers-christs-h-tankard-banes-hallmark-1667","hallmarks/ironmongers-company-plate-marks-ironmongers-christs-h-tankard-banes-hallmark-1667-1"
"/mnt/c/Users/Assay Surface/Desktop/Kirstin Kennedy/Ironmongers' Company plate marks/Ironmongers_Christs H_Tankard_Banes_sterling mark 1667-68.jpg","Ironmongers' Company plate marks","Ironmongers Christs H Tankard Banes","sterling mark","1667-68","1667","primary","0","ironmongers-company-plate-marks-ironmongers-christs-h-tankard-banes-sterling-mark-1667","hallmarks/ironmongers-company-plate-marks-ironmongers-christs-h-tankard-banes-sterling-mark-1667-0"
"/mnt/c/Users/Assay Surface/Desktop/Kirstin Kennedy/Ironmongers' Company plate marks/Ironmongers_Christs H_Trollope vase_dateletter 1826-1827.jpg","Ironmongers' Company plate marks","Ironmongers Christs H Trollope vase","date letter","1826-1827","1826","primary","0","ironmongers-company-plate-marks-ironmongers-christs-h-trollope-vase-date-letter-1826","hallmarks/ironmongers-company-plate-marks-ironmongers-christs-h-trollope-vase-date-letter-1826-0"
"/mnt/c/Users/Assay Surface/Desktop/Kirstin Kennedy/Ironmongers' Company plate marks/Ironmongers_Christs H_Trollope vase_dateletter 1826-1827_dims.jpg","Ironmongers' Company plate marks","Ironmongers Christs H Trollope vase","date letter","1826-1827","1826","dimensions","1","ironmongers-company-plate-marks-ironmongers-christs-h-trollope-vase-date-letter-1826","hallmarks/ironmongers-company-plate-marks-ironmongers-christs-h-trollope-vase-date-letter-1826-1"
"/mnt/c/Users/Assay Surface/Desktop/Kirstin Kennedy/Ironmongers' Company plate marks/Ironmongers_Christs H_Trollope vase_hallmark 1826-1827.jpg","Ironmongers' Company plate marks","Ironmongers Christs H Trollope vase","hallmark","1826-1827","1826","primary","0","ironmongers-company-plate-marks-ironmongers-christs-h-trollope-vase-hallmark-1826","hallmarks/ironmongers-company-plate-marks-ironmongers-christs-h-trollope-vase-hallmark-1826-0"
"/mnt/c/Users/Assay Surface/Desktop/Kirstin Kennedy/Ironmongers' Company plate marks/Ironmongers_Christs H_Trollope vase_hallmark 1826-1827_dims.jpg","Ironmongers' Company plate marks","Ironmongers Christs H Trollope vase","hallmark","1826-1827","1826","dimensions","1","ironmongers-company-plate-marks-ironmongers-christs-h-trollope-vase-hallmark-1826","hallmarks/ironmongers-company-plate-marks-ironmongers-christs-h-trollope-vase-hallmark-1826-1"
"/mnt/c/Users/Assay Surface/Desktop/Kirstin Kennedy/Ironmongers' Company plate marks/Ironmongers_Christs H_Trollope vase_sterling mark 1826-1827.jpg","Ironmongers' Company plate marks","Ironmongers Christs H Trollope vase","sterling mark","1826-1827","1826","primary","0","ironmongers-company-plate-marks-ironmongers-christs-h-trollope-vase-sterling-mark-1826","hallmarks/ironmongers-company-plate-marks-ironmongers-christs-h-trollope-vase-sterling-mark-1826-0"
"/mnt/c/Users/Assay Surface/Desktop/Kirstin Kennedy/Ironmongers' Company plate marks/Ironmongers_Christs H_candlestick_Johnson_sterling mark 1680-81.jpg","Ironmongers' Company plate marks","Ironmongers Christs H candlestick Johnson","sterling mark","1680-81","1680","primary","0","ironmongers-company-plate-marks-ironmongers-christs-h-candlestick-johnson-sterling-mark-1680","hallmarks/ironmongers-company-plate-marks-ironmongers-christs-h-candlestick-johnson-sterling-mark-1680-0"
"/mnt/c/Users/Assay Surface/Desktop/Kirstin Kennedy/Ironmongers' Company plate marks/Ironmongers_Christs H_caster_St Amand gift_Britannia 1699-1700.jpg","Ironmongers' Company plate marks","Ironmongers Christs H caster St Amand gift","britannia mark","1699-1700","1699","primary","0","ironmongers-company-plate-marks-ironmongers-christs-h-caster-st-amand-gift-britannia-mark-1699","hallmarks/ironmongers-company-plate-marks-ironmongers-christs-h-caster-st-amand-gift-britannia-mark-1699-0"
"/mnt/c/Users/Assay Surface/Desktop/Kirstin Kennedy/Ironmongers' Company plate marks/Ironmongers_Christs H_caster_St Amand gift_dateletter 1699-1700.jpg","Ironmongers' Company plate marks","Ironmongers Christs H caster St Amand gift","date letter","1699-1700","1699","primary","0","ironmongers-company-plate-marks-ironmongers-christs-h-caster-st-amand-gift-date-letter-1699","hallmarks/ironmongers-company-plate-marks-ironmongers-christs-h-caster-st-amand-gift-date-letter-1699-0"
"/mnt/c/Users/Assay Surface/Desktop/Kirstin Kennedy/Ironmongers' Company plate marks/Ironmongers_Christs H_caster_St Amand gift_hallmark 1699-1700.jpg","Ironmongers' Company plate marks","Ironmongers Christs H caster St Amand gift","hallmark","1699-1700","1699","primary","0","ironmongers-company-plate-marks-ironmongers-christs-h-caster-st-amand-gift-hallmark-1699","hallmarks/ironmongers-company-plate-marks-ironmongers-christs-h-caster-st-amand-gift-hallmark-1699-0"
"/mnt/c/Users/Assay Surface/Desktop/Kirstin Kennedy/Ironmongers' Company plate marks/Ironmongers_Christs H_caster_St Amand gift_hallmark 1699-1700_dims.jpg","Ironmongers' Company plate marks","Ironmongers Christs H caster St Amand gift","hallmark","1699-1700","1699","dimensions","1","ironmongers-company-plate-marks-ironmongers-christs-h-caster-st-amand-gift-hallmark-1699","hallmarks/ironmongers-company-plate-marks-ironmongers-christs-h-caster-st-amand-gift-hallmark-1699-1"
"/mnt/c/Users/Assay Surface/Desktop/Kirstin Kennedy/Ironmongers' Company plate marks/Ironmongers_Christs H_cup_Bankes gift, dateletter 1630-31.jpg","Ironmongers' Company plate marks","Ironmongers Christs H cup Bankes gift,","date letter","1630-31","1630","primary","0","ironmongers-company-plate-marks-ironmongers-christs-h-cup-bankes-gift-date-letter-1630","hallmarks/ironmongers-company-plate-marks-ironmongers-christs-h-cup-bankes-gift-date-letter-1630-0"
"/mnt/c/Users/Assay Surface/Desktop/Kirstin Kennedy/Ironmongers' Company plate marks/Ironmongers_Christs H_cup_Bankes gift, dateletter 1630-31_dims.jpg","Ironmongers' Company plate marks","Ironmongers Christs H cup Bankes gift,","date letter","1630-31","1630","dimensions","1","ironmongers-company-plate-marks-ironmongers-christs-h-cup-bankes-gift-date-letter-1630","hallmarks/ironmongers-company-plate-marks-ironmongers-christs-h-cup-bankes-gift-date-letter-1630-1"
"/mnt/c/Users/Assay Surface/Desktop/Kirstin Kennedy/Ironmongers' Company plate marks/Ironmongers_Christs H_cup_Bankes gift, hallmark 1630-31.jpg","Ironmongers' Company plate marks","Ironmongers Christs H cup Bankes gift,","hallmark","1630-31","1630","primary","0","ironmongers-company-plate-marks-ironmongers-christs-h-cup-bankes-gift-hallmark-1630","hallmarks/ironmongers-company-plate-marks-ironmongers-christs-h-cup-bankes-gift-hallmark-1630-0"
"/mnt/c/Users/Assay Surface/Desktop/Kirstin Kennedy/Ironmongers' Company plate marks/Ironmongers_Christs H_cup_Bankes gift, hallmark 1630-31_dims.jpg","Ironmongers' Company plate marks","Ironmongers Christs H cup Bankes gift,","hallmark","1630-31","1630","dimensions","1","ironmongers-company-plate-marks-ironmongers-christs-h-cup-bankes-gift-hallmark-1630","hallmarks/ironmongers-company-plate-marks-ironmongers-christs-h-cup-bankes-gift-hallmark-1630-1"
"/mnt/c/Users/Assay Surface/Desktop/Kirstin Kennedy/Ironmongers' Company plate marks/Ironmongers_Christs H_cup_Bankes gift, sterling mark 1630-31.jpg","Ironmongers' Company plate marks","Ironmongers Christs H cup Bankes gift,","sterling mark","1630-31","1630","primary","0","ironmongers-company-plate-marks-ironmongers-christs-h-cup-bankes-gift-sterling-mark-1630","hallmarks/ironmongers-company-plate-marks-ironmongers-christs-h-cup-bankes-gift-sterling-mark-1630-0"
"/mnt/c/Users/Assay Surface/Desktop/Kirstin Kennedy/Ironmongers' Company plate marks/Ironmongers_Christs H_cup_Cleave gift, dateletter 1637-38.jpg","Ironmongers' Company plate marks","Ironmongers Christs H cup Cleave gift,","date letter","1637-38","1637","primary","0","ironmongers-company-plate-marks-ironmongers-christs-h-cup-cleave-gift-date-letter-1637","hallmarks/ironmongers-company-plate-marks-ironmongers-christs-h-cup-cleave-gift-date-letter-1637-0"
"/mnt/c/Users/Assay Surface/Desktop/Kirstin Kennedy/Ironmongers' Company plate marks/Ironmongers_Christs H_cup_Cleave gift, dateletter 1637-38_dims.jpg","Ironmongers' Company plate marks","Ironmongers Christs H cup Cleave gift,","date letter","1637-38","1637","dimensions","1","ironmongers-company-plate-marks-ironmongers-christs-h-cup-cleave-gift-date-letter-1637","hallmarks/ironmongers-company-plate-marks-ironmongers-christs-h-cup-cleave-gift-date-letter-1637-1"
"/mnt/c/Users/Assay Surface/Desktop/Kirstin Kennedy/Ironmongers' Company plate marks/Ironmongers_Christs H_cup_Cleave gift, sterling mark 1637-38.jpg","Ironmongers' Company plate marks","Ironmongers Christs H cup Cleave gift,","sterling mark","1637-38","1637","primary","0","ironmongers-company-plate-marks-ironmongers-christs-h-cup-cleave-gift-sterling-mark-1637","hallmarks/ironmongers-company-plate-marks-ironmongers-christs-h-cup-cleave-gift-sterling-mark-1637-0"
"/mnt/c/Users/Assay Surface/Desktop/Kirstin Kennedy/Ironmongers' Company plate marks/Ironmongers_Christs H_cup_St Amand gift_dateletter 1687-8.jpg","Ironmongers' Company plate marks","Ironmongers Christs H cup St Amand gift","date letter","1687-8","1687","primary","0","ironmongers-company-plate-marks-ironmongers-christs-h-cup-st-amand-gift-date-letter-1687","hallmarks/ironmongers-company-plate-marks-ironmongers-christs-h-cup-st-amand-gift-date-letter-1687-0"
"/mnt/c/Users/Assay Surface/Desktop/Kirstin Kennedy/Ironmongers' Company plate marks/Ironmongers_Christs H_cup_St Amand gift_hallmark 1687-8.jpg","Ironmongers' Company plate marks","Ironmongers Christs H cup St Amand gift","hallmark","1687-8","1687","primary","0","ironmongers-company-plate-marks-ironmongers-christs-h-cup-st-amand-gift-hallmark-1687","hallmarks/ironmongers-company-plate-marks-ironmongers-christs-h-cup-st-amand-gift-hallmark-1687-0"
"/mnt/c/Users/Assay Surface/Desktop/Kirstin Kennedy/Ironmongers' Company plate marks/Ironmongers_Christs H_cup_St Amand gift_hallmark 1687-8_dims.jpg","Ironmongers' Company plate marks","Ironmongers Christs H cup St Amand gift","hallmark","1687-8","1687","dimensions","1","ironmongers-company-plate-marks-ironmongers-christs-h-cup-st-amand-gift-hallmark-1687","hallmarks/ironmongers-company-plate-marks-ironmongers-christs-h-cup-st-amand-gift-hallmark-1687-1"
"/mnt/c/Users/Assay Surface/Desktop/Kirstin Kennedy/Ironmongers' Company plate marks/Ironmongers_Christs H_cup_St Amand gift_sterling mark 1687-8.jpg","Ironmongers' Company plate marks","Ironmongers Christs H cup St Amand gift","sterling mark","1687-8","1687","primary","0","ironmongers-company-plate-marks-ironmongers-christs-h-cup-st-amand-gift-sterling-mark-1687","hallmarks/ironmongers-company-plate-marks-ironmongers-christs-h-cup-st-amand-gift-sterling-mark-1687-0"
"/mnt/c/Users/Assay Surface/Desktop/Kirstin Kennedy/Ironmongers' Company plate marks/Ironmongers_Christs H_cup_St Amand lid_hallmark 1687-8.jpg","Ironmongers' Company plate marks","Ironmongers Christs H cup St Amand lid","hallmark","1687-8","1687","primary","0","ironmongers-company-plate-marks-ironmongers-christs-h-cup-st-amand-lid-hallmark-1687","hallmarks/ironmongers-company-plate-marks-ironmongers-christs-h-cup-st-amand-lid-hallmark-1687-0"
"/mnt/c/Users/Assay Surface/Desktop/Kirstin Kennedy/Ironmongers' Company plate marks/Ironmongers_Christs H_ewer_Cleave gift, hallmark 1638-39_image 3.jpg","Ironmongers' Company plate marks","Ironmongers Christs H ewer Cleave gift,","hallmark","1638-39","1638","primary","3","ironmongers-company-plate-marks-ironmongers-christs-h-ewer-cleave-gift-hallmark-1638","hallmarks/ironmongers-company-plate-marks-ironmongers-christs-h-ewer-cleave-gift-hallmark-1638-3"
"/mnt/c/Users/Assay Surface/Desktop/Kirstin Kennedy/Ironmongers' Company plate marks/Ironmongers_Christs H_ewer_Cleve _dateletter_1638-9.jpg","Ironmongers' Company plate marks","Ironmongers Christs H ewer Cleve","date letter","1638-9","1638","primary","0","ironmongers-company-plate-marks-ironmongers-christs-h-ewer-cleve-date-letter-1638","hallmarks/ironmongers-company-plate-marks-ironmongers-christs-h-ewer-cleve-date-letter-1638-0"
"/mnt/c/Users/Assay Surface/Desktop/Kirstin Kennedy/Ironmongers' Company plate marks/Ironmongers_Christs H_ewer_Cleve _dateletter_1638-9_dims.jpg","Ironmongers' Company plate marks","Ironmongers Christs H ewer Cleve","date letter","1638-9","1638","dimensions","1","ironmongers-company-plate-marks-ironmongers-christs-h-ewer-cleve-date-letter-1638","hallmarks/ironmongers-company-plate-marks-ironmongers-christs-h-ewer-cleve-date-letter-1638-1"
"/mnt/c/Users/Assay Surface/Desktop/Kirstin Kennedy/Ironmongers' Company plate marks/Ironmongers_Christs H_ewer_Cleve _sterling mark_1638-9.jpg","Ironmongers' Company plate marks","Ironmongers Christs H ewer Cleve","sterling mark","1638-9","1638","primary","0","ironmongers-company-plate-marks-ironmongers-christs-h-ewer-cleve-sterling-mark-1638","hallmarks/ironmongers-company-plate-marks-ironmongers-christs-h-ewer-cleve-sterling-mark-1638-0"
"/mnt/c/Users/Assay Surface/Desktop/Kirstin Kennedy/Ironmongers' Company plate marks/Ironmongers_Christs H_ewer_Cleve gift_hallmark 1638-9_dims.jpg","Ironmongers' Company plate marks","Ironmongers Christs H ewer Cleve gift","hallmark","1638-9","1638","dimensions","0","ironmongers-company-plate-marks-ironmongers-christs-h-ewer-cleve-gift-hallmark-1638","hallmarks/ironmongers-company-plate-marks-ironmongers-christs-h-ewer-cleve-gift-hallmark-1638-0"
"/mnt/c/Users/Assay Surface/Desktop/Kirstin Kennedy/Ironmongers' Company plate marks/Ironmongers_Christs H_ewer_Cleve gift_hallmark 1638-9_image 2.jpg","Ironmongers' Company plate marks","Ironmongers Christs H ewer Cleve gift","hallmark","1638-9","1638","primary","2","ironmongers-company-plate-marks-ironmongers-christs-h-ewer-cleve-gift-hallmark-1638","hallmarks/ironmongers-company-plate-marks-ironmongers-christs-h-ewer-cleve-gift-hallmark-1638-2"
"/mnt/c/Users/Assay Surface/Desktop/Kirstin Kennedy/Ironmongers' Company plate marks/Ironmongers_Christs H_large salver_Alt_date letter 1834-35.jpg","Ironmongers' Company plate marks","Ironmongers Christs H large salver Alt","date letter","1834-35","1834","primary","0","ironmongers-company-plate-marks-ironmongers-christs-h-large-salver-alt-date-letter-1834","hallmarks/ironmongers-company-plate-marks-ironmongers-christs-h-large-salver-alt-date-letter-1834-0"
"/mnt/c/Users/Assay Surface/Desktop/Kirstin Kennedy/Ironmongers' Company plate marks/Ironmongers_Christs H_large salver_Alt_duty mark 1834-35.jpg","Ironmongers' Company plate marks","Ironmongers Christs H large salver Alt","duty mark","1834-35","1834","primary","0","ironmongers-company-plate-marks-ironmongers-christs-h-large-salver-alt-duty-mark-1834","hallmarks/ironmongers-company-plate-marks-ironmongers-christs-h-large-salver-alt-duty-mark-1834-0"
"/mnt/c/Users/Assay Surface/Desktop/Kirstin Kennedy/Ironmongers' Company plate marks/Ironmongers_Christs H_large salver_Alt_hallmark 1834-35 dims.jpg","Ironmongers' Company plate marks","Ironmongers Christs H large salver Alt","hallmark","1834-35","1834","dimensions","1","ironmongers-company-plate-marks-ironmongers-christs-h-large-salver-alt-hallmark-1834","hallmarks/ironmongers-company-plate-marks-ironmongers-christs-h-large-salver-alt-hallmark-1834-1"
"/mnt/c/Users/Assay Surface/Desktop/Kirstin Kennedy/Ironmongers' Company plate marks/Ironmongers_Christs H_large salver_Alt_hallmark 1834-35.jpg","Ironmongers' Company plate marks","Ironmongers Christs H large salver Alt","hallmark","1834-35","1834","primary","0","ironmongers-company-plate-marks-ironmongers-christs-h-large-salver-alt-hallmark-1834","hallmarks/ironmongers-company-plate-marks-ironmongers-christs-h-large-salver-alt-hallmark-1834-0"
"/mnt/c/Users/Assay Surface/Desktop/Kirstin Kennedy/Ironmongers' Company plate marks/Ironmongers_Christs H_large salver_Alt_sterling mark 1834-35.jpg","Ironmongers' Company plate marks","Ironmongers Christs H large salver Alt","sterling mark","1834-35","1834","primary","0","ironmongers-company-plate-marks-ironmongers-christs-h-large-salver-alt-sterling-mark-1834","hallmarks/ironmongers-company-plate-marks-ironmongers-christs-h-large-salver-alt-sterling-mark-1834-0"
"/mnt/c/Users/Assay Surface/Desktop/Kirstin Kennedy/Ironmongers' Company plate marks/Ironmongers_Christs H_lid_St Amand gift_hallmark 1687-8_dims.jpg","Ironmongers' Company plate marks","Ironmongers Christs H lid St Amand gift","hallmark","1687-8","1687","dimensions","0","ironmongers-company-plate-marks-ironmongers-christs-h-lid-st-amand-gift-hallmark-1687","hallmarks/ironmongers-company-plate-marks-ironmongers-christs-h-lid-st-amand-gift-hallmark-1687-0"
"/mnt/c/Users/Assay Surface/Desktop/Kirstin Kennedy/Ironmongers' Company plate marks/Ironmongers_Christs H_lid_St Amand gift_sterling mark 1687-8.jpg","Ironmongers' Company plate marks","Ironmongers Christs H lid St Amand gift","sterling mark","1687-8","1687","primary","0","ironmongers-company-plate-marks-ironmongers-christs-h-lid-st-amand-gift-sterling-mark-1687","hallmarks/ironmongers-company-plate-marks-ironmongers-christs-h-lid-st-amand-gift-sterling-mark-1687-0"
"/mnt/c/Users/Assay Surface/Desktop/Kirstin Kennedy/Ironmongers' Company plate marks/Ironmongers_Christs H_rosewater dish_Cleaue gift_date letter 1639-40.jpg","Ironmongers' Company plate marks","Ironmongers Christs H rosewater dish Cleaue gift","date letter","1639-40","1639","primary","0","ironmongers-company-plate-marks-ironmongers-christs-h-rosewater-dish-cleaue-gift-date-letter-1639","hallmarks/ironmongers-company-plate-marks-ironmongers-christs-h-rosewater-dish-cleaue-gift-date-letter-1639-0"
"/mnt/c/Users/Assay Surface/Desktop/Kirstin Kennedy/Ironmongers' Company plate marks/Ironmongers_Christs H_rosewater dish_Cleaue gift_hallmark 1639-40 dims.jpg","Ironmongers' Company plate marks","Ironmongers Christs H rosewater dish Cleaue gift","hallmark","1639-40","1639","dimensions","1","ironmongers-company-plate-marks-ironmongers-christs-h-rosewater-dish-cleaue-gift-hallmark-1639","hallmarks/ironmongers-company-plate-marks-ironmongers-christs-h-rosewater-dish-cleaue-gift-hallmark-1639-1"
"/mnt/c/Users/Assay Surface/Desktop/Kirstin Kennedy/Ironmongers' Company plate marks/Ironmongers_Christs H_rosewater dish_Cleaue gift_hallmark 1639-40.jpg","Ironmongers' Company plate marks","Ironmongers Christs H rosewater dish Cleaue gift","hallmark","1639-40","1639","primary","0","ironmongers-company-plate-marks-ironmongers-christs-h-rosewater-dish-cleaue-gift-hallmark-1639","hallmarks/ironmongers-company-plate-marks-ironmongers-christs-h-rosewater-dish-cleaue-gift-hallmark-1639-0"
"/mnt/c/Users/Assay Surface/Desktop/Kirstin Kennedy/Ironmongers' Company plate marks/Ironmongers_Christs H_rosewater dish_Cleaue gift_sterling mark 1639-40.jpg","Ironmongers' Company plate marks","Ironmongers Christs H rosewater dish Cleaue gift","sterling mark","1639-40","1639","primary","0","ironmongers-company-plate-marks-ironmongers-christs-h-rosewater-dish-cleaue-gift-sterling-mark-1639","hallmarks/ironmongers-company-plate-marks-ironmongers-christs-h-rosewater-dish-cleaue-gift-sterling-mark-1639-0"
"/mnt/c/Users/Assay Surface/Desktop/Kirstin Kennedy/Ironmongers' Company plate marks/Ironmongers_Christs H_salver_Alt_dateletter 1832-33.jpg","Ironmongers' Company plate marks","Ironmongers Christs H salver Alt","date letter","1832-33","1832","primary","0","ironmongers-company-plate-marks-ironmongers-christs-h-salver-alt-date-letter-1832","hallmarks/ironmongers-company-plate-marks-ironmongers-christs-h-salver-alt-date-letter-1832-0"
"/mnt/c/Users/Assay Surface/Desktop/Kirstin Kennedy/Ironmongers' Company plate marks/Ironmongers_Christs H_salver_Alt_duty mark 1832-33.jpg","Ironmongers' Company plate marks","Ironmongers Christs H salver Alt","duty mark","1832-33","1832","primary","0","ironmongers-company-plate-marks-ironmongers-christs-h-salver-alt-duty-mark-1832","hallmarks/ironmongers-company-plate-marks-ironmongers-christs-h-salver-alt-duty-mark-1832-0"
"/mnt/c/Users/Assay Surface/Desktop/Kirstin Kennedy/Ironmongers' Company plate marks/Ironmongers_Christs H_salver_Alt_hallmark 1832-33.jpg","Ironmongers' Company plate marks","Ironmongers Christs H salver Alt","hallmark","1832-33","1832","primary","0","ironmongers-company-plate-marks-ironmongers-christs-h-salver-alt-hallmark-1832","hallmarks/ironmongers-company-plate-marks-ironmongers-christs-h-salver-alt-hallmark-1832-0"
"/mnt/c/Users/Assay Surface/Desktop/Kirstin Kennedy/Ironmongers' Company plate marks/Ironmongers_Christs H_salver_Alt_hallmark 1832-33_dims.jpg","Ironmongers' Company plate marks","Ironmongers Christs H salver Alt","hallmark","1832-33","1832","dimensions","1","ironmongers-company-plate-marks-ironmongers-christs-h-salver-alt-hallmark-1832","hallmarks/ironmongers-company-plate-marks-ironmongers-christs-h-salver-alt-hallmark-1832-1"
"/mnt/c/Users/Assay Surface/Desktop/Kirstin Kennedy/Ironmongers' Company plate marks/Ironmongers_Christs H_salver_Alt_sterling mark 1832-33.jpg","Ironmongers' Company plate marks","Ironmongers Christs H salver Alt","sterling mark","1832-33","1832","primary","0","ironmongers-company-plate-marks-ironmongers-christs-h-salver-alt-sterling-mark-1832","hallmarks/ironmongers-company-plate-marks-ironmongers-christs-h-salver-alt-sterling-mark-1832-0"
"/mnt/c/Users/Assay Surface/Desktop/Kirstin Kennedy/Ironmongers' Company plate marks/Ironmongers_Christs H_salver_St Amand gift_dateletter 1686-87.jpg","Ironmongers' Company plate marks","Ironmongers Christs H salver St Amand gift","date letter","1686-87","1686","primary","0","ironmongers-company-plate-marks-ironmongers-christs-h-salver-st-amand-gift-date-letter-1686","hallmarks/ironmongers-company-plate-marks-ironmongers-christs-h-salver-st-amand-gift-date-letter-1686-0"
"/mnt/c/Users/Assay Surface/Desktop/Kirstin Kennedy/Ironmongers' Company plate marks/Ironmongers_Christs H_salver_St Amand gift_hallmark 1686-7_back view.jpg","Ironmongers' Company plate marks","Ironmongers Christs H salver St Amand gift","hallmark","1686-7","1686","primary","0","ironmongers-company-plate-marks-ironmongers-christs-h-salver-st-amand-gift-hallmark-1686","hallmarks/ironmongers-company-plate-marks-ironmongers-christs-h-salver-st-amand-gift-hallmark-1686-0"
"/mnt/c/Users/Assay Surface/Desktop/Kirstin Kennedy/Ironmongers' Company plate marks/Ironmongers_Christs H_salver_St Amand gift_hallmark 1686-87.jpg","Ironmongers' Company plate marks","Ironmongers Christs H salver St Amand gift","hallmark","1686-87","1686","primary","1","ironmongers-company-plate-marks-ironmongers-christs-h-salver-st-amand-gift-hallmark-1686","hallmarks/ironmongers-company-plate-marks-ironmongers-christs-h-salver-st-amand-gift-hallmark-1686-1"
"/mnt/c/Users/Assay Surface/Desktop/Kirstin Kennedy/Ironmongers' Company plate marks/Ironmongers_Christs H_salver_St Amand gift_hallmark 1686-87_dims.jpg","Ironmongers' Company plate marks","Ironmongers Christs H salver St Amand gift","hallmark","1686-87","1686","dimensions","2","ironmongers-company-plate-marks-ironmongers-christs-h-salver-st-amand-gift-hallmark-1686","hallmarks/ironmongers-company-plate-marks-ironmongers-christs-h-salver-st-amand-gift-hallmark-1686-2"
"/mnt/c/Users/Assay Surface/Desktop/Kirstin Kennedy/Ironmongers' Company plate marks/Ironmongers_Christs H_salver_St Amand gift_sterling mark 1686-87.jpg","Ironmongers' Company plate marks","Ironmongers Christs H salver St Amand gift","sterling mark","1686-87","1686","primary","0","ironmongers-company-plate-marks-ironmongers-christs-h-salver-st-amand-gift-sterling-mark-1686","hallmarks/ironmongers-company-plate-marks-ironmongers-christs-h-salver-st-amand-gift-sterling-mark-1686-0"
"/mnt/c/Users/Assay Surface/Desktop/Kirstin Kennedy/Ironmongers' Company plate marks/Ironmongers_Christs H_salver_Weeding gift_date letter 1841-42.jpg","Ironmongers' Company plate marks","Ironmongers Christs H salver Weeding gift","date letter","1841-42","1841","primary","0","ironmongers-company-plate-marks-ironmongers-christs-h-salver-weeding-gift-date-letter-1841","hallmarks/ironmongers-company-plate-marks-ironmongers-christs-h-salver-weeding-gift-date-letter-1841-0"
"/mnt/c/Users/Assay Surface/Desktop/Kirstin Kennedy/Ironmongers' Company plate marks/Ironmongers_Christs H_salver_Weeding gift_duty mark 1841-42.jpg","Ironmongers' Company plate marks","Ironmongers Christs H salver Weeding gift","duty mark","1841-42","1841","primary","0","ironmongers-company-plate-marks-ironmongers-christs-h-salver-weeding-gift-duty-mark-1841","hallmarks/ironmongers-company-plate-marks-ironmongers-christs-h-salver-weeding-gift-duty-mark-1841-0"
"/mnt/c/Users/Assay Surface/Desktop/Kirstin Kennedy/Ironmongers' Company plate marks/Ironmongers_Christs H_salver_Weeding gift_hallmark 1841-42.jpg","Ironmongers' Company plate marks","Ironmongers Christs H salver Weeding gift","hallmark","1841-42","1841","primary","0","ironmongers-company-plate-marks-ironmongers-christs-h-salver-weeding-gift-hallmark-1841","hallmarks/ironmongers-company-plate-marks-ironmongers-christs-h-salver-weeding-gift-hallmark-1841-0"
"/mnt/c/Users/Assay Surface/Desktop/Kirstin Kennedy/Ironmongers' Company plate marks/Ironmongers_Christs H_salver_Weeding gift_hallmark 1841-42_dims.jpg","Ironmongers' Company plate marks","Ironmongers Christs H salver Weeding gift","hallmark","1841-42","1841","dimensions","1","ironmongers-company-plate-marks-ironmongers-christs-h-salver-weeding-gift-hallmark-1841","hallmarks/ironmongers-company-plate-marks-ironmongers-christs-h-salver-weeding-gift-hallmark-1841-1"
"/mnt/c/Users/Assay Surface/Desktop/Kirstin Kennedy/Ironmongers' Company plate marks/Ironmongers_Christs H_salver_Weeding gift_sterling mark 1841-42.jpg","Ironmongers' Company plate marks","Ironmongers Christs H salver Weeding gift","sterling mark","1841-42","1841","primary","0","ironmongers-company-plate-marks-ironmongers-christs-h-salver-weeding-gift-sterling-mark-1841","hallmarks/ironmongers-company-plate-marks-ironmongers-christs-h-salver-weeding-gift-sterling-mark-1841-0"
"/mnt/c/Users/Assay Surface/Desktop/Kirstin Kennedy/Ironmongers' Company plate marks/Ironmongers_Christs H_slip-top spoon_dateletter 1640-1641.jpg","Ironmongers' Company plate marks","Ironmongers Christs H slip-top spoon","date letter","1640-1641","1640","primary","0","ironmongers-company-plate-marks-ironmongers-christs-h-slip-top-spoon-date-letter-1640","hallmarks/ironmongers-company-plate-marks-ironmongers-christs-h-slip-top-spoon-date-letter-1640-0"
"/mnt/c/Users/Assay Surface/Desktop/Kirstin Kennedy/Ironmongers' Company plate marks/Ironmongers_Christs H_slip-top spoon_hallmark 1640-1641.jpg","Ironmongers' Company plate marks","Ironmongers Christs H slip-top spoon","hallmark","1640-1641","1640","primary","0","ironmongers-company-plate-marks-ironmongers-christs-h-slip-top-spoon-hallmark-1640","hallmarks/ironmongers-company-plate-marks-ironmongers-christs-h-slip-top-spoon-hallmark-1640-0"
"/mnt/c/Users/Assay Surface/Desktop/Kirstin Kennedy/Ironmongers' Company plate marks/Ironmongers_Christs H_slip-top spoon_hallmark 1640-41_dims.jpg","Ironmongers' Company plate marks","Ironmongers Christs H slip-top spoon","hallmark","1640-41","1640","dimensions","1","ironmongers-company-plate-marks-ironmongers-christs-h-slip-top-spoon-hallmark-1640","hallmarks/ironmongers-company-plate-marks-ironmongers-christs-h-slip-top-spoon-hallmark-1640-1"
"/mnt/c/Users/Assay Surface/Desktop/Kirstin Kennedy/Ironmongers' Company plate marks/Ironmongers_Christs H_slip-top spoon_sterling mark 1640-1641.jpg","Ironmongers' Company plate marks","Ironmongers Christs H slip-top spoon","sterling mark","1640-1641","1640","primary","0","ironmongers-company-plate-marks-ironmongers-christs-h-slip-top-spoon-sterling-mark-1640","hallmarks/ironmongers-company-plate-marks-ironmongers-christs-h-slip-top-spoon-sterling-mark-1640-0"
"/mnt/c/Users/Assay Surface/Desktop/Kirstin Kennedy/Ironmongers' Company plate marks/Ironmongers_Christs H_tankard 2_Willson gift, date letter base 1639-40.jpg","Ironmongers' Company plate marks","Ironmongers Christs H tankard 2 Willson gift,","date letter","1639-40","1639","primary","0","ironmongers-company-plate-marks-ironmongers-christs-h-tankard-2-willson-gift-date-letter-1639","hallmarks/ironmongers-company-plate-marks-ironmongers-christs-h-tankard-2-willson-gift-date-letter-1639-0"
"/mnt/c/Users/Assay Surface/Desktop/Kirstin Kennedy/Ironmongers' Company plate marks/Ironmongers_Christs H_tankard 2_Willson gift, date letter lid 1639-40.jpg","Ironmongers' Company plate marks","Ironmongers Christs H tankard 2 Willson gift,","date letter","1639-40","1639","primary","1","ironmongers-company-plate-marks-ironmongers-christs-h-tankard-2-willson-gift-date-letter-1639","hallmarks/ironmongers-company-plate-marks-ironmongers-christs-h-tankard-2-willson-gift-date-letter-1639-1"
"/mnt/c/Users/Assay Surface/Desktop/Kirstin Kennedy/Ironmongers' Company plate marks/Ironmongers_Christs H_tankard 2_Willson gift, hallmark base 1639-40.jpg","Ironmongers' Company plate marks","Ironmongers Christs H tankard 2 Willson gift,","hallmark","1639-40","1639","primary","0","ironmongers-company-plate-marks-ironmongers-christs-h-tankard-2-willson-gift-hallmark-1639","hallmarks/ironmongers-company-plate-marks-ironmongers-christs-h-tankard-2-willson-gift-hallmark-1639-0"
"/mnt/c/Users/Assay Surface/Desktop/Kirstin Kennedy/Ironmongers' Company plate marks/Ironmongers_Christs H_tankard 2_Willson gift, hallmark base 1639-40_dims.jpg","Ironmongers' Company plate marks","Ironmongers Christs H tankard 2 Willson gift,","hallmark","1639-40","1639","dimensions","4","ironmongers-company-plate-marks-ironmongers-christs-h-tankard-2-willson-gift-hallmark-1639","hallmarks/ironmongers-company-plate-marks-ironmongers-christs-h-tankard-2-willson-gift-hallmark-1639-4"
"/mnt/c/Users/Assay Surface/Desktop/Kirstin Kennedy/Ironmongers' Company plate marks/Ironmongers_Christs H_tankard 2_Willson gift, hallmark lid 1639-40.jpg","Ironmongers' Company plate marks","Ironmongers Christs H tankard 2 Willson gift,","hallmark","1639-40","1639","primary","1","ironmongers-company-plate-marks-ironmongers-christs-h-tankard-2-willson-gift-hallmark-1639","hallmarks/ironmongers-company-plate-marks-ironmongers-christs-h-tankard-2-willson-gift-hallmark-1639-1"
"/mnt/c/Users/Assay Surface/Desktop/Kirstin Kennedy/Ironmongers' Company plate marks/Ironmongers_Christs H_tankard 2_Willson gift, hallmark lid 1639-40_dims.jpg","Ironmongers' Company plate marks","Ironmongers Christs H tankard 2 Willson gift,","hallmark","1639-40","1639","dimensions","5","ironmongers-company-plate-marks-ironmongers-christs-h-tankard-2-willson-gift-hallmark-1639","hallmarks/ironmongers-company-plate-marks-ironmongers-christs-h-tankard-2-willson-gift-hallmark-1639-5"
"/mnt/c/Users/Assay Surface/Desktop/Kirstin Kennedy/Ironmongers' Company plate marks/Ironmongers_Christs H_tankard 2_Willson gift, hallmarks x 2 base_1639-40.jpg","Ironmongers' Company plate marks","Ironmongers Christs H tankard 2 Willson gift,","hallmark","1639-40","1639","primary","2","ironmongers-company-plate-marks-ironmongers-christs-h-tankard-2-willson-gift-hallmark-1639","hallmarks/ironmongers-company-plate-marks-ironmongers-christs-h-tankard-2-willson-gift-hallmark-1639-2"
"/mnt/c/Users/Assay Surface/Desktop/Kirstin Kennedy/Ironmongers' Company plate marks/Ironmongers_Christs H_tankard 2_Willson gift, hallmarks x 2 lid 1639-40.jpg","Ironmongers' Company plate marks","Ironmongers Christs H tankard 2 Willson gift,","hallmark","1639-40","1639","primary","3","ironmongers-company-plate-marks-ironmongers-christs-h-tankard-2-willson-gift-hallmark-1639","hallmarks/ironmongers-company-plate-marks-ironmongers-christs-h-tankard-2-willson-gift-hallmark-1639-3"
"/mnt/c/Users/Assay Surface/Desktop/Kirstin Kennedy/Ironmongers' Company plate marks/Ironmongers_Christs H_tankard 2_Willson gift, sterling mark base 1639-40.jpg","Ironmongers' Company plate marks","Ironmongers Christs H tankard 2 Willson gift,","sterling mark","1639-40","1639","primary","0","ironmongers-company-plate-marks-ironmongers-christs-h-tankard-2-willson-gift-sterling-mark-1639","hallmarks/ironmongers-company-plate-marks-ironmongers-christs-h-tankard-2-willson-gift-sterling-mark-1639-0"
"/mnt/c/Users/Assay Surface/Desktop/Kirstin Kennedy/Ironmongers' Company plate marks/Ironmongers_Christs H_tankard 2_Willson gift, sterling mark lid 1639-40.jpg","Ironmongers' Company plate marks","Ironmongers Christs H tankard 2 Willson gift,","sterling mark","1639-40","1639","primary","1","ironmongers-company-plate-marks-ironmongers-christs-h-tankard-2-willson-gift-sterling-mark-1639","hallmarks/ironmongers-company-plate-marks-ironmongers-christs-h-tankard-2-willson-gift-sterling-mark-1639-1"
"/mnt/c/Users/Assay Surface/Desktop/Kirstin Kennedy/Ironmongers' Company plate marks/Ironmongers_Christs H_tankard base_Willson gift, sterling mark 1639-40.jpg","Ironmongers' Company plate marks","Ironmongers Christs H tankard base Willson gift,","sterling mark","1639-40","1639","primary","0","ironmongers-company-plate-marks-ironmongers-christs-h-tankard-base-willson-gift-sterling-mark-1639","hallmarks/ironmongers-company-plate-marks-ironmongers-christs-h-tankard-base-willson-gift-sterling-mark-1639-0"
"/mnt/c/Users/Assay Surface/Desktop/Kirstin Kennedy/Ironmongers' Company plate marks/Ironmongers_Christs H_tankard_Willson gift, base_dateletter 1639-40.jpg","Ironmongers' Company plate marks","Ironmongers Christs H tankard Willson gift, base","date letter","1639-40","1639","primary","0","ironmongers-company-plate-marks-ironmongers-christs-h-tankard-willson-gift-base-date-letter-1639","hallmarks/ironmongers-company-plate-marks-ironmongers-christs-h-tankard-willson-gift-base-date-letter-1639-0"
"/mnt/c/Users/Assay Surface/Desktop/Kirstin Kennedy/Ironmongers' Company plate marks/Ironmongers_Christs H_tankard_Willson gift, base_two hallmarks.jpg","Ironmongers' Company plate marks","Ironmongers Christs H tankard Willson gift, base two","hallmark","","","primary","0","ironmongers-company-plate-marks-ironmongers-christs-h-tankard-willson-gift-base-two-hallmark-unknown","hallmarks/ironmongers-company-plate-marks-ironmongers-christs-h-tankard-willson-gift-base-two-hallmark-unknown-0"
"/mnt/c/Users/Assay Surface/Desktop/Kirstin Kennedy/Ironmongers' Company plate marks/Ironmongers_Christs H_tankard_Willson gift, date letter 1639-40.jpg","Ironmongers' Company plate marks","Ironmongers Christs H tankard Willson gift,","date letter","1639-40","1639","primary","0","ironmongers-company-plate-marks-ironmongers-christs-h-tankard-willson-gift-date-letter-1639","hallmarks/ironmongers-company-plate-marks-ironmongers-christs-h-tankard-willson-gift-date-letter-1639-0"
"/mnt/c/Users/Assay Surface/Desktop/Kirstin Kennedy/Ironmongers' Company plate marks/Ironmongers_Christs H_tankard_Willson gift, date letter 1639-40_dims.jpg","Ironmongers' Company plate marks","Ironmongers Christs H tankard Willson gift,","date letter","1639-40","1639","dimensions","1","ironmongers-company-plate-marks-ironmongers-christs-h-tankard-willson-gift-date-letter-1639","hallmarks/ironmongers-company-plate-marks-ironmongers-christs-h-tankard-willson-gift-date-letter-1639-1"
"/mnt/c/Users/Assay Surface/Desktop/Kirstin Kennedy/Ironmongers' Company plate marks/Ironmongers_Christs H_tankard_Willson gift, hallmark 1639-40.jpg","Ironmongers' Company plate marks","Ironmongers Christs H tankard Willson gift,","hallmark","1639-40","1639","primary","0","ironmongers-company-plate-marks-ironmongers-christs-h-tankard-willson-gift-hallmark-1639","hallmarks/ironmongers-company-plate-marks-ironmongers-christs-h-tankard-willson-gift-hallmark-1639-0"
"/mnt/c/Users/Assay Surface/Desktop/Kirstin Kennedy/Ironmongers' Company plate marks/Ironmongers_Christs H_tankard_Willson gift, hallmark 1639-40_dims.jpg","Ironmongers' Company plate marks","Ironmongers Christs H tankard Willson gift,","hallmark","1639-40","1639","dimensions","2","ironmongers-company-plate-marks-ironmongers-christs-h-tankard-willson-gift-hallmark-1639","hallmarks/ironmongers-company-plate-marks-ironmongers-christs-h-tankard-willson-gift-hallmark-1639-2"
"/mnt/c/Users/Assay Surface/Desktop/Kirstin Kennedy/Ironmongers' Company plate marks/Ironmongers_Christs H_tankard_Willson gift, hallmark base 1639-40.jpg","Ironmongers' Company plate marks","Ironmongers Christs H tankard Willson gift,","hallmark","1639-40","1639","primary","1","ironmongers-company-plate-marks-ironmongers-christs-h-tankard-willson-gift-hallmark-1639","hallmarks/ironmongers-company-plate-marks-ironmongers-christs-h-tankard-willson-gift-hallmark-1639-1"
"/mnt/c/Users/Assay Surface/Desktop/Kirstin Kennedy/Ironmongers' Company plate marks/Ironmongers_Christs H_tankard_Willson gift, hallmark base 1639-40_dims.jpg","Ironmongers' Company plate marks","Ironmongers Christs H tankard Willson gift,","hallmark","1639-40","1639","dimensions","3","ironmongers-company-plate-marks-ironmongers-christs-h-tankard-willson-gift-hallmark-1639","hallmarks/ironmongers-company-plate-marks-ironmongers-christs-h-tankard-willson-gift-hallmark-1639-3"
"/mnt/c/Users/Assay Surface/Desktop/Kirstin Kennedy/Ironmongers' Company plate marks/Ironmongers_Christs H_tankard_Willson gift, sterling mark 1639-40.jpg","Ironmongers' Company plate marks","Ironmongers Christs H tankard Willson gift,","sterling mark","1639-40","1639","primary","0","ironmongers-company-plate-marks-ironmongers-christs-h-tankard-willson-gift-sterling-mark-1639","hallmarks/ironmongers-company-plate-marks-ironmongers-christs-h-tankard-willson-gift-sterling-mark-1639-0"
"/mnt/c/Users/Assay Surface/Desktop/Kirstin Kennedy/Ironmongers' Company plate marks/Ironmongers_Christs Hospital_Mercers spoon_hallmark 1630-31.jpg","Ironmongers' Company plate marks","Ironmongers Christs Hospital Mercers spoon","hallmark","1630-31","1630","primary","0","ironmongers-company-plate-marks-ironmongers-christs-hospital-mercers-spoon-hallmark-1630","hallmarks/ironmongers-company-plate-marks-ironmongers-christs-hospital-mercers-spoon-hallmark-1630-0"
"/mnt/c/Users/Assay Surface/Desktop/Kirstin Kennedy/Ironmongers' Company plate marks/Ironmongers_Christs Hospital_ewer_Cleve gift_hallmark 1638-39.jpg","Ironmongers' Company plate marks","Ironmongers Christs Hospital ewer Cleve gift","hallmark","1638-39","1638","primary","0","ironmongers-company-plate-marks-ironmongers-christs-hospital-ewer-cleve-gift-hallmark-1638","hallmarks/ironmongers-company-plate-marks-ironmongers-christs-hospital-ewer-cleve-gift-hallmark-1638-0"
"/mnt/c/Users/Assay Surface/Desktop/Kirstin Kennedy/Ironmongers' Company plate marks/Ironmongers_Christs Hospital_paten_hallmark 1662-63.jpg","Ironmongers' Company plate marks","Ironmongers Christs Hospital paten","hallmark","1662-63","1662","primary","0","ironmongers-company-plate-marks-ironmongers-christs-hospital-paten-hallmark-1662","hallmarks/ironmongers-company-plate-marks-ironmongers-christs-hospital-paten-hallmark-1662-0"
"/mnt/c/Users/Assay Surface/Desktop/Kirstin Kennedy/Ironmongers' Company plate marks/Ironmongers_Christs Hospital_paten_hallmark 1662-63_dims.jpg","Ironmongers' Company plate marks","Ironmongers Christs Hospital paten","hallmark","1662-63","1662","dimensions","1","ironmongers-company-plate-marks-ironmongers-christs-hospital-paten-hallmark-1662","hallmarks/ironmongers-company-plate-marks-ironmongers-christs-hospital-paten-hallmark-1662-1"
"/mnt/c/Users/Assay Surface/Desktop/Kirstin Kennedy/Ironmongers' Company plate marks/Ironmongers_Christs Hospital_paten_sterling mark_1662-63.jpg","Ironmongers' Company plate marks","Ironmongers Christs Hospital paten","sterling mark","1662-63","1662","primary","0","ironmongers-company-plate-marks-ironmongers-christs-hospital-paten-sterling-mark-1662","hallmarks/ironmongers-company-plate-marks-ironmongers-christs-hospital-paten-sterling-mark-1662-0"
"/mnt/c/Users/Assay Surface/Desktop/Kirstin Kennedy/Ironmongers' Company plate marks/Ironmongers_Christs Hospital_wine cup_date letter_1615-16.jpg","Ironmongers' Company plate marks","Ironmongers Christs Hospital wine cup","date letter","1615-16","1615","primary","0","ironmongers-company-plate-marks-ironmongers-christs-hospital-wine-cup-date-letter-1615","hallmarks/ironmongers-company-plate-marks-ironmongers-christs-hospital-wine-cup-date-letter-1615-0"
"/mnt/c/Users/Assay Surface/Desktop/Kirstin Kennedy/Ironmongers' Company plate marks/Ironmongers_Christs Hospital_wine cup_date letter_1615-16_dims.jpg","Ironmongers' Company plate marks","Ironmongers Christs Hospital wine cup","date letter","1615-16","1615","dimensions","1","ironmongers-company-plate-marks-ironmongers-christs-hospital-wine-cup-date-letter-1615","hallmarks/ironmongers-company-plate-marks-ironmongers-christs-hospital-wine-cup-date-letter-1615-1"
"/mnt/c/Users/Assay Surface/Desktop/Kirstin Kennedy/Ironmongers' Company plate marks/Ironmongers_Christs Hospital_wine cup_hallmark 1615-16.jpg","Ironmongers' Company plate marks","Ironmongers Christs Hospital wine cup","hallmark","1615-16","1615","primary","0","ironmongers-company-plate-marks-ironmongers-christs-hospital-wine-cup-hallmark-1615","hallmarks/ironmongers-company-plate-marks-ironmongers-christs-hospital-wine-cup-hallmark-1615-0"
"/mnt/c/Users/Assay Surface/Desktop/Kirstin Kennedy/Ironmongers' Company plate marks/Ironmongers_Christs Hospital_wine cup_hallmark 1615-16_dims.jpg","Ironmongers' Company plate marks","Ironmongers Christs Hospital wine cup","hallmark","1615-16","1615","dimensions","1","ironmongers-company-plate-marks-ironmongers-christs-hospital-wine-cup-hallmark-1615","hallmarks/ironmongers-company-plate-marks-ironmongers-christs-hospital-wine-cup-hallmark-1615-1"
"/mnt/c/Users/Assay Surface/Desktop/Kirstin Kennedy/Ironmongers' Company plate marks/Ironmongers_Christs Hospital_wine cup_sterling mark_1615-16.jpg","Ironmongers' Company plate marks","Ironmongers Christs Hospital wine cup","sterling mark","1615-16","1615","primary","0","ironmongers-company-plate-marks-ironmongers-christs-hospital-wine-cup-sterling-mark-1615","hallmarks/ironmongers-company-plate-marks-ironmongers-christs-hospital-wine-cup-sterling-mark-1615-0"
"/mnt/c/Users/Assay Surface/Desktop/Kirstin Kennedy/Ironmongers' Company plate marks/Ironmongers_Cup_Humphrey gift_date letter 1706-7 dims.jpg","Ironmongers' Company plate marks","Ironmongers Cup Humphrey gift","date letter","1706-7","1706","dimensions","1","ironmongers-company-plate-marks-ironmongers-cup-humphrey-gift-date-letter-1706","hallmarks/ironmongers-company-plate-marks-ironmongers-cup-humphrey-gift-date-letter-1706-1"
"/mnt/c/Users/Assay Surface/Desktop/Kirstin Kennedy/Ironmongers' Company plate marks/Ironmongers_Cup_Humphrey gift_date letter 1706-7.jpg","Ironmongers' Company plate marks","Ironmongers Cup Humphrey gift","date letter","1706-7","1706","primary","0","ironmongers-company-plate-marks-ironmongers-cup-humphrey-gift-date-letter-1706","hallmarks/ironmongers-company-plate-marks-ironmongers-cup-humphrey-gift-date-letter-1706-0"
"/mnt/c/Users/Assay Surface/Desktop/Kirstin Kennedy/Ironmongers' Company plate marks/Ironmongers_Cup_Humphrey gift_hallmark 1706-7 dims.jpg","Ironmongers' Company plate marks","Ironmongers Cup Humphrey gift","hallmark","1706-7","1706","dimensions","1","ironmongers-company-plate-marks-ironmongers-cup-humphrey-gift-hallmark-1706","hallmarks/ironmongers-company-plate-marks-ironmongers-cup-humphrey-gift-hallmark-1706-1"
"/mnt/c/Users/Assay Surface/Desktop/Kirstin Kennedy/Ironmongers' Company plate marks/Ironmongers_Cup_Humphrey gift_hallmark 1706-7.jpg","Ironmongers' Company plate marks","Ironmongers Cup Humphrey gift","hallmark","1706-7","1706","primary","0","ironmongers-company-plate-marks-ironmongers-cup-humphrey-gift-hallmark-1706","hallmarks/ironmongers-company-plate-marks-ironmongers-cup-humphrey-gift-hallmark-1706-0"
"/mnt/c/Users/Assay Surface/Desktop/Kirstin Kennedy/Ironmongers' Company plate marks/Ironmongers_Cup_Humphrey gift_standard mark 1706-7 dims.jpg","Ironmongers' Company plate marks","Ironmongers Cup Humphrey gift","standard mark","1706-7","1706","dimensions","1","ironmongers-company-plate-marks-ironmongers-cup-humphrey-gift-standard-mark-1706","hallmarks/ironmongers-company-plate-marks-ironmongers-cup-humphrey-gift-standard-mark-1706-1"
"/mnt/c/Users/Assay Surface/Desktop/Kirstin Kennedy/Ironmongers' Company plate marks/Ironmongers_Cup_Humphrey gift_standard mark 1706-7.jpg","Ironmongers' Company plate marks","Ironmongers Cup Humphrey gift","standard mark","1706-7","1706","primary","0","ironmongers-company-plate-marks-ironmongers-cup-humphrey-gift-standard-mark-1706","hallmarks/ironmongers-company-plate-marks-ironmongers-cup-humphrey-gift-standard-mark-1706-0"
"/mnt/c/Users/Assay Surface/Desktop/Kirstin Kennedy/Ironmongers' Company plate marks/Ironmongers_Cup_Lane gift_Britannia mark 1712-13.jpg","Ironmongers' Company plate marks","Ironmongers Cup Lane gift","britannia mark","1712-13","1712","primary","0","ironmongers-company-plate-marks-ironmongers-cup-lane-gift-britannia-mark-1712","hallmarks/ironmongers-company-plate-marks-ironmongers-cup-lane-gift-britannia-mark-1712-0"
"/mnt/c/Users/Assay Surface/Desktop/Kirstin Kennedy/Ironmongers' Company plate marks/Ironmongers_Cup_Lane gift_Britannia mark bowl 1712-13.jpg","Ironmongers' Company plate marks","Ironmongers Cup Lane gift","britannia mark","1712-13","1712","primary","1","ironmongers-company-plate-marks-ironmongers-cup-lane-gift-britannia-mark-1712","hallmarks/ironmongers-company-plate-marks-ironmongers-cup-lane-gift-britannia-mark-1712-1"
"/mnt/c/Users/Assay Surface/Desktop/Kirstin Kennedy/Ironmongers' Company plate marks/Ironmongers_Cup_Lane gift_date letter 1712-13.jpg","Ironmongers' Company plate marks","Ironmongers Cup Lane gift","date letter","1712-13","1712","primary","0","ironmongers-company-plate-marks-ironmongers-cup-lane-gift-date-letter-1712","hallmarks/ironmongers-company-plate-marks-ironmongers-cup-lane-gift-date-letter-1712-0"
"/mnt/c/Users/Assay Surface/Desktop/Kirstin Kennedy/Ironmongers' Company plate marks/Ironmongers_Cup_Lane gift_date letter bowl 1712-13.jpg","Ironmongers' Company plate marks","Ironmongers Cup Lane gift","date letter","1712-13","1712","primary","1","ironmongers-company-plate-marks-ironmongers-cup-lane-gift-date-letter-1712","hallmarks/ironmongers-company-plate-marks-ironmongers-cup-lane-gift-date-letter-1712-1"
"/mnt/c/Users/Assay Surface/Desktop/Kirstin Kennedy/Ironmongers' Company plate marks/Ironmongers_Cup_Lane gift_hallmark 1712-13 dims.jpg","Ironmongers' Company plate marks","Ironmongers Cup Lane gift","hallmark","1712-13","1712","dimensions","2","ironmongers-company-plate-marks-ironmongers-cup-lane-gift-hallmark-1712","hallmarks/ironmongers-company-plate-marks-ironmongers-cup-lane-gift-hallmark-1712-2"
"/mnt/c/Users/Assay Surface/Desktop/Kirstin Kennedy/Ironmongers' Company plate marks/Ironmongers_Cup_Lane gift_hallmark 1712-13.jpg","Ironmongers' Company plate marks","Ironmongers Cup Lane gift","hallmark","1712-13","1712","primary","0","ironmongers-company-plate-marks-ironmongers-cup-lane-gift-hallmark-1712","hallmarks/ironmongers-company-plate-marks-ironmongers-cup-lane-gift-hallmark-1712-0"
"/mnt/c/Users/Assay Surface/Desktop/Kirstin Kennedy/Ironmongers' Company plate marks/Ironmongers_Cup_Lane gift_hallmark bowl 1712-13.jpg","Ironmongers' Company plate marks","Ironmongers Cup Lane gift","hallmark","1712-13","1712","primary","1","ironmongers-company-plate-marks-ironmongers-cup-lane-gift-hallmark-1712","hallmarks/ironmongers-company-plate-marks-ironmongers-cup-lane-gift-hallmark-1712-1"
"/mnt/c/Users/Assay Surface/Desktop/Kirstin Kennedy/Ironmongers' Company plate marks/Ironmongers_Cup_Thorold gift_Britannia mark_bowl 1709-10.jpg","Ironmongers' Company plate marks","Ironmongers Cup Thorold gift","britannia mark","1709-10","1709","primary","0","ironmongers-company-plate-marks-ironmongers-cup-thorold-gift-britannia-mark-1709","hallmarks/ironmongers-company-plate-marks-ironmongers-cup-thorold-gift-britannia-mark-1709-0"
"/mnt/c/Users/Assay Surface/Desktop/Kirstin Kennedy/Ironmongers' Company plate marks/Ironmongers_Cup_Thorold gift_hallmark 1709-10 dims.jpg","Ironmongers' Company plate marks","Ironmongers Cup Thorold gift","hallmark","1709-10","1709","dimensions","2","ironmongers-company-plate-marks-ironmongers-cup-thorold-gift-hallmark-1709","hallmarks/ironmongers-company-plate-marks-ironmongers-cup-thorold-gift-hallmark-1709-2"
"/mnt/c/Users/Assay Surface/Desktop/Kirstin Kennedy/Ironmongers' Company plate marks/Ironmongers_Cup_Thorold gift_hallmark 1709-10.jpg","Ironmongers' Company plate marks","Ironmongers Cup Thorold gift","hallmark","1709-10","1709","primary","0","ironmongers-company-plate-marks-ironmongers-cup-thorold-gift-hallmark-1709","hallmarks/ironmongers-company-plate-marks-ironmongers-cup-thorold-gift-hallmark-1709-0"
"/mnt/c/Users/Assay Surface/Desktop/Kirstin Kennedy/Ironmongers' Company plate marks/Ironmongers_Cup_Thorold gift_hallmark_bowl 1709-10 dims.jpg","Ironmongers' Company plate marks","Ironmongers Cup Thorold gift","hallmark","1709-10","1709","dimensions","3","ironmongers-company-plate-marks-ironmongers-cup-thorold-gift-hallmark-1709","hallmarks/ironmongers-company-plate-marks-ironmongers-cup-thorold-gift-hallmark-1709-3"
"/mnt/c/Users/Assay Surface/Desktop/Kirstin Kennedy/Ironmongers' Company plate marks/Ironmongers_Cup_Thorold gift_hallmark_bowl 1709-10.jpg","Ironmongers' Company plate marks","Ironmongers Cup Thorold gift","hallmark","1709-10","1709","primary","1","ironmongers-company-plate-marks-ironmongers-cup-thorold-gift-hallmark-1709","hallmarks/ironmongers-company-plate-marks-ironmongers-cup-thorold-gift-hallmark-1709-1"
"/mnt/c/Users/Assay Surface/Desktop/Kirstin Kennedy/Ironmongers' Company plate marks/Ironmongers_Hawkes gift_date letter 1775-76.jpg","Ironmongers' Company plate marks","Ironmongers Hawkes gift","date letter","1775-76","1775","primary","0","ironmongers-company-plate-marks-ironmongers-hawkes-gift-date-letter-1775","hallmarks/ironmongers-company-plate-marks-ironmongers-hawkes-gift-date-letter-1775-0"
"/mnt/c/Users/Assay Surface/Desktop/Kirstin Kennedy/Ironmongers' Company plate marks/Ironmongers_Hawkes gift_hallmark 1775-76 dims.jpg","Ironmongers' Company plate marks","Ironmongers Hawkes gift","hallmark","1775-76","1775","dimensions","1","ironmongers-company-plate-marks-ironmongers-hawkes-gift-hallmark-1775","hallmarks/ironmongers-company-plate-marks-ironmongers-hawkes-gift-hallmark-1775-1"
"/mnt/c/Users/Assay Surface/Desktop/Kirstin Kennedy/Ironmongers' Company plate marks/Ironmongers_Hawkes gift_hallmark 1775-76.jpg","Ironmongers' Company plate marks","Ironmongers Hawkes gift","hallmark","1775-76","1775","primary","0","ironmongers-company-plate-marks-ironmongers-hawkes-gift-hallmark-1775","hallmarks/ironmongers-company-plate-marks-ironmongers-hawkes-gift-hallmark-1775-0"
"/mnt/c/Users/Assay Surface/Desktop/Kirstin Kennedy/Ironmongers' Company plate marks/Ironmongers_Hawkes gift_sterling mark 1775-76.jpg","Ironmongers' Company plate marks","Ironmongers Hawkes gift","sterling mark","1775-76","1775","primary","0","ironmongers-company-plate-marks-ironmongers-hawkes-gift-sterling-mark-1775","hallmarks/ironmongers-company-plate-marks-ironmongers-hawkes-gift-sterling-mark-1775-0"
"/mnt/c/Users/Assay Surface/Desktop/Kirstin Kennedy/Ironmongers' Company plate marks/Ironmongers_Mustard pot_date letter 1800-1.jpg","Ironmongers' Company plate marks","Ironmongers Mustard pot","date letter","1800-1","1800","primary","0","ironmongers-company-plate-marks-ironmongers-mustard-pot-date-letter-1800","hallmarks/ironmongers-company-plate-marks-ironmongers-mustard-pot-date-letter-1800-0"
"/mnt/c/Users/Assay Surface/Desktop/Kirstin Kennedy/Ironmongers' Company plate marks/Ironmongers_Mustard pot_hallmark 1800-1 dims.jpg","Ironmongers' Company plate marks","Ironmongers Mustard pot","hallmark","1800-1","1800","dimensions","1","ironmongers-company-plate-marks-ironmongers-mustard-pot-hallmark-1800","hallmarks/ironmongers-company-plate-marks-ironmongers-mustard-pot-hallmark-1800-1"
"/mnt/c/Users/Assay Surface/Desktop/Kirstin Kennedy/Ironmongers' Company plate marks/Ironmongers_Mustard pot_hallmark 1800-1.jpg","Ironmongers' Company plate marks","Ironmongers Mustard pot","hallmark","1800-1","1800","primary","0","ironmongers-company-plate-marks-ironmongers-mustard-pot-hallmark-1800","hallmarks/ironmongers-company-plate-marks-ironmongers-mustard-pot-hallmark-1800-0"
"/mnt/c/Users/Assay Surface/Desktop/Kirstin Kennedy/Ironmongers' Company plate marks/Ironmongers_Mustard pot_sterling mark 1800-1.jpg","Ironmongers' Company plate marks","Ironmongers Mustard pot","sterling mark","1800-1","1800","primary","0","ironmongers-company-plate-marks-ironmongers-mustard-pot-sterling-mark-1800","hallmarks/ironmongers-company-plate-marks-ironmongers-mustard-pot-sterling-mark-1800-0"
"/mnt/c/Users/Assay Surface/Desktop/Kirstin Kennedy/Ironmongers' Company plate marks/Ironmongers_Tankard_WC mark_date letter 1774-75.jpg","Ironmongers' Company plate marks","Ironmongers Tankard WC mark","date letter","1774-75","1774","primary","0","ironmongers-company-plate-marks-ironmongers-tankard-wc-mark-date-letter-1774","hallmarks/ironmongers-company-plate-marks-ironmongers-tankard-wc-mark-date-letter-1774-0"
"/mnt/c/Users/Assay Surface/Desktop/Kirstin Kennedy/Ironmongers' Company plate marks/Ironmongers_Tankard_WC mark_date letter 1774-75_dims.jpg","Ironmongers' Company plate marks","Ironmongers Tankard WC mark","date letter","1774-75","1774","dimensions","1","ironmongers-company-plate-marks-ironmongers-tankard-wc-mark-date-letter-1774","hallmarks/ironmongers-company-plate-marks-ironmongers-tankard-wc-mark-date-letter-1774-1"
"/mnt/c/Users/Assay Surface/Desktop/Kirstin Kennedy/Ironmongers' Company plate marks/Ironmongers_Tankard_WC mark_hallmark 1774-1775.jpg","Ironmongers' Company plate marks","Ironmongers Tankard WC mark","hallmark","1774-1775","1774","primary","0","ironmongers-company-plate-marks-ironmongers-tankard-wc-mark-hallmark-1774","hallmarks/ironmongers-company-plate-marks-ironmongers-tankard-wc-mark-hallmark-1774-0"
"/mnt/c/Users/Assay Surface/Desktop/Kirstin Kennedy/Ironmongers' Company plate marks/Ironmongers_Tankard_WC mark_hallmark 1774-1775_dims.jpg","Ironmongers' Company plate marks","Ironmongers Tankard WC mark","hallmark","1774-1775","1774","dimensions","1","ironmongers-company-plate-marks-ironmongers-tankard-wc-mark-hallmark-1774","hallmarks/ironmongers-company-plate-marks-ironmongers-tankard-wc-mark-hallmark-1774-1"
"/mnt/c/Users/Assay Surface/Desktop/Kirstin Kennedy/Ironmongers' Company plate marks/Ironmongers_Tankard_WC mark_stirling mark_1774-75.jpg","Ironmongers' Company plate marks","Ironmongers Tankard WC mark","sterling mark","1774-75","1774","primary","0","ironmongers-company-plate-marks-ironmongers-tankard-wc-mark-sterling-mark-1774","hallmarks/ironmongers-company-plate-marks-ironmongers-tankard-wc-mark-sterling-mark-1774-0"
"/mnt/c/Users/Assay Surface/Desktop/Kirstin Kennedy/Ironmongers' Company plate marks/Ironmongers_Tankard_weight 26_15_hallmark 1750-51.jpg","Ironmongers' Company plate marks","Ironmongers Tankard weight 26 15","hallmark","1750-51","1750","primary","0","ironmongers-company-plate-marks-ironmongers-tankard-weight-26-15-hallmark-1750","hallmarks/ironmongers-company-plate-marks-ironmongers-tankard-weight-26-15-hallmark-1750-0"
"/mnt/c/Users/Assay Surface/Desktop/Kirstin Kennedy/Ironmongers' Company plate marks/Ironmongers_Tankard_weight 26_15_hallmark dims.jpg","Ironmongers' Company plate marks","Ironmongers Tankard weight 26 15","hallmark","","","dimensions","0","ironmongers-company-plate-marks-ironmongers-tankard-weight-26-15-hallmark-unknown","hallmarks/ironmongers-company-plate-marks-ironmongers-tankard-weight-26-15-hallmark-unknown-0"
"/mnt/c/Users/Assay Surface/Desktop/Kirstin Kennedy/Ironmongers' Company plate marks/Ironmongers_Tankard_weight 26_15_hallmark image 2.jpg","Ironmongers' Company plate marks","Ironmongers Tankard weight 26 15","hallmark","","","primary","2","ironmongers-company-plate-marks-ironmongers-tankard-weight-26-15-hallmark-unknown","hallmarks/ironmongers-company-plate-marks-ironmongers-tankard-weight-26-15-hallmark-unknown-2"
"/mnt/c/Users/Assay Surface/Desktop/Kirstin Kennedy/Ironmongers' Company plate marks/Ironmongers_Tankard_weight 26_7 date letter 1750-51.jpg","Ironmongers' Company plate marks","Ironmongers Tankard weight 26 7","date letter","1750-51","1750","primary","0","ironmongers-company-plate-marks-ironmongers-tankard-weight-26-7-date-letter-1750","hallmarks/ironmongers-company-plate-marks-ironmongers-tankard-weight-26-7-date-letter-1750-0"
"/mnt/c/Users/Assay Surface/Desktop/Kirstin Kennedy/Ironmongers' Company plate marks/Ironmongers_Tankard_weight 26_7 hallmark 1750-51 dims.jpg","Ironmongers' Company plate marks","Ironmongers Tankard weight 26 7","hallmark","1750-51","1750","dimensions","1","ironmongers-company-plate-marks-ironmongers-tankard-weight-26-7-hallmark-1750","hallmarks/ironmongers-company-plate-marks-ironmongers-tankard-weight-26-7-hallmark-1750-1"
"/mnt/c/Users/Assay Surface/Desktop/Kirstin Kennedy/Ironmongers' Company plate marks/Ironmongers_Tankard_weight 26_7 hallmark 1750-51.jpg","Ironmongers' Company plate marks","Ironmongers Tankard weight 26 7","hallmark","1750-51","1750","primary","0","ironmongers-company-plate-marks-ironmongers-tankard-weight-26-7-hallmark-1750","hallmarks/ironmongers-company-plate-marks-ironmongers-tankard-weight-26-7-hallmark-1750-0"
"/mnt/c/Users/Assay Surface/Desktop/Kirstin Kennedy/Ironmongers' Company plate marks/Ironmongers_Tankard_weight 26_7 sterling mark 1750-51.jpg","Ironmongers' Company plate marks","Ironmongers Tankard weight 26 7","sterling mark","1750-51","1750","primary","0","ironmongers-company-plate-marks-ironmongers-tankard-weight-26-7-sterling-mark-1750","hallmarks/ironmongers-company-plate-marks-ironmongers-tankard-weight-26-7-sterling-mark-1750-0"
"/mnt/c/Users/Assay Surface/Desktop/Kirstin Kennedy/Ironmongers' Company plate marks/Ironmongers_Tankard_weight 26_8 hallmark 1750-51. dims.jpg","Ironmongers' Company plate marks","Ironmongers Tankard weight 26 8","hallmark","1750-51","1750","dimensions","1","ironmongers-company-plate-marks-ironmongers-tankard-weight-26-8-hallmark-1750","hallmarks/ironmongers-company-plate-marks-ironmongers-tankard-weight-26-8-hallmark-1750-1"
"/mnt/c/Users/Assay Surface/Desktop/Kirstin Kennedy/Ironmongers' Company plate marks/Ironmongers_Tankard_weight 26_8 hallmark 1750-51.jpg","Ironmongers' Company plate marks","Ironmongers Tankard weight 26 8","hallmark","1750-51","1750","primary","0","ironmongers-company-plate-marks-ironmongers-tankard-weight-26-8-hallmark-1750","hallmarks/ironmongers-company-plate-marks-ironmongers-tankard-weight-26-8-hallmark-1750-0"
"/mnt/c/Users/Assay Surface/Desktop/Kirstin Kennedy/Ironmongers' Company plate marks/Ironmongers_Tankard_weight 26_8 sterling mark 1750-51.jpg","Ironmongers' Company plate marks","Ironmongers Tankard weight 26 8","sterling mark","1750-51","1750","primary","0","ironmongers-company-plate-marks-ironmongers-tankard-weight-26-8-sterling-mark-1750","hallmarks/ironmongers-company-plate-marks-ironmongers-tankard-weight-26-8-sterling-mark-1750-0"
"/mnt/c/Users/Assay Surface/Desktop/Kirstin Kennedy/KK work/Goldsmiths Company/1493_1494/GC no.4/GC_no. 4_date letter_1493_measured.jpg","Goldsmiths Company","GC no. 4","date letter","1493","1493","dimensions","0","goldsmiths-company-gc-no-4-date-letter-1493","hallmarks/goldsmiths-company-gc-no-4-date-letter-1493-0"
"/mnt/c/Users/Assay Surface/Desktop/Kirstin Kennedy/KK work/Goldsmiths Company/1493_1494/GC no.4/GC_no.4_hallmark_measured.jpg","Goldsmiths Company","GC no.4","hallmark","1493-1494","1493","dimensions","0","goldsmiths-company-gc-no-4-hallmark-1493","hallmarks/goldsmiths-company-gc-no-4-hallmark-1493-0"
"/mnt/c/Users/Assay Surface/Desktop/Kirstin Kennedy/KK work/Goldsmiths Company/1493_1494/GC no.4/Goldsmiths Co_No.4_hallmark1493_no measurements.jpg","Goldsmiths Company","Goldsmiths Co No.4","hallmark","1493","1493","primary","0","goldsmiths-company-goldsmiths-co-no-4-hallmark-1493","hallmarks/goldsmiths-company-goldsmiths-co-no-4-hallmark-1493-0"
"/mnt/c/Users/Assay Surface/Desktop/Kirstin Kennedy/KK work/Goldsmiths Company/1503_1504/GC_no.6/GC_no.6_dateletter, 1503-4_lid.jpg","Goldsmiths Company","GC no.6","date letter","1503-4","1503","primary","0","goldsmiths-company-gc-no-6-date-letter-1503","hallmarks/goldsmiths-company-gc-no-6-date-letter-1503-0"
"/mnt/c/Users/Assay Surface/Desktop/Kirstin Kennedy/KK work/Goldsmiths Company/1503_1504/GC_no.6/Goldsmiths Co_No.6_Cup_dateletter_measurement.jpg","Goldsmiths Company","Goldsmiths Co No.6 Cup","date letter","1503-1504","1503","primary","0","goldsmiths-company-goldsmiths-co-no-6-cup-date-letter-1503","hallmarks/goldsmiths-company-goldsmiths-co-no-6-cup-date-letter-1503-0"
"/mnt/c/Users/Assay Surface/Desktop/Kirstin Kennedy/KK work/Goldsmiths Company/1503_1504/GC_no.6/Goldsmiths Hall_No.6_Hallmark_cup_Measured.jpg","Goldsmiths Company","Goldsmiths Hall No.6","hallmark","1503-1504","1503","dimensions","0","goldsmiths-company-goldsmiths-hall-no-6-hallmark-1503","hallmarks/goldsmiths-company-goldsmiths-hall-no-6-hallmark-1503-0"
"/mnt/c/Users/Assay Surface/Desktop/Kirstin Kennedy/KK work/Goldsmiths Company/1510_1511/GC_no.7/GC_no 7_date letter 1510_11_dimensions.jpg","Goldsmiths Company","GC no 7","date letter","1510-11","1510","dimensions","0","goldsmiths-company-gc-no-7-date-letter-1510","hallmarks/goldsmiths-company-gc-no-7-date-letter-1510-0"
"/mnt/c/Users/Assay Surface/Desktop/Kirstin Kennedy/KK work/Goldsmiths Company/1510_1511/GC_no.7/GC_no 7_hallmark_11510_11_dimensions.jpg","Goldsmiths Company","GC no 7","hallmark","1510-1511","1510","dimensions","1","goldsmiths-company-gc-no-7-hallmark-1510","hallmarks/goldsmiths-company-gc-no-7-hallmark-1510-1"
"/mnt/c/Users/Assay Surface/Desktop/Kirstin Kennedy/KK work/Goldsmiths Company/1510_1511/GC_no.7/GC_no 7_hallmark_1510_11.jpg","Goldsmiths Company","GC no 7","hallmark","1510-11","1510","primary","0","goldsmiths-company-gc-no-7-hallmark-1510","hallmarks/goldsmiths-company-gc-no-7-hallmark-1510-0"
"/mnt/c/Users/Assay Surface/Desktop/Kirstin Kennedy/KK work/Goldsmiths Company/1516_1517/GC_no.8/Goldsmiths Co_no 8_hourglass salt_hallmark 1516_17.jpg","Goldsmiths Company","Goldsmiths Co no 8 hourglass salt","hallmark","1516-17","1516","primary","0","goldsmiths-company-goldsmiths-co-no-8-hourglass-salt-hallmark-1516","hallmarks/goldsmiths-company-goldsmiths-co-no-8-hourglass-salt-hallmark-1516-0"
"/mnt/c/Users/Assay Surface/Desktop/Kirstin Kennedy/KK work/Goldsmiths Company/1516_1517/GC_no.8/Goldsmiths Co_no 8_hourglass salt_hallmark dimensions.jpg","Goldsmiths Company","Goldsmiths Co no 8 hourglass salt","hallmark","1516-1517","1516","dimensions","1","goldsmiths-company-goldsmiths-co-no-8-hourglass-salt-hallmark-1516","hallmarks/goldsmiths-company-goldsmiths-co-no-8-hourglass-salt-hallmark-1516-1"
"/mnt/c/Users/Assay Surface/Desktop/Kirstin Kennedy/KK work/Goldsmiths Company/1532_1533/GC_no.10/Goldmiths Co_no10_hallmark_1532_33_dimensions.jpg","Goldsmiths Company","Goldmiths Co no10","hallmark","1532-33","1532","dimensions","0","goldsmiths-company-goldmiths-co-no10-hallmark-1532","hallmarks/goldsmiths-company-goldmiths-co-no10-hallmark-1532-0"
"/mnt/c/Users/Assay Surface/Desktop/Kirstin Kennedy/KK work/Goldsmiths Company/1532_1533/GC_no.10/Goldsmiths Co_no.10_date letter 1532-33_with dimensions.jpg","Goldsmiths Company","Goldsmiths Co no.10","date letter","1532-33","1532","dimensions","0","goldsmiths-company-goldsmiths-co-no-10-date-letter-1532","hallmarks/goldsmiths-company-goldsmiths-co-no-10-date-letter-1532-0"
"/mnt/c/Users/Assay Surface/Desktop/Kirstin Kennedy/KK work/Goldsmiths Company/1532_1533/GC_no.10/Goldsmiths Co_no.10_hallmark_1532_33.jpg","Goldsmiths Company","Goldsmiths Co no.10","hallmark","1532-33","1532","primary","0","goldsmiths-company-goldsmiths-co-no-10-hallmark-1532","hallmarks/goldsmiths-company-goldsmiths-co-no-10-hallmark-1532-0"
"/mnt/c/Users/Assay Surface/Desktop/Kirstin Kennedy/KK work/Goldsmiths Company/1542_1543/GC_no.11/Goldsmiths Co_no 11_hallmark 1542-43.jpg","Goldsmiths Company","Goldsmiths Co no 11","hallmark","1542-43","1542","primary","0","goldsmiths-company-goldsmiths-co-no-11-hallmark-1542","hallmarks/goldsmiths-company-goldsmiths-co-no-11-hallmark-1542-0"
"/mnt/c/Users/Assay Surface/Desktop/Kirstin Kennedy/KK work/Goldsmiths Company/1542_1543/GC_no.11/Goldsmiths Co_no.11_date letter 1542_43 with dimensions.jpg","Goldsmiths Company","Goldsmiths Co no.11","date letter","1542-43","1542","dimensions","0","goldsmiths-company-goldsmiths-co-no-11-date-letter-1542","hallmarks/goldsmiths-company-goldsmiths-co-no-11-date-letter-1542-0"
"/mnt/c/Users/Assay Surface/Desktop/Kirstin Kennedy/KK work/Goldsmiths Company/1542_1543/GC_no.11/Goldsmiths Co_no.11_hallmark on body of salt_dimensions.jpg","Goldsmiths Company","Goldsmiths Co no.11","hallmark","1542-1543","1542","dimensions","1","goldsmiths-company-goldsmiths-co-no-11-hallmark-1542","hallmarks/goldsmiths-company-goldsmiths-co-no-11-hallmark-1542-1"
"/mnt/c/Users/Assay Surface/Desktop/Kirstin Kennedy/KK work/Goldsmiths Company/1545_1546/GC_no.12/Goldsmiths Co_no 12_Standing Cup_Hallmark 1545_6_dimension.jpg","Goldsmiths Company","Goldsmiths Co no 12 Standing Cup","hallmark","1545-6","1545","dimensions","0","goldsmiths-company-goldsmiths-co-no-12-standing-cup-hallmark-1545","hallmarks/goldsmiths-company-goldsmiths-co-no-12-standing-cup-hallmark-1545-0"
"/mnt/c/Users/Assay Surface/Desktop/Kirstin Kennedy/KK work/Goldsmiths Company/1545_1546/GC_no.12/Goldsmiths Co_no 12_hallmark_rim of cup.jpg","Goldsmiths Company","Goldsmiths Co no 12","hallmark","1545-1546","1545","primary","0","goldsmiths-company-goldsmiths-co-no-12-hallmark-1545","hallmarks/goldsmiths-company-goldsmiths-co-no-12-hallmark-1545-0"
"/mnt/c/Users/Assay Surface/Desktop/Kirstin Kennedy/KK work/Goldsmiths Company/1545_1546/GC_no.12/Goldsmiths Co_no 12_sterling mark_cup rim.jpg","Goldsmiths Company","Goldsmiths Co no 12","sterling mark","1545-1546","1545","primary","0","goldsmiths-company-goldsmiths-co-no-12-sterling-mark-1545","hallmarks/goldsmiths-company-goldsmiths-co-no-12-sterling-mark-1545-0"
"/mnt/c/Users/Assay Surface/Desktop/Kirstin Kennedy/KK work/Goldsmiths Company/1545_1546/GC_no.12/Goldsmiths Co_no_12_Hallmark_rim cup_no dimensions.jpg","Goldsmiths Company","Goldsmiths Co no 12","hallmark","1545-1546","1545","dimensions","1","goldsmiths-company-goldsmiths-co-no-12-hallmark-1545","hallmarks/goldsmiths-company-goldsmiths-co-no-12-hallmark-1545-1"
"/mnt/c/Users/Assay Surface/Desktop/Kirstin Kennedy/KK work/Goldsmiths Company/1545_1546/GC_no.12/Goldsmiths no 12_dateletter.jpg","Goldsmiths Company","Goldsmiths no 12","date letter","1545-1546","1545","primary","0","goldsmiths-company-goldsmiths-no-12-date-letter-1545","hallmarks/goldsmiths-company-goldsmiths-no-12-date-letter-1545-0"
"/mnt/c/Users/Assay Surface/Desktop/Kirstin Kennedy/KK work/Goldsmiths Company/1550_1551/Goldsmiths Co_no 13_date letter_lid rim.jpg","Goldsmiths Company","Goldsmiths Co no 13","date letter","1550-1551","1550","primary","0","goldsmiths-company-goldsmiths-co-no-13-date-letter-1550","hallmarks/goldsmiths-company-goldsmiths-co-no-13-date-letter-1550-0"
"/mnt/c/Users/Assay Surface/Desktop/Kirstin Kennedy/KK work/Goldsmiths Company/1550_1551/Goldsmiths Co_no 13_date letter_rim of salt lid.jpg","Goldsmiths Company","Goldsmiths Co no 13","date letter","1550-1551","1550","primary","1","goldsmiths-company-goldsmiths-co-no-13-date-letter-1550","hallmarks/goldsmiths-company-goldsmiths-co-no-13-date-letter-1550-1"
"/mnt/c/Users/Assay Surface/Desktop/Kirstin Kennedy/KK work/Goldsmiths Company/1550_1551/Goldsmiths Co_no 13_hallmark base of salt.jpg","Goldsmiths Company","Goldsmiths Co no 13","hallmark","1550-1551","1550","primary","0","goldsmiths-company-goldsmiths-co-no-13-hallmark-1550","hallmarks/goldsmiths-company-goldsmiths-co-no-13-hallmark-1550-0"
"/mnt/c/Users/Assay Surface/Desktop/Kirstin Kennedy/KK work/Goldsmiths Company/1550_1551/Goldsmiths Co_no 13_hallmark base of salt_dimension.jpg","Goldsmiths Company","Goldsmiths Co no 13","hallmark","1550-1551","1550","dimensions","1","goldsmiths-company-goldsmiths-co-no-13-hallmark-1550","hallmarks/goldsmiths-company-goldsmiths-co-no-13-hallmark-1550-1"
"/mnt/c/Users/Assay Surface/Desktop/Kirstin Kennedy/KK work/Goldsmiths Company/1556_1557/Goldsmiths Co_no 15_hallmark_1556_1557.jpg","Goldsmiths Company","Goldsmiths Co no 15","hallmark","1556-1557","1556","primary","0","goldsmiths-company-goldsmiths-co-no-15-hallmark-1556","hallmarks/goldsmiths-company-goldsmiths-co-no-15-hallmark-1556-0"
"/mnt/c/Users/Assay Surface/Desktop/Kirstin Kennedy/KK work/Goldsmiths Company/1556_1557/Goldsmiths Co_no 15_hallmark_dimensions.jpg","Goldsmiths Company","Goldsmiths Co no 15","hallmark","1556-1557","1556","dimensions","1","goldsmiths-company-goldsmiths-co-no-15-hallmark-1556","hallmarks/goldsmiths-company-goldsmiths-co-no-15-hallmark-1556-1"
"/mnt/c/Users/Assay Surface/Desktop/Kirstin Kennedy/KK work/Goldsmiths Company/1556_1557/Goldsmiths no 15_date letter.jpg","Goldsmiths Company","Goldsmiths no 15","date letter","1556-1557","1556","primary","0","goldsmiths-company-goldsmiths-no-15-date-letter-1556","hallmarks/goldsmiths-company-goldsmiths-no-15-date-letter-1556-0"
"/mnt/c/Users/Assay Surface/Desktop/Kirstin Kennedy/KK work/Goldsmiths Company/1557-1558/Goldmiths Co_no L3670_hallmark_dimension.jpg","Goldsmiths Company","Goldmiths Co no L3670","hallmark","1557-1558","1557","dimensions","0","goldsmiths-company-goldmiths-co-no-l3670-hallmark-1557","hallmarks/goldsmiths-company-goldmiths-co-no-l3670-hallmark-1557-0"
"/mnt/c/Users/Assay Surface/Desktop/Kirstin Kennedy/KK work/Goldsmiths Company/1557-1558/Goldsmiths Co_no L3670_date letter 1557_58.jpg","Goldsmiths Company","Goldsmiths Co no L3670","date letter","1557-58","1557","primary","0","goldsmiths-company-goldsmiths-co-no-l3670-date-letter-1557","hallmarks/goldsmiths-company-goldsmiths-co-no-l3670-date-letter-1557-0"
"/mnt/c/Users/Assay Surface/Desktop/Kirstin Kennedy/KK work/Goldsmiths Company/1561-1562/Goldsmiths Co_no 16_cup rim_date letter.jpg","Goldsmiths Company","Goldsmiths Co no 16 cup rim","date letter","1561-1562","1561","primary","0","goldsmiths-company-goldsmiths-co-no-16-cup-rim-date-letter-1561","hallmarks/goldsmiths-company-goldsmiths-co-no-16-cup-rim-date-letter-1561-0"
"/mnt/c/Users/Assay Surface/Desktop/Kirstin Kennedy/KK work/Goldsmiths Company/1561-1562/Goldsmiths Co_no 16_cup rim_hallmark.jpg","Goldsmiths Company","Goldsmiths Co no 16 cup rim","hallmark","1561-1562","1561","primary","0","goldsmiths-company-goldsmiths-co-no-16-cup-rim-hallmark-1561","hallmarks/goldsmiths-company-goldsmiths-co-no-16-cup-rim-hallmark-1561-0"
"/mnt/c/Users/Assay Surface/Desktop/Kirstin Kennedy/KK work/Goldsmiths Company/1561-1562/Goldsmiths Co_no 16_cup rim_hallmark_dimension.jpg","Goldsmiths Company","Goldsmiths Co no 16 cup rim","hallmark","1561-1562","1561","dimensions","1","goldsmiths-company-goldsmiths-co-no-16-cup-rim-hallmark-1561","hallmarks/goldsmiths-company-goldsmiths-co-no-16-cup-rim-hallmark-1561-1"
"/mnt/c/Users/Assay Surface/Desktop/Kirstin Kennedy/KK work/Goldsmiths Company/1561-1562/Goldsmiths Co_no 16_cup rim_sterling mark.jpg","Goldsmiths Company","Goldsmiths Co no 16 cup rim","sterling mark","1561-1562","1561","primary","0","goldsmiths-company-goldsmiths-co-no-16-cup-rim-sterling-mark-1561","hallmarks/goldsmiths-company-goldsmiths-co-no-16-cup-rim-sterling-mark-1561-0"
"/mnt/c/Users/Assay Surface/Desktop/Kirstin Kennedy/KK work/Goldsmiths Company/1567_1568/Goldsmiths Co_no 17_date letter lid_1567_68.jpg","Goldsmiths Company","Goldsmiths Co no 17","date letter","1567-68","1567","primary","0","goldsmiths-company-goldsmiths-co-no-17-date-letter-1567","hallmarks/goldsmiths-company-goldsmiths-co-no-17-date-letter-1567-0"
"/mnt/c/Users/Assay Surface/Desktop/Kirstin Kennedy/KK work/Goldsmiths Company/1567_1568/Goldsmiths Co_no 17_hallmark_lid.jpg","Goldsmiths Company","Goldsmiths Co no 17","hallmark","1567-1568","1567","primary","0","goldsmiths-company-goldsmiths-co-no-17-hallmark-1567","hallmarks/goldsmiths-company-goldsmiths-co-no-17-hallmark-1567-0"
"/mnt/c/Users/Assay Surface/Desktop/Kirstin Kennedy/KK work/Goldsmiths Company/1570-1571/Goldsmiths Co_no 18_cover_hallmark.jpg","Goldsmiths Company","Goldsmiths Co no 18 cover","hallmark","1570-1571","1570","primary","0","goldsmiths-company-goldsmiths-co-no-18-cover-hallmark-1570","hallmarks/goldsmiths-company-goldsmiths-co-no-18-cover-hallmark-1570-0"
"/mnt/c/Users/Assay Surface/Desktop/Kirstin Kennedy/KK work/Goldsmiths Company/1570-1571/Goldsmiths Co_no 18_cover_hallmark_dimension.jpg","Goldsmiths Company","Goldsmiths Co no 18 cover","hallmark","1570-1571","1570","dimensions","1","goldsmiths-company-goldsmiths-co-no-18-cover-hallmark-1570","hallmarks/goldsmiths-company-goldsmiths-co-no-18-cover-hallmark-1570-1"
"/mnt/c/Users/Assay Surface/Desktop/Kirstin Kennedy/KK work/Goldsmiths Company/1570-1571/Goldsmiths Co_no 18_cup_date letter 1571.jpg","Goldsmiths Company","Goldsmiths Co no 18 cup","date letter","1571","1571","primary","0","goldsmiths-company-goldsmiths-co-no-18-cup-date-letter-1571","hallmarks/goldsmiths-company-goldsmiths-co-no-18-cup-date-letter-1571-0"
"/mnt/c/Users/Assay Surface/Desktop/Kirstin Kennedy/KK work/Goldsmiths Company/1570-1571/Goldsmiths Co_no 18_cup_sterling mark.jpg","Goldsmiths Company","Goldsmiths Co no 18 cup","sterling mark","1570-1571","1570","primary","0","goldsmiths-company-goldsmiths-co-no-18-cup-sterling-mark-1570","hallmarks/goldsmiths-company-goldsmiths-co-no-18-cup-sterling-mark-1570-0"
"/mnt/c/Users/Assay Surface/Desktop/Kirstin Kennedy/KK work/Goldsmiths Company/1570-1571/Goldsmiths Co_no 18_paten cover_date letter.jpg","Goldsmiths Company","Goldsmiths Co no 18 paten cover","date letter","1570-1571","1570","primary","0","goldsmiths-company-goldsmiths-co-no-18-paten-cover-date-letter-1570","hallmarks/goldsmiths-company-goldsmiths-co-no-18-paten-cover-date-letter-1570-0"
"/mnt/c/Users/Assay Surface/Desktop/Kirstin Kennedy/KK work/Goldsmiths Company/1571-1572/Goldsmiths Co_no 19_cup_hallmark.jpg","Goldsmiths Company","Goldsmiths Co no 19 cup","hallmark","1571-1572","1571","primary","0","goldsmiths-company-goldsmiths-co-no-19-cup-hallmark-1571","hallmarks/goldsmiths-company-goldsmiths-co-no-19-cup-hallmark-1571-0"
"/mnt/c/Users/Assay Surface/Desktop/Kirstin Kennedy/KK work/Goldsmiths Company/1571-1572/Goldsmiths Co_no 19_cup_hallmark_dimension.jpg","Goldsmiths Company","Goldsmiths Co no 19 cup","hallmark","1571-1572","1571","dimensions","1","goldsmiths-company-goldsmiths-co-no-19-cup-hallmark-1571","hallmarks/goldsmiths-company-goldsmiths-co-no-19-cup-hallmark-1571-1"
"/mnt/c/Users/Assay Surface/Desktop/Kirstin Kennedy/KK work/Goldsmiths Company/1572-1573/Goldsmiths Co_no 20_date letter base tankard.jpg","Goldsmiths Company","Goldsmiths Co no 20","date letter","1572-1573","1572","primary","0","goldsmiths-company-goldsmiths-co-no-20-date-letter-1572","hallmarks/goldsmiths-company-goldsmiths-co-no-20-date-letter-1572-0"
"/mnt/c/Users/Assay Surface/Desktop/Kirstin Kennedy/KK work/Goldsmiths Company/1572-1573/Goldsmiths Co_no 20_sterling mark base tankard.jpg","Goldsmiths Company","Goldsmiths Co no 20","sterling mark","1572-1573","1572","primary","0","goldsmiths-company-goldsmiths-co-no-20-sterling-mark-1572","hallmarks/goldsmiths-company-goldsmiths-co-no-20-sterling-mark-1572-0"
"/mnt/c/Users/Assay Surface/Desktop/Kirstin Kennedy/KK work/Goldsmiths Company/1579-1560/Goldsmiths 26_date letter_base.jpg","Goldsmiths Company","Goldsmiths 26","date letter","1579-1560","1579","primary","0","goldsmiths-company-goldsmiths-26-date-letter-1579","hallmarks/goldsmiths-company-goldsmiths-26-date-letter-1579-0"
"/mnt/c/Users/Assay Surface/Desktop/Kirstin Kennedy/KK work/Goldsmiths Company/1579-1560/Goldsmiths 26_hallmark_base.jpg","Goldsmiths Company","Goldsmiths 26","hallmark","1579-1560","1579","primary","0","goldsmiths-company-goldsmiths-26-hallmark-1579","hallmarks/goldsmiths-company-goldsmiths-26-hallmark-1579-0"
"/mnt/c/Users/Assay Surface/Desktop/Kirstin Kennedy/KK work/Goldsmiths Company/1579-1560/Goldsmiths 26_sponsors mark_base.jpg","Goldsmiths Company","Goldsmiths 26","sponsor mark","1579-1560","1579","primary","0","goldsmiths-company-goldsmiths-26-sponsor-mark-1579","hallmarks/goldsmiths-company-goldsmiths-26-sponsor-mark-1579-0"
"/mnt/c/Users/Assay Surface/Desktop/Kirstin Kennedy/KK work/Goldsmiths Company/1579-1560/Goldsmiths 26_sterling mark_base.jpg","Goldsmiths Company","Goldsmiths 26","sterling mark","1579-1560","1579","primary","0","goldsmiths-company-goldsmiths-26-sterling-mark-1579","hallmarks/goldsmiths-company-goldsmiths-26-sterling-mark-1579-0"
"/mnt/c/Users/Assay Surface/Desktop/Kirstin Kennedy/KK work/Goldsmiths Company/1579-1580/Goldsmiths Co_no 26_date letter_tankard base.jpg","Goldsmiths Company","Goldsmiths Co no 26","date letter","1579-1580","1579","primary","0","goldsmiths-company-goldsmiths-co-no-26-date-letter-1579","hallmarks/goldsmiths-company-goldsmiths-co-no-26-date-letter-1579-0"
"/mnt/c/Users/Assay Surface/Desktop/Kirstin Kennedy/KK work/Goldsmiths Company/1579-1580/Goldsmiths Co_no 26_hallmark_tankard base.jpg","Goldsmiths Company","Goldsmiths Co no 26","hallmark","1579-1580","1579","primary","0","goldsmiths-company-goldsmiths-co-no-26-hallmark-1579","hallmarks/goldsmiths-company-goldsmiths-co-no-26-hallmark-1579-0"
"/mnt/c/Users/Assay Surface/Desktop/Kirstin Kennedy/KK work/Goldsmiths Company/1579-1580/Goldsmiths Co_no 26_hallmark_tankard base_dimension.jpg","Goldsmiths Company","Goldsmiths Co no 26","hallmark","1579-1580","1579","dimensions","1","goldsmiths-company-goldsmiths-co-no-26-hallmark-1579","hallmarks/goldsmiths-company-goldsmiths-co-no-26-hallmark-1579-1"
"/mnt/c/Users/Assay Surface/Desktop/Kirstin Kennedy/KK work/Goldsmiths Company/1579-1580/Goldsmiths Co_no 26_tankard base_date letter.jpg","Goldsmiths Company","Goldsmiths Co no 26 tankard base","date letter","1579-1580","1579","primary","0","goldsmiths-company-goldsmiths-co-no-26-tankard-base-date-letter-1579","hallmarks/goldsmiths-company-goldsmiths-co-no-26-tankard-base-date-letter-1579-0"
"/mnt/c/Users/Assay Surface/Desktop/Kirstin Kennedy/KK work/Goldsmiths Company/1579-1580/Goldsmiths Co_no 26_tankard base_sterling mark.jpg","Goldsmiths Company","Goldsmiths Co no 26 tankard base","sterling mark","1579-1580","1579","primary","0","goldsmiths-company-goldsmiths-co-no-26-tankard-base-sterling-mark-1579","hallmarks/goldsmiths-company-goldsmiths-co-no-26-tankard-base-sterling-mark-1579-0"
"/mnt/c/Users/Assay Surface/Desktop/Kirstin Kennedy/KK work/Goldsmiths Company/1581-1582/Goldsmiths Co_no 27_date letter_lid.jpg","Goldsmiths Company","Goldsmiths Co no 27","date letter","1581-1582","1581","primary","0","goldsmiths-company-goldsmiths-co-no-27-date-letter-1581","hallmarks/goldsmiths-company-goldsmiths-co-no-27-date-letter-1581-0"
"/mnt/c/Users/Assay Surface/Desktop/Kirstin Kennedy/KK work/Goldsmiths Company/1581-1582/Goldsmiths Co_no 27_date letter_rim.jpg","Goldsmiths Company","Goldsmiths Co no 27","date letter","1581-1582","1581","primary","1","goldsmiths-company-goldsmiths-co-no-27-date-letter-1581","hallmarks/goldsmiths-company-goldsmiths-co-no-27-date-letter-1581-1"
"/mnt/c/Users/Assay Surface/Desktop/Kirstin Kennedy/KK work/Goldsmiths Company/1581-1582/Goldsmiths Co_no 27_hallmark_lid.jpg","Goldsmiths Company","Goldsmiths Co no 27","hallmark","1581-1582","1581","primary","0","goldsmiths-company-goldsmiths-co-no-27-hallmark-1581","hallmarks/goldsmiths-company-goldsmiths-co-no-27-hallmark-1581-0"
"/mnt/c/Users/Assay Surface/Desktop/Kirstin Kennedy/KK work/Goldsmiths Company/1581-1582/Goldsmiths Co_no 27_hallmark_lid_dimension.jpg","Goldsmiths Company","Goldsmiths Co no 27","hallmark","1581-1582","1581","dimensions","2","goldsmiths-company-goldsmiths-co-no-27-hallmark-1581","hallmarks/goldsmiths-company-goldsmiths-co-no-27-hallmark-1581-2"
"/mnt/c/Users/Assay Surface/Desktop/Kirstin Kennedy/KK work/Goldsmiths Company/1581-1582/Goldsmiths Co_no 27_hallmark_rim.jpg","Goldsmiths Company","Goldsmiths Co no 27","hallmark","1581-1582","1581","primary","1","goldsmiths-company-goldsmiths-co-no-27-hallmark-1581","hallmarks/goldsmiths-company-goldsmiths-co-no-27-hallmark-1581-1"
"/mnt/c/Users/Assay Surface/Desktop/Kirstin Kennedy/KK work/Goldsmiths Company/1581-1582/Goldsmiths Co_no 27_hallmark_rim_dimension.jpg","Goldsmiths Company","Goldsmiths Co no 27","hallmark","1581-1582","1581","dimensions","3","goldsmiths-company-goldsmiths-co-no-27-hallmark-1581","hallmarks/goldsmiths-company-goldsmiths-co-no-27-hallmark-1581-3"
"/mnt/c/Users/Assay Surface/Desktop/Kirstin Kennedy/KK work/Goldsmiths Company/1581-1582/Goldsmiths Co_no 27_sterling mark_lid.jpg","Goldsmiths Company","Goldsmiths Co no 27","sterling mark","1581-1582","1581","primary","0","goldsmiths-company-goldsmiths-co-no-27-sterling-mark-1581","hallmarks/goldsmiths-company-goldsmiths-co-no-27-sterling-mark-1581-0"
"/mnt/c/Users/Assay Surface/Desktop/Kirstin Kennedy/KK work/Goldsmiths Company/1581-1582/Goldsmiths Co_no 27_sterling mark_rim.jpg","Goldsmiths Company","Goldsmiths Co no 27","sterling mark","1581-1582","1581","primary","1","goldsmiths-company-goldsmiths-co-no-27-sterling-mark-1581","hallmarks/goldsmiths-company-goldsmiths-co-no-27-sterling-mark-1581-1"
"/mnt/c/Users/Assay Surface/Desktop/Kirstin Kennedy/KK work/Goldsmiths Company/1584-1585/Goldsmiths Co_no 28_rim footed bowl_date letter.jpg","Goldsmiths Company","Goldsmiths Co no 28 rim footed bowl","date letter","1584-1585","1584","primary","0","goldsmiths-company-goldsmiths-co-no-28-rim-footed-bowl-date-letter-1584","hallmarks/goldsmiths-company-goldsmiths-co-no-28-rim-footed-bowl-date-letter-1584-0"
"/mnt/c/Users/Assay Surface/Desktop/Kirstin Kennedy/KK work/Goldsmiths Company/1584-1585/Goldsmiths Co_no 28_rim footed bowl_hallmark.jpg","Goldsmiths Company","Goldsmiths Co no 28 rim footed bowl","hallmark","1584-1585","1584","primary","0","goldsmiths-company-goldsmiths-co-no-28-rim-footed-bowl-hallmark-1584","hallmarks/goldsmiths-company-goldsmiths-co-no-28-rim-footed-bowl-hallmark-1584-0"
"/mnt/c/Users/Assay Surface/Desktop/Kirstin Kennedy/KK work/Goldsmiths Company/1584-1585/Goldsmiths Co_no 28_rim footed bowl_sterling mark.jpg","Goldsmiths Company","Goldsmiths Co no 28 rim footed bowl","sterling mark","1584-1585","1584","primary","0","goldsmiths-company-goldsmiths-co-no-28-rim-footed-bowl-sterling-mark-1584","hallmarks/goldsmiths-company-goldsmiths-co-no-28-rim-footed-bowl-sterling-mark-1584-0"
"/mnt/c/Users/Assay Surface/Desktop/Kirstin Kennedy/KK work/Goldsmiths Company/1584-1585/Goldsmiths Co_no 28_rim of footed bowl_hallmark_dimension.jpg","Goldsmiths Company","Goldsmiths Co no 28 rim of footed bowl","hallmark","1584-1585","1584","dimensions","0","goldsmiths-company-goldsmiths-co-no-28-rim-of-footed-bowl-hallmark-1584","hallmarks/goldsmiths-company-goldsmiths-co-no-28-rim-of-footed-bowl-hallmark-1584-0"
"/mnt/c/Users/Assay Surface/Desktop/Kirstin Kennedy/KK work/Goldsmiths Company/1584-1585/Goldsmiths Co_no 28_underside lid rim_hallmark.jpg","Goldsmiths Company","Goldsmiths Co no 28 underside lid rim","hallmark","1584-1585","1584","primary","0","goldsmiths-company-goldsmiths-co-no-28-underside-lid-rim-hallmark-1584","hallmarks/goldsmiths-company-goldsmiths-co-no-28-underside-lid-rim-hallmark-1584-0"
"/mnt/c/Users/Assay Surface/Desktop/Kirstin Kennedy/KK work/Goldsmiths Company/1587-1588/Goldsmiths Co_no 29_cup_rim_date letter.jpg","Goldsmiths Company","Goldsmiths Co no 29 cup rim","date letter","1587-1588","1587","primary","0","goldsmiths-company-goldsmiths-co-no-29-cup-rim-date-letter-1587","hallmarks/goldsmiths-company-goldsmiths-co-no-29-cup-rim-date-letter-1587-0"
"/mnt/c/Users/Assay Surface/Desktop/Kirstin Kennedy/KK work/Goldsmiths Company/1587-1588/Goldsmiths Co_no 29_cup_rim_hallmark 1587_88.jpg","Goldsmiths Company","Goldsmiths Co no 29 cup rim","hallmark","1587-88","1587","primary","0","goldsmiths-company-goldsmiths-co-no-29-cup-rim-hallmark-1587","hallmarks/goldsmiths-company-goldsmiths-co-no-29-cup-rim-hallmark-1587-0"
"/mnt/c/Users/Assay Surface/Desktop/Kirstin Kennedy/KK work/Goldsmiths Company/1587-1588/Goldsmiths Co_no 29_cup_rim_hallmark_dimension.jpg","Goldsmiths Company","Goldsmiths Co no 29 cup rim","hallmark","1587-1588","1587","dimensions","1","goldsmiths-company-goldsmiths-co-no-29-cup-rim-hallmark-1587","hallmarks/goldsmiths-company-goldsmiths-co-no-29-cup-rim-hallmark-1587-1"
"/mnt/c/Users/Assay Surface/Desktop/Kirstin Kennedy/KK work/Goldsmiths Company/1587-1588/Goldsmiths Co_no_29_cup_sterling mark 1587_88.jpg","Goldsmiths Company","Goldsmiths Co no 29 cup","sterling mark","1587-88","1587","primary","0","goldsmiths-company-goldsmiths-co-no-29-cup-sterling-mark-1587","hallmarks/goldsmiths-company-goldsmiths-co-no-29-cup-sterling-mark-1587-0"
"/mnt/c/Users/Assay Surface/Desktop/Kirstin Kennedy/KK work/Goldsmiths Company/1590-1591/Goldsmiths Co_No L3577_lid of cup_hallmark_1590_91.jpg","Goldsmiths Company","Goldsmiths Co No L3577 lid of cup","hallmark","1590-91","1590","primary","0","goldsmiths-company-goldsmiths-co-no-l3577-lid-of-cup-hallmark-1590","hallmarks/goldsmiths-company-goldsmiths-co-no-l3577-lid-of-cup-hallmark-1590-0"
"/mnt/c/Users/Assay Surface/Desktop/Kirstin Kennedy/KK work/Goldsmiths Company/1590-1591/Goldsmiths Co_No. L3577_lid_hallmark_dimension.jpg","Goldsmiths Company","Goldsmiths Co No. L3577 lid","hallmark","1590-1591","1590","dimensions","0","goldsmiths-company-goldsmiths-co-no-l3577-lid-hallmark-1590","hallmarks/goldsmiths-company-goldsmiths-co-no-l3577-lid-hallmark-1590-0"
"/mnt/c/Users/Assay Surface/Desktop/Kirstin Kennedy/KK work/Goldsmiths Company/1590-1591/Goldsmiths Co_no L3577_hallmark lid.jpg","Goldsmiths Company","Goldsmiths Co no L3577","hallmark","1590-1591","1590","primary","0","goldsmiths-company-goldsmiths-co-no-l3577-hallmark-1590","hallmarks/goldsmiths-company-goldsmiths-co-no-l3577-hallmark-1590-0"
"/mnt/c/Users/Assay Surface/Desktop/Kirstin Kennedy/KK work/Goldsmiths Company/1590-1591/Goldsmiths Co_no L3577_lid of cup_date letter 1590_91.jpg","Goldsmiths Company","Goldsmiths Co no L3577 lid of cup","date letter","1590-91","1590","primary","0","goldsmiths-company-goldsmiths-co-no-l3577-lid-of-cup-date-letter-1590","hallmarks/goldsmiths-company-goldsmiths-co-no-l3577-lid-of-cup-date-letter-1590-0"
"/mnt/c/Users/Assay Surface/Desktop/Kirstin Kennedy/KK work/Goldsmiths Company/1590-1591/Goldsmiths Co_no L3577_lid of cup_sterling mark.jpg","Goldsmiths Company","Goldsmiths Co no L3577 lid of cup","sterling mark","1590-1591","1590","primary","0","goldsmiths-company-goldsmiths-co-no-l3577-lid-of-cup-sterling-mark-1590","hallmarks/goldsmiths-company-goldsmiths-co-no-l3577-lid-of-cup-sterling-mark-1590-0"
"/mnt/c/Users/Assay Surface/Desktop/Kirstin Kennedy/KK work/Goldsmiths Company/1594-1595/Goldsmiths Co_no 30 livery pot_1594_hallmark.jpg","Goldsmiths Company","Goldsmiths Co no 30 livery pot","hallmark","1594","1594","primary","0","goldsmiths-company-goldsmiths-co-no-30-livery-pot-hallmark-1594","hallmarks/goldsmiths-company-goldsmiths-co-no-30-livery-pot-hallmark-1594-0"
"/mnt/c/Users/Assay Surface/Desktop/Kirstin Kennedy/KK work/Goldsmiths Company/1594-1595/Goldsmiths Co_no 30_livery pot 1594_date letter lid.jpg","Goldsmiths Company","Goldsmiths Co no 30 livery pot","date letter","1594","1594","primary","0","goldsmiths-company-goldsmiths-co-no-30-livery-pot-date-letter-1594","hallmarks/goldsmiths-company-goldsmiths-co-no-30-livery-pot-date-letter-1594-0"
"/mnt/c/Users/Assay Surface/Desktop/Kirstin Kennedy/KK work/Goldsmiths Company/1594-1595/Goldsmiths Co_no 30_livery pot 1594_sterling mark.jpg","Goldsmiths Company","Goldsmiths Co no 30 livery pot","sterling mark","1594","1594","primary","0","goldsmiths-company-goldsmiths-co-no-30-livery-pot-sterling-mark-1594","hallmarks/goldsmiths-company-goldsmiths-co-no-30-livery-pot-sterling-mark-1594-0"
"/mnt/c/Users/Assay Surface/Desktop/Kirstin Kennedy/KK work/Goldsmiths Company/1594-1595/Goldsmiths Co_no 30_livery pot 1597_body_date letter.jpg","Goldsmiths Company","Goldsmiths Co no 30 livery pot","date letter","1597","1597","primary","0","goldsmiths-company-goldsmiths-co-no-30-livery-pot-date-letter-1597","hallmarks/goldsmiths-company-goldsmiths-co-no-30-livery-pot-date-letter-1597-0"
"/mnt/c/Users/Assay Surface/Desktop/Kirstin Kennedy/KK work/Goldsmiths Company/1594-1595/Goldsmiths Co_no 30_livery pot 1597_body_hallmark.jpg","Goldsmiths Company","Goldsmiths Co no 30 livery pot","hallmark","1597","1597","primary","0","goldsmiths-company-goldsmiths-co-no-30-livery-pot-hallmark-1597","hallmarks/goldsmiths-company-goldsmiths-co-no-30-livery-pot-hallmark-1597-0"
"/mnt/c/Users/Assay Surface/Desktop/Kirstin Kennedy/KK work/Goldsmiths Company/1594-1595/Goldsmiths Co_no 30_livery pot 1597_body_hallmark_dimension.jpg","Goldsmiths Company","Goldsmiths Co no 30 livery pot","hallmark","1597","1597","dimensions","1","goldsmiths-company-goldsmiths-co-no-30-livery-pot-hallmark-1597","hallmarks/goldsmiths-company-goldsmiths-co-no-30-livery-pot-hallmark-1597-1"
"/mnt/c/Users/Assay Surface/Desktop/Kirstin Kennedy/KK work/Goldsmiths Company/1594-1595/Goldsmiths Co_no 30_livery pot 1597_sterling mark.jpg","Goldsmiths Company","Goldsmiths Co no 30 livery pot","sterling mark","1597","1597","primary","0","goldsmiths-company-goldsmiths-co-no-30-livery-pot-sterling-mark-1597","hallmarks/goldsmiths-company-goldsmiths-co-no-30-livery-pot-sterling-mark-1597-0"
"/mnt/c/Users/Assay Surface/Desktop/Kirstin Kennedy/KK work/Goldsmiths Company/1594-1595/Goldsmiths Co_no 30_livery pot_1594_hallmark_dimension.jpg","Goldsmiths Company","Goldsmiths Co no 30 livery pot","hallmark","1594","1594","dimensions","1","goldsmiths-company-goldsmiths-co-no-30-livery-pot-hallmark-1594","hallmarks/goldsmiths-company-goldsmiths-co-no-30-livery-pot-hallmark-1594-1"
"/mnt/c/Users/Assay Surface/Desktop/Kirstin Kennedy/KK work/Goldsmiths Company/1599-1600/Goldsmiths Co_no 32_rim of cup_hallmark.jpg","Goldsmiths Company","Goldsmiths Co no 32 rim of cup","hallmark","1599-1600","1599","primary","0","goldsmiths-company-goldsmiths-co-no-32-rim-of-cup-hallmark-1599","hallmarks/goldsmiths-company-goldsmiths-co-no-32-rim-of-cup-hallmark-1599-0"
"/mnt/c/Users/Assay Surface/Desktop/Kirstin Kennedy/KK work/Goldsmiths Company/1599-1600/Goldsmiths Co_no 32_rim of cup_hallmark_dimension.jpg","Goldsmiths Company","Goldsmiths Co no 32 rim of cup","hallmark","1599-1600","1599","dimensions","1","goldsmiths-company-goldsmiths-co-no-32-rim-of-cup-hallmark-1599","hallmarks/goldsmiths-company-goldsmiths-co-no-32-rim-of-cup-hallmark-1599-1"
"/mnt/c/Users/Assay Surface/Desktop/Kirstin Kennedy/KK work/Goldsmiths Company/1599-1600/Goldsmiths Co_no 32_rim of cup_sterling mark.jpg","Goldsmiths Company","Goldsmiths Co no 32 rim of cup","sterling mark","1599-1600","1599","primary","0","goldsmiths-company-goldsmiths-co-no-32-rim-of-cup-sterling-mark-1599","hallmarks/goldsmiths-company-goldsmiths-co-no-32-rim-of-cup-sterling-mark-1599-0"
"/mnt/c/Users/Assay Surface/Desktop/Kirstin Kennedy/KK work/Goldsmiths Company/1599-1600/Goldsmiths Co_no 33_bell salt_hallmark.jpg","Goldsmiths Company","Goldsmiths Co no 33 bell salt","hallmark","1599-1600","1599","primary","0","goldsmiths-company-goldsmiths-co-no-33-bell-salt-hallmark-1599","hallmarks/goldsmiths-company-goldsmiths-co-no-33-bell-salt-hallmark-1599-0"
"/mnt/c/Users/Assay Surface/Desktop/Kirstin Kennedy/KK work/Goldsmiths Company/1599-1600/Goldsmiths Co_no 33_bell salt_hallmark_dimension.jpg","Goldsmiths Company","Goldsmiths Co no 33 bell salt","hallmark","1599-1600","1599","dimensions","1","goldsmiths-company-goldsmiths-co-no-33-bell-salt-hallmark-1599","hallmarks/goldsmiths-company-goldsmiths-co-no-33-bell-salt-hallmark-1599-1"
"/mnt/c/Users/Assay Surface/Desktop/Kirstin Kennedy/KK work/Goldsmiths Company/1599-1600/Goldsmiths Co_no 33_bell salt_sterling mark.jpg","Goldsmiths Company","Goldsmiths Co no 33 bell salt","sterling mark","1599-1600","1599","primary","0","goldsmiths-company-goldsmiths-co-no-33-bell-salt-sterling-mark-1599","hallmarks/goldsmiths-company-goldsmiths-co-no-33-bell-salt-sterling-mark-1599-0"
"/mnt/c/Users/Assay Surface/Desktop/Kirstin Kennedy/KK work/Goldsmiths Company/1599-1600/Goldsmiths Co_no 33_double salt_date letter 1599.jpg","Goldsmiths Company","Goldsmiths Co no 33 double salt","date letter","1599","1599","primary","0","goldsmiths-company-goldsmiths-co-no-33-double-salt-date-letter-1599","hallmarks/goldsmiths-company-goldsmiths-co-no-33-double-salt-date-letter-1599-0"
"/mnt/c/Users/Assay Surface/Desktop/Kirstin Kennedy/KK work/Goldsmiths Company/1599-1600/Goldsmiths_32_rim of cup_date letter 1599-1600.jpg","Goldsmiths Company","Goldsmiths 32 rim of cup","date letter","1599-1600","1599","primary","0","goldsmiths-company-goldsmiths-32-rim-of-cup-date-letter-1599","hallmarks/goldsmiths-company-goldsmiths-32-rim-of-cup-date-letter-1599-0"
"/mnt/c/Users/Assay Surface/Desktop/Kirstin Kennedy/KK work/Goldsmiths Company/1619-1620/GC_no 41_hallmark_1619_20_dimension.jpg","Goldsmiths Company","GC no 41","hallmark","1619-20","1619","dimensions","2","goldsmiths-company-gc-no-41-hallmark-1619","hallmarks/goldsmiths-company-gc-no-41-hallmark-1619-2"
"/mnt/c/Users/Assay Surface/Desktop/Kirstin Kennedy/KK work/Goldsmiths Company/1619-1620/GC_no 41_hallmark_1619_20_dimension_visible.jpg","Goldsmiths Company","GC no 41","hallmark","1619-20","1619","primary","0","goldsmiths-company-gc-no-41-hallmark-1619","hallmarks/goldsmiths-company-gc-no-41-hallmark-1619-0"
"/mnt/c/Users/Assay Surface/Desktop/Kirstin Kennedy/KK work/Goldsmiths Company/1619-1620/GC_no.41_hallmark 1619_1620 front.jpg","Goldsmiths Company","GC no.41","hallmark","1619-1620","1619","primary","1","goldsmiths-company-gc-no-41-hallmark-1619","hallmarks/goldsmiths-company-gc-no-41-hallmark-1619-1"
"/mnt/c/Users/Assay Surface/Desktop/Kirstin Kennedy/KK work/Goldsmiths Company/1619-1620/Goldsmiths Co_no 41_grace cup_date letter.jpg","Goldsmiths Company","Goldsmiths Co no 41 grace cup","date letter","1619-1620","1619","primary","0","goldsmiths-company-goldsmiths-co-no-41-grace-cup-date-letter-1619","hallmarks/goldsmiths-company-goldsmiths-co-no-41-grace-cup-date-letter-1619-0"
"/mnt/c/Users/Assay Surface/Desktop/Kirstin Kennedy/KK work/Goldsmiths Company/1619-1620/Goldsmiths Co_no 41_grace cup_hallmark.jpg","Goldsmiths Company","Goldsmiths Co no 41 grace cup","hallmark","1619-1620","1619","primary","0","goldsmiths-company-goldsmiths-co-no-41-grace-cup-hallmark-1619","hallmarks/goldsmiths-company-goldsmiths-co-no-41-grace-cup-hallmark-1619-0"
"/mnt/c/Users/Assay Surface/Desktop/Kirstin Kennedy/KK work/Goldsmiths Company/1619-1620/Goldsmiths Co_no 41_grace cup_sterling mark.jpg","Goldsmiths Company","Goldsmiths Co no 41 grace cup","sterling mark","1619-1620","1619","primary","0","goldsmiths-company-goldsmiths-co-no-41-grace-cup-sterling-mark-1619","hallmarks/goldsmiths-company-goldsmiths-co-no-41-grace-cup-sterling-mark-1619-0"
"/mnt/c/Users/Assay Surface/Desktop/Kirstin Kennedy/KK work/Goldsmiths Company/1619-1620/Goldsmiths Co_no 44_paten_date letter 1619.jpg","Goldsmiths Company","Goldsmiths Co no 44 paten","date letter","1619","1619","primary","0","goldsmiths-company-goldsmiths-co-no-44-paten-date-letter-1619","hallmarks/goldsmiths-company-goldsmiths-co-no-44-paten-date-letter-1619-0"
"/mnt/c/Users/Assay Surface/Desktop/Kirstin Kennedy/KK work/Goldsmiths Company/1619-1620/Goldsmiths Co_no_41_hallmark_doublestruck.jpg","Goldsmiths Company","Goldsmiths Co no 41","hallmark","1619-1620","1619","primary","0","goldsmiths-company-goldsmiths-co-no-41-hallmark-1619","hallmarks/goldsmiths-company-goldsmiths-co-no-41-hallmark-1619-0"
"/mnt/c/Users/Assay Surface/Desktop/Kirstin Kennedy/KK work/Goldsmiths Company/1627-1628/Goldsmiths Co_no 44_paten_hallmark_dimension.jpg","Goldsmiths Company","Goldsmiths Co no 44 paten","hallmark","1627-1628","1627","dimensions","0","goldsmiths-company-goldsmiths-co-no-44-paten-hallmark-1627","hallmarks/goldsmiths-company-goldsmiths-co-no-44-paten-hallmark-1627-0"
"/mnt/c/Users/Assay Surface/Desktop/Kirstin Kennedy/KK work/Goldsmiths Company/1640-1641/Goldsmiths Co_no 47_hallmark cup rim.jpg","Goldsmiths Company","Goldsmiths Co no 47","hallmark","1640-1641","1640","primary","0","goldsmiths-company-goldsmiths-co-no-47-hallmark-1640","hallmarks/goldsmiths-company-goldsmiths-co-no-47-hallmark-1640-0"
"/mnt/c/Users/Assay Surface/Desktop/Kirstin Kennedy/KK work/Goldsmiths Company/1640-1641/Goldsmiths Co_no 47_hallmark cup rim_dimension.jpg","Goldsmiths Company","Goldsmiths Co no 47","hallmark","1640-1641","1640","dimensions","1","goldsmiths-company-goldsmiths-co-no-47-hallmark-1640","hallmarks/goldsmiths-company-goldsmiths-co-no-47-hallmark-1640-1"
"/mnt/c/Users/Assay Surface/Desktop/Kirstin Kennedy/KK work/Goldsmiths Company/1640-1641/Goldsmiths Co_no 47_sterling mark cup rim.jpg","Goldsmiths Company","Goldsmiths Co no 47","sterling mark","1640-1641","1640","primary","0","goldsmiths-company-goldsmiths-co-no-47-sterling-mark-1640","hallmarks/goldsmiths-company-goldsmiths-co-no-47-sterling-mark-1640-0"
"/mnt/c/Users/Assay Surface/Desktop/Kirstin Kennedy/KK work/Goldsmiths Company/1651_1652/GC 50 lid date letter 1651_dimensions.jpg","Goldsmiths Company","GC 50 lid","date letter","1651","1651","dimensions","1","goldsmiths-company-gc-50-lid-date-letter-1651","hallmarks/goldsmiths-company-gc-50-lid-date-letter-1651-1"
"/mnt/c/Users/Assay Surface/Desktop/Kirstin Kennedy/KK work/Goldsmiths Company/1651_1652/GC 50_base_hallmark_back of mark.jpg","Goldsmiths Company","GC 50 base","hallmark","1651-1652","1651","primary","0","goldsmiths-company-gc-50-base-hallmark-1651","hallmarks/goldsmiths-company-gc-50-base-hallmark-1651-0"
"/mnt/c/Users/Assay Surface/Desktop/Kirstin Kennedy/KK work/Goldsmiths Company/1651_1652/GC 50_base_sterling mark_back of mark.jpg","Goldsmiths Company","GC 50 base","sterling mark","1651-1652","1651","primary","0","goldsmiths-company-gc-50-base-sterling-mark-1651","hallmarks/goldsmiths-company-gc-50-base-sterling-mark-1651-0"
"/mnt/c/Users/Assay Surface/Desktop/Kirstin Kennedy/KK work/Goldsmiths Company/1651_1652/GC 50_date letter_base_1651.jpg","Goldsmiths Company","GC 50","date letter","1651","1651","primary","0","goldsmiths-company-gc-50-date-letter-1651","hallmarks/goldsmiths-company-gc-50-date-letter-1651-0"
"/mnt/c/Users/Assay Surface/Desktop/Kirstin Kennedy/KK work/Goldsmiths Company/1651_1652/GC 50_date letter_base_1651_dimensions.jpg","Goldsmiths Company","GC 50","date letter","1651","1651","dimensions","2","goldsmiths-company-gc-50-date-letter-1651","hallmarks/goldsmiths-company-gc-50-date-letter-1651-2"
"/mnt/c/Users/Assay Surface/Desktop/Kirstin Kennedy/KK work/Goldsmiths Company/1651_1652/GC 50_date letter_base_back of mark.jpg","Goldsmiths Company","GC 50","date letter","1651-1652","1651","primary","1","goldsmiths-company-gc-50-date-letter-1651","hallmarks/goldsmiths-company-gc-50-date-letter-1651-1"
"/mnt/c/Users/Assay Surface/Desktop/Kirstin Kennedy/KK work/Goldsmiths Company/1651_1652/GC 50_hallmark_base_1651.jpg","Goldsmiths Company","GC 50","hallmark","1651","1651","primary","0","goldsmiths-company-gc-50-hallmark-1651","hallmarks/goldsmiths-company-gc-50-hallmark-1651-0"
"/mnt/c/Users/Assay Surface/Desktop/Kirstin Kennedy/KK work/Goldsmiths Company/1651_1652/GC 50_hallmark_base_1651_dimensions.jpg","Goldsmiths Company","GC 50","hallmark","1651","1651","dimensions","1","goldsmiths-company-gc-50-hallmark-1651","hallmarks/goldsmiths-company-gc-50-hallmark-1651-1"
"/mnt/c/Users/Assay Surface/Desktop/Kirstin Kennedy/KK work/Goldsmiths Company/1651_1652/GC 50_lid_date letter_1651-52.jpg","Goldsmiths Company","GC 50 lid","date letter","1651-52","1651","primary","0","goldsmiths-company-gc-50-lid-date-letter-1651","hallmarks/goldsmiths-company-gc-50-lid-date-letter-1651-0"
"/mnt/c/Users/Assay Surface/Desktop/Kirstin Kennedy/KK work/Goldsmiths Company/1651_1652/GC 50_lid_hallmark.jpg","Goldsmiths Company","GC 50 lid","hallmark","1651-1652","1651","primary","0","goldsmiths-company-gc-50-lid-hallmark-1651","hallmarks/goldsmiths-company-gc-50-lid-hallmark-1651-0"
"/mnt/c/Users/Assay Surface/Desktop/Kirstin Kennedy/KK work/Goldsmiths Company/1651_1652/GC 50_sterling mark_base.jpg","Goldsmiths Company","GC 50","sterling mark","1651-1652","1651","primary","0","goldsmiths-company-gc-50-sterling-mark-1651","hallmarks/goldsmiths-company-gc-50-sterling-mark-1651-0"
"/mnt/c/Users/Assay Surface/Desktop/Kirstin Kennedy/KK work/Goldsmiths Company/1651_1652/GC 50_sterling mark_base_dimensions.jpg","Goldsmiths Company","GC 50","sterling mark","1651-1652","1651","dimensions","1","goldsmiths-company-gc-50-sterling-mark-1651","hallmarks/goldsmiths-company-gc-50-sterling-mark-1651-1"
"/mnt/c/Users/Assay Surface/Desktop/Kirstin Kennedy/KK work/Goldsmiths Company/1666-1667/GC 60 hallmark 1666-67 dimensions.jpg","Goldsmiths Company","GC 60","hallmark","1666-67","1666","dimensions","1","goldsmiths-company-gc-60-hallmark-1666","hallmarks/goldsmiths-company-gc-60-hallmark-1666-1"
"/mnt/c/Users/Assay Surface/Desktop/Kirstin Kennedy/KK work/Goldsmiths Company/1666-1667/GC 60 hallmark 1666-67.jpg","Goldsmiths Company","GC 60","hallmark","1666-67","1666","primary","0","goldsmiths-company-gc-60-hallmark-1666","hallmarks/goldsmiths-company-gc-60-hallmark-1666-0"
"/mnt/c/Users/Assay Surface/Desktop/Kirstin Kennedy/KK work/Goldsmiths Company/1667-1668/Goldsmiths Co_no 62_caudle cup_date letter.jpg","Goldsmiths Company","Goldsmiths Co no 62 caudle cup","date letter","1667-1668","1667","primary","0","goldsmiths-company-goldsmiths-co-no-62-caudle-cup-date-letter-1667","hallmarks/goldsmiths-company-goldsmiths-co-no-62-caudle-cup-date-letter-1667-0"
"/mnt/c/Users/Assay Surface/Desktop/Kirstin Kennedy/KK work/Goldsmiths Company/1667-1668/Goldsmiths Co_no 62_caudle cup_hallmark dimension.jpg","Goldsmiths Company","Goldsmiths Co no 62 caudle cup","hallmark","1667-1668","1667","dimensions","1","goldsmiths-company-goldsmiths-co-no-62-caudle-cup-hallmark-1667","hallmarks/goldsmiths-company-goldsmiths-co-no-62-caudle-cup-hallmark-1667-1"
"/mnt/c/Users/Assay Surface/Desktop/Kirstin Kennedy/KK work/Goldsmiths Company/1667-1668/Goldsmiths Co_no 62_caudle cup_hallmark.jpg","Goldsmiths Company","Goldsmiths Co no 62 caudle cup","hallmark","1667-1668","1667","primary","0","goldsmiths-company-goldsmiths-co-no-62-caudle-cup-hallmark-1667","hallmarks/goldsmiths-company-goldsmiths-co-no-62-caudle-cup-hallmark-1667-0"
"/mnt/c/Users/Assay Surface/Desktop/Kirstin Kennedy/KK work/Goldsmiths Company/1674-1675/Goldsmiths Co_no 69_wine taster_date letter.jpg","Goldsmiths Company","Goldsmiths Co no 69 wine taster","date letter","1674-1675","1674","primary","0","goldsmiths-company-goldsmiths-co-no-69-wine-taster-date-letter-1674","hallmarks/goldsmiths-company-goldsmiths-co-no-69-wine-taster-date-letter-1674-0"
"/mnt/c/Users/Assay Surface/Desktop/Kirstin Kennedy/KK work/Goldsmiths Company/1674-1675/Goldsmiths Co_no 69_wine taster_hallmark.jpg","Goldsmiths Company","Goldsmiths Co no 69 wine taster","hallmark","1674-1675","1674","primary","0","goldsmiths-company-goldsmiths-co-no-69-wine-taster-hallmark-1674","hallmarks/goldsmiths-company-goldsmiths-co-no-69-wine-taster-hallmark-1674-0"
"/mnt/c/Users/Assay Surface/Desktop/Kirstin Kennedy/KK work/Goldsmiths Company/1674-1675/Goldsmiths Co_no 69_wine taster_hallmark_dimension.jpg","Goldsmiths Company","Goldsmiths Co no 69 wine taster","hallmark","1674-1675","1674","dimensions","1","goldsmiths-company-goldsmiths-co-no-69-wine-taster-hallmark-1674","hallmarks/goldsmiths-company-goldsmiths-co-no-69-wine-taster-hallmark-1674-1"
"/mnt/c/Users/Assay Surface/Desktop/Kirstin Kennedy/KK work/Goldsmiths Company/1674-1675/Goldsmiths Co_no 69_wine taster_sterling mark.jpg","Goldsmiths Company","Goldsmiths Co no 69 wine taster","sterling mark","1674-1675","1674","primary","0","goldsmiths-company-goldsmiths-co-no-69-wine-taster-sterling-mark-1674","hallmarks/goldsmiths-company-goldsmiths-co-no-69-wine-taster-sterling-mark-1674-0"
"/mnt/c/Users/Assay Surface/Desktop/Kirstin Kennedy/KK work/Goldsmiths Company/1675-1666/Goldsmiths Co_no 85, tobacco box, date letter_underside of box.jpg","Goldsmiths Company","Goldsmiths Co no 85, tobacco box,","date letter","1675-1666","1675","primary","1","goldsmiths-company-goldsmiths-co-no-85-tobacco-box-date-letter-1675","hallmarks/goldsmiths-company-goldsmiths-co-no-85-tobacco-box-date-letter-1675-1"
"/mnt/c/Users/Assay Surface/Desktop/Kirstin Kennedy/KK work/Goldsmiths Company/1675-1666/Goldsmiths Co_no 85, tobacco box, sterling mark_underside of box.jpg","Goldsmiths Company","Goldsmiths Co no 85, tobacco box,","sterling mark","1675-1666","1675","primary","0","goldsmiths-company-goldsmiths-co-no-85-tobacco-box-sterling-mark-1675","hallmarks/goldsmiths-company-goldsmiths-co-no-85-tobacco-box-sterling-mark-1675-0"
"/mnt/c/Users/Assay Surface/Desktop/Kirstin Kennedy/KK work/Goldsmiths Company/1675-1666/Goldsmiths Co_no 85, tobacco box_date letter_side of box.jpg","Goldsmiths Company","Goldsmiths Co no 85, tobacco box","date letter","1675-1666","1675","primary","0","goldsmiths-company-goldsmiths-co-no-85-tobacco-box-date-letter-1675","hallmarks/goldsmiths-company-goldsmiths-co-no-85-tobacco-box-date-letter-1675-0"
"/mnt/c/Users/Assay Surface/Desktop/Kirstin Kennedy/KK work/Goldsmiths Company/1675-1666/Goldsmiths Co_no 85_tobacco box_side of box_sponsor mark.jpg","Goldsmiths Company","Goldsmiths Co no 85 tobacco box side of box","sponsor mark","1675-1666","1675","primary","0","goldsmiths-company-goldsmiths-co-no-85-tobacco-box-side-of-box-sponsor-mark-1675","hallmarks/goldsmiths-company-goldsmiths-co-no-85-tobacco-box-side-of-box-sponsor-mark-1675-0"
"/mnt/c/Users/Assay Surface/Desktop/Kirstin Kennedy/KK work/Goldsmiths Company/1675-1666/Goldsmiths Co_no 85_tobacco box_side of box_sterling mark.jpg","Goldsmiths Company","Goldsmiths Co no 85 tobacco box side of box","sterling mark","1675-1666","1675","primary","0","goldsmiths-company-goldsmiths-co-no-85-tobacco-box-side-of-box-sterling-mark-1675","hallmarks/goldsmiths-company-goldsmiths-co-no-85-tobacco-box-side-of-box-sterling-mark-1675-0"
"/mnt/c/Users/Assay Surface/Desktop/Kirstin Kennedy/KK work/Goldsmiths Company/1675-1666/Goldsmiths Co_no 85_tobacco box_underside of box_hallmark.jpg","Goldsmiths Company","Goldsmiths Co no 85 tobacco box underside of box","hallmark","1675-1666","1675","primary","0","goldsmiths-company-goldsmiths-co-no-85-tobacco-box-underside-of-box-hallmark-1675","hallmarks/goldsmiths-company-goldsmiths-co-no-85-tobacco-box-underside-of-box-hallmark-1675-0"
"/mnt/c/Users/Assay Surface/Desktop/Kirstin Kennedy/KK work/Goldsmiths Company/1675-1666/Goldsmiths Co_no 85_tobacco box_underside of box_hallmark_dimension.jpg","Goldsmiths Company","Goldsmiths Co no 85 tobacco box underside of box","hallmark","1675-1666","1675","dimensions","1","goldsmiths-company-goldsmiths-co-no-85-tobacco-box-underside-of-box-hallmark-1675","hallmarks/goldsmiths-company-goldsmiths-co-no-85-tobacco-box-underside-of-box-hallmark-1675-1"
"/mnt/c/Users/Assay Surface/Desktop/Kirstin Kennedy/KK work/Goldsmiths Company/1675-1666/Goldsmiths Co_no 85_tobacco box_underside of box_sponsor mark.jpg","Goldsmiths Company","Goldsmiths Co no 85 tobacco box underside of box","sponsor mark","1675-1666","1675","primary","0","goldsmiths-company-goldsmiths-co-no-85-tobacco-box-underside-of-box-sponsor-mark-1675","hallmarks/goldsmiths-company-goldsmiths-co-no-85-tobacco-box-underside-of-box-sponsor-mark-1675-0"
"/mnt/c/Users/Assay Surface/Desktop/Kirstin Kennedy/KK work/Goldsmiths Company/1697-1698/Goldsmiths Co_no 87_porringer rim_date letter.jpg","Goldsmiths Company","Goldsmiths Co no 87 porringer rim","date letter","1697-1698","1697","primary","0","goldsmiths-company-goldsmiths-co-no-87-porringer-rim-date-letter-1697","hallmarks/goldsmiths-company-goldsmiths-co-no-87-porringer-rim-date-letter-1697-0"
"/mnt/c/Users/Assay Surface/Desktop/Kirstin Kennedy/KK work/Goldsmiths Company/1697-1698/Goldsmiths Co_no 87_porringer rim_hallmark.jpg","Goldsmiths Company","Goldsmiths Co no 87 porringer rim","hallmark","1697-1698","1697","primary","0","goldsmiths-company-goldsmiths-co-no-87-porringer-rim-hallmark-1697","hallmarks/goldsmiths-company-goldsmiths-co-no-87-porringer-rim-hallmark-1697-0"
"/mnt/c/Users/Assay Surface/Desktop/Kirstin Kennedy/KK work/Goldsmiths Company/1697-1698/Goldsmiths Co_no 87_porringer rim_hallmark_dimension.jpg","Goldsmiths Company","Goldsmiths Co no 87 porringer rim","hallmark","1697-1698","1697","dimensions","1","goldsmiths-company-goldsmiths-co-no-87-porringer-rim-hallmark-1697","hallmarks/goldsmiths-company-goldsmiths-co-no-87-porringer-rim-hallmark-1697-1"
"/mnt/c/Users/Assay Surface/Desktop/Kirstin Kennedy/KK work/Goldsmiths Company/1697-1698/Goldsmiths Co_no 87_porringer rim_standard mark.jpg","Goldsmiths Company","Goldsmiths Co no 87 porringer rim","standard mark","1697-1698","1697","primary","0","goldsmiths-company-goldsmiths-co-no-87-porringer-rim-standard-mark-1697","hallmarks/goldsmiths-company-goldsmiths-co-no-87-porringer-rim-standard-mark-1697-0"
"/mnt/c/Users/Assay Surface/Desktop/Kirstin Kennedy/KK work/Goldsmiths Company/1697-1698/Goldsmiths Co_no 87_porringer rim_standard mark_dimension.jpg","Goldsmiths Company","Goldsmiths Co no 87 porringer rim","standard mark","1697-1698","1697","dimensions","1","goldsmiths-company-goldsmiths-co-no-87-porringer-rim-standard-mark-1697","hallmarks/goldsmiths-company-goldsmiths-co-no-87-porringer-rim-standard-mark-1697-1"
"/mnt/c/Users/Assay Surface/Desktop/Kirstin Kennedy/KK work/Goldsmiths Company/1731-1732/GC 115 date letter 1731 dimensions.jpg","Goldsmiths Company","GC 115","date letter","1731","1731","dimensions","2","goldsmiths-company-gc-115-date-letter-1731","hallmarks/goldsmiths-company-gc-115-date-letter-1731-2"
"/mnt/c/Users/Assay Surface/Desktop/Kirstin Kennedy/KK work/Goldsmiths Company/1731-1732/GC 115 date letter 1731_32.jpg","Goldsmiths Company","GC 115","date letter","1731-32","1731","primary","0","goldsmiths-company-gc-115-date-letter-1731","hallmarks/goldsmiths-company-gc-115-date-letter-1731-0"
"/mnt/c/Users/Assay Surface/Desktop/Kirstin Kennedy/KK work/Goldsmiths Company/1731-1732/GC 115 hallmark 1731_32 dimensions.jpg","Goldsmiths Company","GC 115","hallmark","1731-32","1731","dimensions","1","goldsmiths-company-gc-115-hallmark-1731","hallmarks/goldsmiths-company-gc-115-hallmark-1731-1"
"/mnt/c/Users/Assay Surface/Desktop/Kirstin Kennedy/KK work/Goldsmiths Company/1731-1732/GC 115 hallmark _1731_32_Paul de Lamerie.jpg","Goldsmiths Company","GC 115","hallmark","1731-32","1731","primary","0","goldsmiths-company-gc-115-hallmark-1731","hallmarks/goldsmiths-company-gc-115-hallmark-1731-0"
"/mnt/c/Users/Assay Surface/Desktop/Kirstin Kennedy/KK work/Goldsmiths Company/1731-1732/GC 115 sponsor mark de Lamerie dimensions.jpg","Goldsmiths Company","GC 115","sponsor mark","1731-1732","1731","dimensions","3","goldsmiths-company-gc-115-sponsor-mark-1731","hallmarks/goldsmiths-company-gc-115-sponsor-mark-1731-3"
"/mnt/c/Users/Assay Surface/Desktop/Kirstin Kennedy/KK work/Goldsmiths Company/1731-1732/GC 115 sponsor mark de Lamerie.jpg","Goldsmiths Company","GC 115","sponsor mark","1731-1732","1731","primary","1","goldsmiths-company-gc-115-sponsor-mark-1731","hallmarks/goldsmiths-company-gc-115-sponsor-mark-1731-1"
"/mnt/c/Users/Assay Surface/Desktop/Kirstin Kennedy/KK work/Goldsmiths Company/1731-1732/GC 115 sponsor mark de Lamerie_another view.jpg","Goldsmiths Company","GC 115","sponsor mark","1731-1732","1731","primary","0","goldsmiths-company-gc-115-sponsor-mark-1731","hallmarks/goldsmiths-company-gc-115-sponsor-mark-1731-0"
"/mnt/c/Users/Assay Surface/Desktop/Kirstin Kennedy/KK work/Goldsmiths Company/1731-1732/GC 115 standard mark 1731_32.jpg","Goldsmiths Company","GC 115","standard mark","1731-32","1731","primary","0","goldsmiths-company-gc-115-standard-mark-1731","hallmarks/goldsmiths-company-gc-115-standard-mark-1731-0"
"/mnt/c/Users/Assay Surface/Desktop/Kirstin Kennedy/KK work/Goldsmiths Company/1731-1732/GC 115_Britannia hallmark.jpg","Goldsmiths Company","GC 115","britannia hallmark","1731-1732","1731","primary","0","goldsmiths-company-gc-115-britannia-hallmark-1731","hallmarks/goldsmiths-company-gc-115-britannia-hallmark-1731-0"
"/mnt/c/Users/Assay Surface/Desktop/Kirstin Kennedy/KK work/Goldsmiths Company/1731-1732/GC 115_Britannia hallmark_dimensions.jpg","Goldsmiths Company","GC 115","britannia hallmark","1731-1732","1731","dimensions","1","goldsmiths-company-gc-115-britannia-hallmark-1731","hallmarks/goldsmiths-company-gc-115-britannia-hallmark-1731-1"
"/mnt/c/Users/Assay Surface/Desktop/Kirstin Kennedy/KK work/Goldsmiths Company/1731-1732/GC 115_Britannia standard mark.jpg","Goldsmiths Company","GC 115","britannia standard mark","1731-1732","1731","primary","0","goldsmiths-company-gc-115-britannia-standard-mark-1731","hallmarks/goldsmiths-company-gc-115-britannia-standard-mark-1731-0"
"/mnt/c/Users/Assay Surface/Desktop/Kirstin Kennedy/KK work/Goldsmiths Company/1731-1732/GC 115_Britannia standard mark_dimensions.jpg","Goldsmiths Company","GC 115","britannia standard mark","1731-1732","1731","dimensions","1","goldsmiths-company-gc-115-britannia-standard-mark-1731","hallmarks/goldsmiths-company-gc-115-britannia-standard-mark-1731-1"
"/mnt/c/Users/Assay Surface/Desktop/Kirstin Kennedy/KK work/Goldsmiths Company/1731-1732/GC 115_Date letter 1731_32.jpg","Goldsmiths Company","GC 115","date letter","1731-32","1731","primary","1","goldsmiths-company-gc-115-date-letter-1731","hallmarks/goldsmiths-company-gc-115-date-letter-1731-1"
"/mnt/c/Users/Assay Surface/Desktop/Kirstin Kennedy/KK work/Goldsmiths Company/1731-1732/GC 115_date letter 1731_dimensions.jpg","Goldsmiths Company","GC 115","date letter","1731","1731","dimensions","3","goldsmiths-company-gc-115-date-letter-1731","hallmarks/goldsmiths-company-gc-115-date-letter-1731-3"
"/mnt/c/Users/Assay Surface/Desktop/Kirstin Kennedy/KK work/Goldsmiths Company/1731-1732/GC 115_sponsor mark dimensions.jpg","Goldsmiths Company","GC 115","sponsor mark","1731-1732","1731","dimensions","4","goldsmiths-company-gc-115-sponsor-mark-1731","hallmarks/goldsmiths-company-gc-115-sponsor-mark-1731-4"
"/mnt/c/Users/Assay Surface/Desktop/Kirstin Kennedy/KK work/Goldsmiths Company/1731-1732/GC 115_sponsor mark.jpg","Goldsmiths Company","GC 115","sponsor mark","1731-1732","1731","primary","2","goldsmiths-company-gc-115-sponsor-mark-1731","hallmarks/goldsmiths-company-gc-115-sponsor-mark-1731-2"
"/mnt/c/Users/Assay Surface/Desktop/Kirstin Kennedy/KK work/Goldsmiths Company/1731-1732/GC 117 1731_32 hallmark_dimensions.jpg","Goldsmiths Company","GC 117","hallmark","1731-32","1731","dimensions","0","goldsmiths-company-gc-117-hallmark-1731","hallmarks/goldsmiths-company-gc-117-hallmark-1731-0"
"/mnt/c/Users/Assay Surface/Desktop/Kirstin Kennedy/KK work/Goldsmiths Company/1734-1735/GC 116 Hallmark 1734_35 with dimensions.jpg","Goldsmiths Company","GC 116","hallmark","1734-35","1734","dimensions","1","goldsmiths-company-gc-116-hallmark-1734","hallmarks/goldsmiths-company-gc-116-hallmark-1734-1"
"/mnt/c/Users/Assay Surface/Desktop/Kirstin Kennedy/KK work/Goldsmiths Company/1734-1735/GC 116 date letter 1734_35 dimensions.jpg","Goldsmiths Company","GC 116","date letter","1734-35","1734","dimensions","0","goldsmiths-company-gc-116-date-letter-1734","hallmarks/goldsmiths-company-gc-116-date-letter-1734-0"
"/mnt/c/Users/Assay Surface/Desktop/Kirstin Kennedy/KK work/Goldsmiths Company/1734-1735/GC 116 hallmark 1734_35.jpg","Goldsmiths Company","GC 116","hallmark","1734-35","1734","primary","0","goldsmiths-company-gc-116-hallmark-1734","hallmarks/goldsmiths-company-gc-116-hallmark-1734-0"
"/mnt/c/Users/Assay Surface/Desktop/Kirstin Kennedy/KK work/Goldsmiths Company/1734-1735/GC 116 sterling mark_1734_35.jpg","Goldsmiths Company","GC 116","sterling mark","1734-35","1734","primary","0","goldsmiths-company-gc-116-sterling-mark-1734","hallmarks/goldsmiths-company-gc-116-sterling-mark-1734-0"
"/mnt/c/Users/Assay Surface/Desktop/Kirstin Kennedy/KK work/Goldsmiths Company/1735-1736/GC 117 1735_36 date letter dimensions.jpg","Goldsmiths Company","GC 117","date letter","1735-36","1735","dimensions","1","goldsmiths-company-gc-117-date-letter-1735","hallmarks/goldsmiths-company-gc-117-date-letter-1735-1"
"/mnt/c/Users/Assay Surface/Desktop/Kirstin Kennedy/KK work/Goldsmiths Company/1735-1736/GC 117 1735_36 date letter.jpg","Goldsmiths Company","GC 117","date letter","1735-36","1735","primary","0","goldsmiths-company-gc-117-date-letter-1735","hallmarks/goldsmiths-company-gc-117-date-letter-1735-0"
"/mnt/c/Users/Assay Surface/Desktop/Kirstin Kennedy/KK work/Goldsmiths Company/1735-1736/GC 117 1735_36 sterling mark.jpg","Goldsmiths Company","GC 117","sterling mark","1735-36","1735","primary","0","goldsmiths-company-gc-117-sterling-mark-1735","hallmarks/goldsmiths-company-gc-117-sterling-mark-1735-0"
"/mnt/c/Users/Assay Surface/Desktop/Kirstin Kennedy/KK work/Goldsmiths Company/1735-1736/GC 117 hallmark 1735_36 dimensions.jpg","Goldsmiths Company","GC 117","hallmark","1735-36","1735","dimensions","1","goldsmiths-company-gc-117-hallmark-1735","hallmarks/goldsmiths-company-gc-117-hallmark-1735-1"
"/mnt/c/Users/Assay Surface/Desktop/Kirstin Kennedy/KK work/Goldsmiths Company/1735-1736/GC 117 hallmark 1735_36.jpg","Goldsmiths Company","GC 117","hallmark","1735-36","1735","primary","0","goldsmiths-company-gc-117-hallmark-1735","hallmarks/goldsmiths-company-gc-117-hallmark-1735-0"
"/mnt/c/Users/Assay Surface/Desktop/Kirstin Kennedy/KK work/Goldsmiths Company/1739-1740/GC 120 date letter 1739-40 dimensions.jpg","Goldsmiths Company","GC 120","date letter","1739-40","1739","dimensions","1","goldsmiths-company-gc-120-date-letter-1739","hallmarks/goldsmiths-company-gc-120-date-letter-1739-1"
"/mnt/c/Users/Assay Surface/Desktop/Kirstin Kennedy/KK work/Goldsmiths Company/1739-1740/GC 120 date letter 1739-40.jpg","Goldsmiths Company","GC 120","date letter","1739-40","1739","primary","0","goldsmiths-company-gc-120-date-letter-1739","hallmarks/goldsmiths-company-gc-120-date-letter-1739-0"
"/mnt/c/Users/Assay Surface/Desktop/Kirstin Kennedy/KK work/Goldsmiths Company/1739-1740/GC 120 sponsor mark 1739-40 dimensions.jpg","Goldsmiths Company","GC 120","sponsor mark","1739-40","1739","dimensions","1","goldsmiths-company-gc-120-sponsor-mark-1739","hallmarks/goldsmiths-company-gc-120-sponsor-mark-1739-1"
"/mnt/c/Users/Assay Surface/Desktop/Kirstin Kennedy/KK work/Goldsmiths Company/1739-1740/GC 120 sponsor mark 1739-40.jpg","Goldsmiths Company","GC 120","sponsor mark","1739-40","1739","primary","0","goldsmiths-company-gc-120-sponsor-mark-1739","hallmarks/goldsmiths-company-gc-120-sponsor-mark-1739-0"
"/mnt/c/Users/Assay Surface/Desktop/Kirstin Kennedy/KK work/Goldsmiths Company/1739-1740/GC 120 sterling mark 1739-40 dimensions.jpg","Goldsmiths Company","GC 120","sterling mark","1739-40","1739","dimensions","1","goldsmiths-company-gc-120-sterling-mark-1739","hallmarks/goldsmiths-company-gc-120-sterling-mark-1739-1"
"/mnt/c/Users/Assay Surface/Desktop/Kirstin Kennedy/KK work/Goldsmiths Company/1739-1740/GC 120 sterling mark 1739-40.jpg","Goldsmiths Company","GC 120","sterling mark","1739-40","1739","primary","0","goldsmiths-company-gc-120-sterling-mark-1739","hallmarks/goldsmiths-company-gc-120-sterling-mark-1739-0"
"/mnt/c/Users/Assay Surface/Desktop/Kirstin Kennedy/KK work/Goldsmiths Company/1739-1740/GC 120_hallmark 1739-1740.jpg","Goldsmiths Company","GC 120","hallmark","1739-1740","1739","primary","0","goldsmiths-company-gc-120-hallmark-1739","hallmarks/goldsmiths-company-gc-120-hallmark-1739-0"
"/mnt/c/Users/Assay Surface/Desktop/Kirstin Kennedy/KK work/Goldsmiths Company/1739-1740/GC 120_hallmark 1739-40 dimensions.jpg","Goldsmiths Company","GC 120","hallmark","1739-40","1739","dimensions","1","goldsmiths-company-gc-120-hallmark-1739","hallmarks/goldsmiths-company-gc-120-hallmark-1739-1"
"/mnt/c/Users/Assay Surface/Desktop/Kirstin Kennedy/KK work/Goldsmiths Company/1740-1741/GC 125 hallmark 1740_41.jpg","Goldsmiths Company","GC 125","hallmark","1740-41","1740","primary","0","goldsmiths-company-gc-125-hallmark-1740","hallmarks/goldsmiths-company-gc-125-hallmark-1740-0"
"/mnt/c/Users/Assay Surface/Desktop/Kirstin Kennedy/KK work/Goldsmiths Company/1740-1741/GC 128 1740_41 standard mark.jpg","Goldsmiths Company","GC 128","standard mark","1740-41","1740","primary","0","goldsmiths-company-gc-128-standard-mark-1740","hallmarks/goldsmiths-company-gc-128-standard-mark-1740-0"
"/mnt/c/Users/Assay Surface/Desktop/Kirstin Kennedy/KK work/Goldsmiths Company/1740-1741/GC 128 date letter 1740_41 dimensions.jpg","Goldsmiths Company","GC 128","date letter","1740-41","1740","dimensions","1","goldsmiths-company-gc-128-date-letter-1740","hallmarks/goldsmiths-company-gc-128-date-letter-1740-1"
"/mnt/c/Users/Assay Surface/Desktop/Kirstin Kennedy/KK work/Goldsmiths Company/1740-1741/GC 128 date letter 1740_41.jpg","Goldsmiths Company","GC 128","date letter","1740-41","1740","primary","0","goldsmiths-company-gc-128-date-letter-1740","hallmarks/goldsmiths-company-gc-128-date-letter-1740-0"
"/mnt/c/Users/Assay Surface/Desktop/Kirstin Kennedy/KK work/Goldsmiths Company/1740-1741/GC 128 hallmark 1740 dimensions.jpg","Goldsmiths Company","GC 128","hallmark","1740","1740","dimensions","1","goldsmiths-company-gc-128-hallmark-1740","hallmarks/goldsmiths-company-gc-128-hallmark-1740-1"
"/mnt/c/Users/Assay Surface/Desktop/Kirstin Kennedy/KK work/Goldsmiths Company/1740-1741/GC 128 hallmark 1740_41.jpg","Goldsmiths Company","GC 128","hallmark","1740-41","1740","primary","0","goldsmiths-company-gc-128-hallmark-1740","hallmarks/goldsmiths-company-gc-128-hallmark-1740-0"
"/mnt/c/Users/Assay Surface/Desktop/Kirstin Kennedy/KK work/Goldsmiths Company/1744-1745/GC L.3482 date letter 1744-45 dimensions.jpg","Goldsmiths Company","GC L.3482","date letter","1744-45","1744","dimensions","1","goldsmiths-company-gc-l-3482-date-letter-1744","hallmarks/goldsmiths-company-gc-l-3482-date-letter-1744-1"
"/mnt/c/Users/Assay Surface/Desktop/Kirstin Kennedy/KK work/Goldsmiths Company/1744-1745/GC L.3482 date letter 1744-45.jpg","Goldsmiths Company","GC L.3482","date letter","1744-45","1744","primary","0","goldsmiths-company-gc-l-3482-date-letter-1744","hallmarks/goldsmiths-company-gc-l-3482-date-letter-1744-0"
"/mnt/c/Users/Assay Surface/Desktop/Kirstin Kennedy/KK work/Goldsmiths Company/1744-1745/GC L.3482 hallmark 1744-45 dimensions.jpg","Goldsmiths Company","GC L.3482","hallmark","1744-45","1744","dimensions","1","goldsmiths-company-gc-l-3482-hallmark-1744","hallmarks/goldsmiths-company-gc-l-3482-hallmark-1744-1"
"/mnt/c/Users/Assay Surface/Desktop/Kirstin Kennedy/KK work/Goldsmiths Company/1744-1745/GC L.3482 hallmark 1744-45.jpg","Goldsmiths Company","GC L.3482","hallmark","1744-45","1744","primary","0","goldsmiths-company-gc-l-3482-hallmark-1744","hallmarks/goldsmiths-company-gc-l-3482-hallmark-1744-0"
"/mnt/c/Users/Assay Surface/Desktop/Kirstin Kennedy/KK work/Goldsmiths Company/1747-1748/GC 134 date letter 1747-48 dimensions.jpg","Goldsmiths Company","GC 134","date letter","1747-48","1747","dimensions","1","goldsmiths-company-gc-134-date-letter-1747","hallmarks/goldsmiths-company-gc-134-date-letter-1747-1"
"/mnt/c/Users/Assay Surface/Desktop/Kirstin Kennedy/KK work/Goldsmiths Company/1747-1748/GC 134 date letter 1747-48.jpg","Goldsmiths Company","GC 134","date letter","1747-48","1747","primary","0","goldsmiths-company-gc-134-date-letter-1747","hallmarks/goldsmiths-company-gc-134-date-letter-1747-0"
"/mnt/c/Users/Assay Surface/Desktop/Kirstin Kennedy/KK work/Goldsmiths Company/1747-1748/GC 134 hallmark 1747-48 dimensions.jpg","Goldsmiths Company","GC 134","hallmark","1747-48","1747","dimensions","1","goldsmiths-company-gc-134-hallmark-1747","hallmarks/goldsmiths-company-gc-134-hallmark-1747-1"
"/mnt/c/Users/Assay Surface/Desktop/Kirstin Kennedy/KK work/Goldsmiths Company/1747-1748/GC 134 hallmark 1747-48.jpg","Goldsmiths Company","GC 134","hallmark","1747-48","1747","primary","0","goldsmiths-company-gc-134-hallmark-1747","hallmarks/goldsmiths-company-gc-134-hallmark-1747-0"
"/mnt/c/Users/Assay Surface/Desktop/Kirstin Kennedy/KK work/Goldsmiths Company/1747-1748/GC 134 sponsor mark 1747-48 dimensions.jpg","Goldsmiths Company","GC 134","sponsor mark","1747-48","1747","dimensions","0","goldsmiths-company-gc-134-sponsor-mark-1747","hallmarks/goldsmiths-company-gc-134-sponsor-mark-1747-0"
"/mnt/c/Users/Assay Surface/Desktop/Kirstin Kennedy/KK work/Goldsmiths Company/1747-1748/GC 134 sterling mark 1747-48.jpg","Goldsmiths Company","GC 134","sterling mark","1747-48","1747","primary","0","goldsmiths-company-gc-134-sterling-mark-1747","hallmarks/goldsmiths-company-gc-134-sterling-mark-1747-0"
"/mnt/c/Users/Assay Surface/Desktop/Kirstin Kennedy/KK work/Goldsmiths Company/1759-1760/GC 145 date letter 1759-1760.jpg","Goldsmiths Company","GC 145","date letter","1759-1760","1759","primary","0","goldsmiths-company-gc-145-date-letter-1759","hallmarks/goldsmiths-company-gc-145-date-letter-1759-0"
"/mnt/c/Users/Assay Surface/Desktop/Kirstin Kennedy/KK work/Goldsmiths Company/1759-1760/GC 145 hallmark 1759-1760 dimensions.jpg","Goldsmiths Company","GC 145","hallmark","1759-1760","1759","dimensions","1","goldsmiths-company-gc-145-hallmark-1759","hallmarks/goldsmiths-company-gc-145-hallmark-1759-1"
"/mnt/c/Users/Assay Surface/Desktop/Kirstin Kennedy/KK work/Goldsmiths Company/1759-1760/GC 145 hallmark 1759-1760.jpg","Goldsmiths Company","GC 145","hallmark","1759-1760","1759","primary","0","goldsmiths-company-gc-145-hallmark-1759","hallmarks/goldsmiths-company-gc-145-hallmark-1759-0"
"/mnt/c/Users/Assay Surface/Desktop/Kirstin Kennedy/KK work/Goldsmiths Company/1760-1761/GC 146_ date letter 1760-61 dimensions.jpg","Goldsmiths Company","GC 146","date letter","1760-61","1760","dimensions","1","goldsmiths-company-gc-146-date-letter-1760","hallmarks/goldsmiths-company-gc-146-date-letter-1760-1"
"/mnt/c/Users/Assay Surface/Desktop/Kirstin Kennedy/KK work/Goldsmiths Company/1760-1761/GC 146_Hallmark 1760-61 dimensions.jpg","Goldsmiths Company","GC 146","hallmark","1760-61","1760","dimensions","1","goldsmiths-company-gc-146-hallmark-1760","hallmarks/goldsmiths-company-gc-146-hallmark-1760-1"
"/mnt/c/Users/Assay Surface/Desktop/Kirstin Kennedy/KK work/Goldsmiths Company/1760-1761/GC 146_Hallmark 1760-61.jpg","Goldsmiths Company","GC 146","hallmark","1760-61","1760","primary","0","goldsmiths-company-gc-146-hallmark-1760","hallmarks/goldsmiths-company-gc-146-hallmark-1760-0"
"/mnt/c/Users/Assay Surface/Desktop/Kirstin Kennedy/KK work/Goldsmiths Company/1760-1761/GC 146_date letter 1760-61.jpg","Goldsmiths Company","GC 146","date letter","1760-61","1760","primary","0","goldsmiths-company-gc-146-date-letter-1760","hallmarks/goldsmiths-company-gc-146-date-letter-1760-0"
"/mnt/c/Users/Assay Surface/Desktop/Kirstin Kennedy/KK work/Goldsmiths Company/1760-1761/GC 146_sterling mark 1760-61 dimensions.jpg","Goldsmiths Company","GC 146","sterling mark","1760-61","1760","dimensions","1","goldsmiths-company-gc-146-sterling-mark-1760","hallmarks/goldsmiths-company-gc-146-sterling-mark-1760-1"
"/mnt/c/Users/Assay Surface/Desktop/Kirstin Kennedy/KK work/Goldsmiths Company/1760-1761/GC 146_sterling mark 1760-61.jpg","Goldsmiths Company","GC 146","sterling mark","1760-61","1760","primary","0","goldsmiths-company-gc-146-sterling-mark-1760","hallmarks/goldsmiths-company-gc-146-sterling-mark-1760-0"
"/mnt/c/Users/Assay Surface/Desktop/Kirstin Kennedy/KK work/Goldsmiths Company/1762-1763/GC 151 date letter 1762-63 dimensions.jpg","Goldsmiths Company","GC 151","date letter","1762-63","1762","dimensions","1","goldsmiths-company-gc-151-date-letter-1762","hallmarks/goldsmiths-company-gc-151-date-letter-1762-1"
"/mnt/c/Users/Assay Surface/Desktop/Kirstin Kennedy/KK work/Goldsmiths Company/1762-1763/GC 151 date letter 1762-63.jpg","Goldsmiths Company","GC 151","date letter","1762-63","1762","primary","0","goldsmiths-company-gc-151-date-letter-1762","hallmarks/goldsmiths-company-gc-151-date-letter-1762-0"
"/mnt/c/Users/Assay Surface/Desktop/Kirstin Kennedy/KK work/Goldsmiths Company/1762-1763/GC 151 hallmark 1762-63 dimensions.jpg","Goldsmiths Company","GC 151","hallmark","1762-63","1762","dimensions","1","goldsmiths-company-gc-151-hallmark-1762","hallmarks/goldsmiths-company-gc-151-hallmark-1762-1"
"/mnt/c/Users/Assay Surface/Desktop/Kirstin Kennedy/KK work/Goldsmiths Company/1762-1763/GC 151 hallmark 1762-63.jpg","Goldsmiths Company","GC 151","hallmark","1762-63","1762","primary","0","goldsmiths-company-gc-151-hallmark-1762","hallmarks/goldsmiths-company-gc-151-hallmark-1762-0"
"/mnt/c/Users/Assay Surface/Desktop/Kirstin Kennedy/KK work/Goldsmiths Company/1763-1764/GC L.3481_date letter 1763-64.jpg","Goldsmiths Company","GC L.3481","date letter","1763-64","1763","primary","0","goldsmiths-company-gc-l-3481-date-letter-1763","hallmarks/goldsmiths-company-gc-l-3481-date-letter-1763-0"
"/mnt/c/Users/Assay Surface/Desktop/Kirstin Kennedy/KK work/Goldsmiths Company/1763-1764/GC L.3481_date letter 1763-64_dimensions.jpg","Goldsmiths Company","GC L.3481","date letter","1763-64","1763","dimensions","1","goldsmiths-company-gc-l-3481-date-letter-1763","hallmarks/goldsmiths-company-gc-l-3481-date-letter-1763-1"
"/mnt/c/Users/Assay Surface/Desktop/Kirstin Kennedy/KK work/Goldsmiths Company/1763-1764/GC L.3481_hallmark 1763-64.jpg","Goldsmiths Company","GC L.3481","hallmark","1763-64","1763","primary","0","goldsmiths-company-gc-l-3481-hallmark-1763","hallmarks/goldsmiths-company-gc-l-3481-hallmark-1763-0"
"/mnt/c/Users/Assay Surface/Desktop/Kirstin Kennedy/KK work/Goldsmiths Company/1763-1764/GC L.3481_hallmark 1763-64_dimensions.jpg","Goldsmiths Company","GC L.3481","hallmark","1763-64","1763","dimensions","1","goldsmiths-company-gc-l-3481-hallmark-1763","hallmarks/goldsmiths-company-gc-l-3481-hallmark-1763-1"
"/mnt/c/Users/Assay Surface/Desktop/Kirstin Kennedy/KK work/Goldsmiths Company/1763-1764/GC L.3481_sterling mark 1763-64.jpg","Goldsmiths Company","GC L.3481","sterling mark","1763-64","1763","primary","0","goldsmiths-company-gc-l-3481-sterling-mark-1763","hallmarks/goldsmiths-company-gc-l-3481-sterling-mark-1763-0"
"/mnt/c/Users/Assay Surface/Desktop/Kirstin Kennedy/KK work/Goldsmiths Company/1769-1770/GC 153_date letter 1769 with dimensions.jpg","Goldsmiths Company","GC 153","date letter","1769","1769","dimensions","1","goldsmiths-company-gc-153-date-letter-1769","hallmarks/goldsmiths-company-gc-153-date-letter-1769-1"
"/mnt/c/Users/Assay Surface/Desktop/Kirstin Kennedy/KK work/Goldsmiths Company/1769-1770/GC 153_date letter 1769_70.jpg","Goldsmiths Company","GC 153","date letter","1769-70","1769","primary","0","goldsmiths-company-gc-153-date-letter-1769","hallmarks/goldsmiths-company-gc-153-date-letter-1769-0"
"/mnt/c/Users/Assay Surface/Desktop/Kirstin Kennedy/KK work/Goldsmiths Company/1769-1770/GC 153_hallmark 1769_1770 with dimensions.jpg","Goldsmiths Company","GC 153","hallmark","1769-1770","1769","dimensions","2","goldsmiths-company-gc-153-hallmark-1769","hallmarks/goldsmiths-company-gc-153-hallmark-1769-2"
"/mnt/c/Users/Assay Surface/Desktop/Kirstin Kennedy/KK work/Goldsmiths Company/1769-1770/GC 153_hallmark 1769_1770.jpg","Goldsmiths Company","GC 153","hallmark","1769-1770","1769","primary","0","goldsmiths-company-gc-153-hallmark-1769","hallmarks/goldsmiths-company-gc-153-hallmark-1769-0"
"/mnt/c/Users/Assay Surface/Desktop/Kirstin Kennedy/KK work/Goldsmiths Company/1769-1770/GC 153_sterling mark_1769.jpg","Goldsmiths Company","GC 153","sterling mark","1769","1769","primary","0","goldsmiths-company-gc-153-sterling-mark-1769","hallmarks/goldsmiths-company-gc-153-sterling-mark-1769-0"
"/mnt/c/Users/Assay Surface/Desktop/Kirstin Kennedy/KK work/Goldsmiths Company/1771-1772/GC 155 date letter 1771_72 with dimensions.jpg","Goldsmiths Company","GC 155","date letter","1771-72","1771","dimensions","1","goldsmiths-company-gc-155-date-letter-1771","hallmarks/goldsmiths-company-gc-155-date-letter-1771-1"
"/mnt/c/Users/Assay Surface/Desktop/Kirstin Kennedy/KK work/Goldsmiths Company/1771-1772/GC 155 date letter 1771_72.jpg","Goldsmiths Company","GC 155","date letter","1771-72","1771","primary","0","goldsmiths-company-gc-155-date-letter-1771","hallmarks/goldsmiths-company-gc-155-date-letter-1771-0"
"/mnt/c/Users/Assay Surface/Desktop/Kirstin Kennedy/KK work/Goldsmiths Company/1771-1772/GC 155 hallmark 1771_1772.jpg","Goldsmiths Company","GC 155","hallmark","1771-1772","1771","primary","0","goldsmiths-company-gc-155-hallmark-1771","hallmarks/goldsmiths-company-gc-155-hallmark-1771-0"
"/mnt/c/Users/Assay Surface/Desktop/Kirstin Kennedy/KK work/Goldsmiths Company/1771-1772/GC 155 hallmark 1771_72 with dimension.jpg","Goldsmiths Company","GC 155","hallmark","1771-72","1771","dimensions","1","goldsmiths-company-gc-155-hallmark-1771","hallmarks/goldsmiths-company-gc-155-hallmark-1771-1"
"/mnt/c/Users/Assay Surface/Desktop/Kirstin Kennedy/KK work/Goldsmiths Company/1771-1772/GC 155 sterling mark 1771_72.jpg","Goldsmiths Company","GC 155","sterling mark","1771-72","1771","primary","0","goldsmiths-company-gc-155-sterling-mark-1771","hallmarks/goldsmiths-company-gc-155-sterling-mark-1771-0"
"/mnt/c/Users/Assay Surface/Desktop/Kirstin Kennedy/KK work/Goldsmiths Company/1773-1774/GC L.3485 tankard 1773 date letter dimensions.jpg","Goldsmiths Company","GC L.3485 tankard","date letter","1773","1773","dimensions","1","goldsmiths-company-gc-l-3485-tankard-date-letter-1773","hallmarks/goldsmiths-company-gc-l-3485-tankard-date-letter-1773-1"
"/mnt/c/Users/Assay Surface/Desktop/Kirstin Kennedy/KK work/Goldsmiths Company/1773-1774/GC L.3485 tankard 1773 date letter.jpg","Goldsmiths Company","GC L.3485 tankard","date letter","1773","1773","primary","0","goldsmiths-company-gc-l-3485-tankard-date-letter-1773","hallmarks/goldsmiths-company-gc-l-3485-tankard-date-letter-1773-0"
"/mnt/c/Users/Assay Surface/Desktop/Kirstin Kennedy/KK work/Goldsmiths Company/1773-1774/GC L.3485 tankard 1773 hallmark dimensions.jpg","Goldsmiths Company","GC L.3485 tankard","hallmark","1773","1773","dimensions","1","goldsmiths-company-gc-l-3485-tankard-hallmark-1773","hallmarks/goldsmiths-company-gc-l-3485-tankard-hallmark-1773-1"
"/mnt/c/Users/Assay Surface/Desktop/Kirstin Kennedy/KK work/Goldsmiths Company/1773-1774/GC L.3485 tankard 1773 hallmark.jpg","Goldsmiths Company","GC L.3485 tankard","hallmark","1773","1773","primary","0","goldsmiths-company-gc-l-3485-tankard-hallmark-1773","hallmarks/goldsmiths-company-gc-l-3485-tankard-hallmark-1773-0"
"/mnt/c/Users/Assay Surface/Desktop/Kirstin Kennedy/KK work/Goldsmiths Company/1773-1774/GC L.3485 tankard 1773 sterling mark dimensions.jpg","Goldsmiths Company","GC L.3485 tankard","sterling mark","1773","1773","dimensions","1","goldsmiths-company-gc-l-3485-tankard-sterling-mark-1773","hallmarks/goldsmiths-company-gc-l-3485-tankard-sterling-mark-1773-1"
"/mnt/c/Users/Assay Surface/Desktop/Kirstin Kennedy/KK work/Goldsmiths Company/1773-1774/GC L.3485 tankard 1773 sterling mark.jpg","Goldsmiths Company","GC L.3485 tankard","sterling mark","1773","1773","primary","0","goldsmiths-company-gc-l-3485-tankard-sterling-mark-1773","hallmarks/goldsmiths-company-gc-l-3485-tankard-sterling-mark-1773-0"
"/mnt/c/Users/Assay Surface/Desktop/Kirstin Kennedy/KK work/Goldsmiths Company/1784-1785/GC 160 two handled cup 1784 duty drawback mark dimensions.jpg","Goldsmiths Company","GC 160 two handled cup","duty drawback mark","1784","1784","dimensions","1","goldsmiths-company-gc-160-two-handled-cup-duty-drawback-mark-1784","hallmarks/goldsmiths-company-gc-160-two-handled-cup-duty-drawback-mark-1784-1"
"/mnt/c/Users/Assay Surface/Desktop/Kirstin Kennedy/KK work/Goldsmiths Company/1784-1785/GC 160 two handled cup 1784 duty drawback mark.jpg","Goldsmiths Company","GC 160 two handled cup","duty drawback mark","1784","1784","primary","0","goldsmiths-company-gc-160-two-handled-cup-duty-drawback-mark-1784","hallmarks/goldsmiths-company-gc-160-two-handled-cup-duty-drawback-mark-1784-0"
"/mnt/c/Users/Assay Surface/Desktop/Kirstin Kennedy/KK work/Goldsmiths Company/1784-1785/GC 160 two handled cup 1784 duty mark.jpg","Goldsmiths Company","GC 160 two handled cup","duty mark","1784","1784","primary","0","goldsmiths-company-gc-160-two-handled-cup-duty-mark-1784","hallmarks/goldsmiths-company-gc-160-two-handled-cup-duty-mark-1784-0"
"/mnt/c/Users/Assay Surface/Desktop/Kirstin Kennedy/KK work/Goldsmiths Company/1784-1785/GC 160 two handled cup 1784 duty mark_dimensions.jpg","Goldsmiths Company","GC 160 two handled cup","duty mark","1784","1784","dimensions","1","goldsmiths-company-gc-160-two-handled-cup-duty-mark-1784","hallmarks/goldsmiths-company-gc-160-two-handled-cup-duty-mark-1784-1"
"/mnt/c/Users/Assay Surface/Desktop/Kirstin Kennedy/KK work/Goldsmiths Company/1784-1785/GC 160 two handled cup 1784 hallmark dimensions.jpg","Goldsmiths Company","GC 160 two handled cup","hallmark","1784","1784","dimensions","2","goldsmiths-company-gc-160-two-handled-cup-hallmark-1784","hallmarks/goldsmiths-company-gc-160-two-handled-cup-hallmark-1784-2"
"/mnt/c/Users/Assay Surface/Desktop/Kirstin Kennedy/KK work/Goldsmiths Company/1784-1785/GC 160 two handled cup 1784 hallmark impression in bowl.jpg","Goldsmiths Company","GC 160 two handled cup","hallmark","1784","1784","primary","0","goldsmiths-company-gc-160-two-handled-cup-hallmark-1784","hallmarks/goldsmiths-company-gc-160-two-handled-cup-hallmark-1784-0"
"/mnt/c/Users/Assay Surface/Desktop/Kirstin Kennedy/KK work/Goldsmiths Company/1784-1785/GC 160 two handled cup 1784 hallmark.jpg","Goldsmiths Company","GC 160 two handled cup","hallmark","1784","1784","primary","1","goldsmiths-company-gc-160-two-handled-cup-hallmark-1784","hallmarks/goldsmiths-company-gc-160-two-handled-cup-hallmark-1784-1"
"/mnt/c/Users/Assay Surface/Desktop/Kirstin Kennedy/KK work/Goldsmiths Company/1785-1786/GC 161 tankard 1785 hallmark dimensions.jpg","Goldsmiths Company","GC 161 tankard","hallmark","1785","1785","dimensions","1","goldsmiths-company-gc-161-tankard-hallmark-1785","hallmarks/goldsmiths-company-gc-161-tankard-hallmark-1785-1"
"/mnt/c/Users/Assay Surface/Desktop/Kirstin Kennedy/KK work/Goldsmiths Company/1785-1786/GC 161 tankard 1785 hallmark.jpg","Goldsmiths Company","GC 161 tankard","hallmark","1785","1785","primary","0","goldsmiths-company-gc-161-tankard-hallmark-1785","hallmarks/goldsmiths-company-gc-161-tankard-hallmark-1785-0"
"/mnt/c/Users/Assay Surface/Desktop/Kirstin Kennedy/KK work/Goldsmiths Company/1785-1786/GC no 163 Britannia dimensions.jpg","Goldsmiths Company","GC no 163","britannia mark","1785-1786","1785","dimensions","1","goldsmiths-company-gc-no-163-britannia-mark-1785","hallmarks/goldsmiths-company-gc-no-163-britannia-mark-1785-1"
"/mnt/c/Users/Assay Surface/Desktop/Kirstin Kennedy/KK work/Goldsmiths Company/1785-1786/GC no 163 Britannia.jpg","Goldsmiths Company","GC no 163","britannia mark","1785-1786","1785","primary","0","goldsmiths-company-gc-no-163-britannia-mark-1785","hallmarks/goldsmiths-company-gc-no-163-britannia-mark-1785-0"
"/mnt/c/Users/Assay Surface/Desktop/Kirstin Kennedy/KK work/Goldsmiths Company/1785-1786/GC no 163 date letter 1785.jpg","Goldsmiths Company","GC no 163","date letter","1785","1785","primary","0","goldsmiths-company-gc-no-163-date-letter-1785","hallmarks/goldsmiths-company-gc-no-163-date-letter-1785-0"
"/mnt/c/Users/Assay Surface/Desktop/Kirstin Kennedy/KK work/Goldsmiths Company/1785-1786/GC no 163 date letter 1785_dimensions.jpg","Goldsmiths Company","GC no 163","date letter","1785","1785","dimensions","1","goldsmiths-company-gc-no-163-date-letter-1785","hallmarks/goldsmiths-company-gc-no-163-date-letter-1785-1"
"/mnt/c/Users/Assay Surface/Desktop/Kirstin Kennedy/KK work/Goldsmiths Company/1785-1786/GC no 163 hallmark 1785 dimensions.jpg","Goldsmiths Company","GC no 163","hallmark","1785","1785","dimensions","0","goldsmiths-company-gc-no-163-hallmark-1785","hallmarks/goldsmiths-company-gc-no-163-hallmark-1785-0"
"/mnt/c/Users/Assay Surface/Desktop/Kirstin Kennedy/KK work/Goldsmiths Company/1785-1786/GC no 163 salver 1785 sterling mark dimensions.jpg","Goldsmiths Company","GC no 163 salver","sterling mark","1785","1785","dimensions","0","goldsmiths-company-gc-no-163-salver-sterling-mark-1785","hallmarks/goldsmiths-company-gc-no-163-salver-sterling-mark-1785-0"
"/mnt/c/Users/Assay Surface/Desktop/Kirstin Kennedy/KK work/Goldsmiths Company/1785-1786/GC no 163 sterling mark 1785.jpg","Goldsmiths Company","GC no 163","sterling mark","1785","1785","primary","0","goldsmiths-company-gc-no-163-sterling-mark-1785","hallmarks/goldsmiths-company-gc-no-163-sterling-mark-1785-0"
"/mnt/c/Users/Assay Surface/Desktop/Kirstin Kennedy/KK work/Goldsmiths Company/1785-1786/Gc no 163 duty mark 1785 dimensions.jpg","Goldsmiths Company","Gc no 163","duty mark","1785","1785","dimensions","0","goldsmiths-company-gc-no-163-duty-mark-1785","hallmarks/goldsmiths-company-gc-no-163-duty-mark-1785-0"
"/mnt/c/Users/Assay Surface/Desktop/Kirstin Kennedy/KK work/Goldsmiths Company/1789-1790/GC 166_date letter 1789_90_dimensions.jpg","Goldsmiths Company","GC 166","date letter","1789-90","1789","dimensions","1","goldsmiths-company-gc-166-date-letter-1789","hallmarks/goldsmiths-company-gc-166-date-letter-1789-1"
"/mnt/c/Users/Assay Surface/Desktop/Kirstin Kennedy/KK work/Goldsmiths Company/1789-1790/GC 166_date letter_1789_90.jpg","Goldsmiths Company","GC 166","date letter","1789-90","1789","primary","0","goldsmiths-company-gc-166-date-letter-1789","hallmarks/goldsmiths-company-gc-166-date-letter-1789-0"
"/mnt/c/Users/Assay Surface/Desktop/Kirstin Kennedy/KK work/Goldsmiths Company/1789-1790/GC 166_duty mark 1789_90.jpg","Goldsmiths Company","GC 166","duty mark","1789-90","1789","primary","0","goldsmiths-company-gc-166-duty-mark-1789","hallmarks/goldsmiths-company-gc-166-duty-mark-1789-0"
"/mnt/c/Users/Assay Surface/Desktop/Kirstin Kennedy/KK work/Goldsmiths Company/1789-1790/GC 166_hallmark 1789_1790 dimensions.jpg","Goldsmiths Company","GC 166","hallmark","1789-1790","1789","dimensions","1","goldsmiths-company-gc-166-hallmark-1789","hallmarks/goldsmiths-company-gc-166-hallmark-1789-1"
"/mnt/c/Users/Assay Surface/Desktop/Kirstin Kennedy/KK work/Goldsmiths Company/1789-1790/GC 166_hallmark 1789_1790.jpg","Goldsmiths Company","GC 166","hallmark","1789-1790","1789","primary","0","goldsmiths-company-gc-166-hallmark-1789","hallmarks/goldsmiths-company-gc-166-hallmark-1789-0"
"/mnt/c/Users/Assay Surface/Desktop/Kirstin Kennedy/KK work/Goldsmiths Company/1789-1790/GC 166_sterling mark 1789_1790.jpg","Goldsmiths Company","GC 166","sterling mark","1789-1790","1789","primary","0","goldsmiths-company-gc-166-sterling-mark-1789","hallmarks/goldsmiths-company-gc-166-sterling-mark-1789-0"
"/mnt/c/Users/Assay Surface/Desktop/Kirstin Kennedy/KK work/Goldsmiths Company/1790-1791/GC 168 date letter 1790_91 dimensions.jpg","Goldsmiths Company","GC 168","date letter","1790-91","1790","dimensions","1","goldsmiths-company-gc-168-date-letter-1790","hallmarks/goldsmiths-company-gc-168-date-letter-1790-1"
"/mnt/c/Users/Assay Surface/Desktop/Kirstin Kennedy/KK work/Goldsmiths Company/1790-1791/GC 168 date letter 1790_91.jpg","Goldsmiths Company","GC 168","date letter","1790-91","1790","primary","0","goldsmiths-company-gc-168-date-letter-1790","hallmarks/goldsmiths-company-gc-168-date-letter-1790-0"
"/mnt/c/Users/Assay Surface/Desktop/Kirstin Kennedy/KK work/Goldsmiths Company/1790-1791/GC 168 duty mark 1790_91.jpg","Goldsmiths Company","GC 168","duty mark","1790-91","1790","primary","0","goldsmiths-company-gc-168-duty-mark-1790","hallmarks/goldsmiths-company-gc-168-duty-mark-1790-0"
"/mnt/c/Users/Assay Surface/Desktop/Kirstin Kennedy/KK work/Goldsmiths Company/1790-1791/GC 168 hallmark 1790_91 dimensions.jpg","Goldsmiths Company","GC 168","hallmark","1790-91","1790","dimensions","1","goldsmiths-company-gc-168-hallmark-1790","hallmarks/goldsmiths-company-gc-168-hallmark-1790-1"
"/mnt/c/Users/Assay Surface/Desktop/Kirstin Kennedy/KK work/Goldsmiths Company/1790-1791/GC 168 hallmark 1790_91.jpg","Goldsmiths Company","GC 168","hallmark","1790-91","1790","primary","0","goldsmiths-company-gc-168-hallmark-1790","hallmarks/goldsmiths-company-gc-168-hallmark-1790-0"
"/mnt/c/Users/Assay Surface/Desktop/Kirstin Kennedy/KK work/Goldsmiths Company/1790-1791/GC 168 sterling mark 1790_91.jpg","Goldsmiths Company","GC 168","sterling mark","1790-91","1790","primary","0","goldsmiths-company-gc-168-sterling-mark-1790","hallmarks/goldsmiths-company-gc-168-sterling-mark-1790-0"
"/mnt/c/Users/Assay Surface/Desktop/Kirstin Kennedy/KK work/Goldsmiths Company/1810-1811/GC 178 date letter 1810-11 dimensions.jpg","Goldsmiths Company","GC 178","date letter","1810-11","1810","dimensions","0","goldsmiths-company-gc-178-date-letter-1810","hallmarks/goldsmiths-company-gc-178-date-letter-1810-0"
"/mnt/c/Users/Assay Surface/Desktop/Kirstin Kennedy/KK work/Goldsmiths Company/1810-1811/GC 178 hallmark 1810-11 dimensions.jpg","Goldsmiths Company","GC 178","hallmark","1810-11","1810","dimensions","1","goldsmiths-company-gc-178-hallmark-1810","hallmarks/goldsmiths-company-gc-178-hallmark-1810-1"
"/mnt/c/Users/Assay Surface/Desktop/Kirstin Kennedy/KK work/Goldsmiths Company/1810-1811/GC 178 hallmark 1810-11.jpg","Goldsmiths Company","GC 178","hallmark","1810-11","1810","primary","0","goldsmiths-company-gc-178-hallmark-1810","hallmarks/goldsmiths-company-gc-178-hallmark-1810-0"
"/mnt/c/Users/Assay Surface/Desktop/Kirstin Kennedy/KK work/Goldsmiths Company/1810-1811/GC 178 sterling mark 1810-1811.jpg","Goldsmiths Company","GC 178","sterling mark","1810-1811","1810","primary","0","goldsmiths-company-gc-178-sterling-mark-1810","hallmarks/goldsmiths-company-gc-178-sterling-mark-1810-0"
"/mnt/c/Users/Assay Surface/Desktop/Kirstin Kennedy/KK work/Goldsmiths Company/1815-1816/GC 183 candlestick_duty mark 1815-16_dimensions.jpg","Goldsmiths Company","GC 183 candlestick","duty mark","1815-16","1815","dimensions","1","goldsmiths-company-gc-183-candlestick-duty-mark-1815","hallmarks/goldsmiths-company-gc-183-candlestick-duty-mark-1815-1"
"/mnt/c/Users/Assay Surface/Desktop/Kirstin Kennedy/KK work/Goldsmiths Company/1815-1816/GC 183_candlestick_duty mark 1815-16.jpg","Goldsmiths Company","GC 183 candlestick","duty mark","1815-16","1815","primary","0","goldsmiths-company-gc-183-candlestick-duty-mark-1815","hallmarks/goldsmiths-company-gc-183-candlestick-duty-mark-1815-0"
"/mnt/c/Users/Assay Surface/Desktop/Kirstin Kennedy/KK work/Goldsmiths Company/1815-1816/GC 183_date letter_1815-16_dimensions.jpg","Goldsmiths Company","GC 183","date letter","1815-16","1815","dimensions","0","goldsmiths-company-gc-183-date-letter-1815","hallmarks/goldsmiths-company-gc-183-date-letter-1815-0"
"/mnt/c/Users/Assay Surface/Desktop/Kirstin Kennedy/KK work/Goldsmiths Company/1815-1816/GC 183_hallmark 1815-1816.jpg","Goldsmiths Company","GC 183","hallmark","1815-1816","1815","primary","0","goldsmiths-company-gc-183-hallmark-1815","hallmarks/goldsmiths-company-gc-183-hallmark-1815-0"
"/mnt/c/Users/Assay Surface/Desktop/Kirstin Kennedy/KK work/Goldsmiths Company/1815-1816/GC 183_hallmark 1815-1816_dimensions.jpg","Goldsmiths Company","GC 183","hallmark","1815-1816","1815","dimensions","1","goldsmiths-company-gc-183-hallmark-1815","hallmarks/goldsmiths-company-gc-183-hallmark-1815-1"
"/mnt/c/Users/Assay Surface/Desktop/Kirstin Kennedy/KK work/Goldsmiths Company/1815-1816/GC 183_sterling mark 1815-1816.jpg","Goldsmiths Company","GC 183","sterling mark","1815-1816","1815","primary","0","goldsmiths-company-gc-183-sterling-mark-1815","hallmarks/goldsmiths-company-gc-183-sterling-mark-1815-0"
"/mnt/c/Users/Assay Surface/Desktop/Kirstin Kennedy/KK work/Goldsmiths Company/1817-1818/GC 186_date letter 1817-18.jpg","Goldsmiths Company","GC 186","date letter","1817-18","1817","primary","0","goldsmiths-company-gc-186-date-letter-1817","hallmarks/goldsmiths-company-gc-186-date-letter-1817-0"
"/mnt/c/Users/Assay Surface/Desktop/Kirstin Kennedy/KK work/Goldsmiths Company/1817-1818/GC 186_date letter 1817-18_dimensions.jpg","Goldsmiths Company","GC 186","date letter","1817-18","1817","dimensions","1","goldsmiths-company-gc-186-date-letter-1817","hallmarks/goldsmiths-company-gc-186-date-letter-1817-1"
"/mnt/c/Users/Assay Surface/Desktop/Kirstin Kennedy/KK work/Goldsmiths Company/1818-1819/GC 187_date letter 1818-19.jpg","Goldsmiths Company","GC 187","date letter","1818-19","1818","primary","0","goldsmiths-company-gc-187-date-letter-1818","hallmarks/goldsmiths-company-gc-187-date-letter-1818-0"
"/mnt/c/Users/Assay Surface/Desktop/Kirstin Kennedy/KK work/Goldsmiths Company/1818-1819/GC 187_date letter 1818-19_dimensions.jpg","Goldsmiths Company","GC 187","date letter","1818-19","1818","dimensions","1","goldsmiths-company-gc-187-date-letter-1818","hallmarks/goldsmiths-company-gc-187-date-letter-1818-1"
"/mnt/c/Users/Assay Surface/Desktop/Kirstin Kennedy/KK work/Goldsmiths Company/1818-1819/GC 187_hallmark 1818-19.jpg","Goldsmiths Company","GC 187","hallmark","1818-19","1818","primary","0","goldsmiths-company-gc-187-hallmark-1818","hallmarks/goldsmiths-company-gc-187-hallmark-1818-0"
"/mnt/c/Users/Assay Surface/Desktop/Kirstin Kennedy/KK work/Goldsmiths Company/1818-1819/GC 187_hallmark 1818-19_dimensions.jpg","Goldsmiths Company","GC 187","hallmark","1818-19","1818","dimensions","1","goldsmiths-company-gc-187-hallmark-1818","hallmarks/goldsmiths-company-gc-187-hallmark-1818-1"
"/mnt/c/Users/Assay Surface/Desktop/Kirstin Kennedy/KK work/Goldsmiths Company/1880-1881/GC 227 date letter 1880-81 dimensions.jpg","Goldsmiths Company","GC 227","date letter","1880-81","1880","dimensions","1","goldsmiths-company-gc-227-date-letter-1880","hallmarks/goldsmiths-company-gc-227-date-letter-1880-1"
"/mnt/c/Users/Assay Surface/Desktop/Kirstin Kennedy/KK work/Goldsmiths Company/1880-1881/GC 227 date letter 1880-81.jpg","Goldsmiths Company","GC 227","date letter","1880-81","1880","primary","0","goldsmiths-company-gc-227-date-letter-1880","hallmarks/goldsmiths-company-gc-227-date-letter-1880-0"
"/mnt/c/Users/Assay Surface/Desktop/Kirstin Kennedy/KK work/Goldsmiths Company/1880-1881/GC 227 sponsor mark 1880-81.jpg","Goldsmiths Company","GC 227","sponsor mark","1880-81","1880","primary","0","goldsmiths-company-gc-227-sponsor-mark-1880","hallmarks/goldsmiths-company-gc-227-sponsor-mark-1880-0"
"/mnt/c/Users/Assay Surface/Desktop/Kirstin Kennedy/KK work/Goldsmiths Company/1880-1881/GC 227_hallmark 1880-81.jpg","Goldsmiths Company","GC 227","hallmark","1880-81","1880","primary","0","goldsmiths-company-gc-227-hallmark-1880","hallmarks/goldsmiths-company-gc-227-hallmark-1880-0"
"/mnt/c/Users/Assay Surface/Desktop/Kirstin Kennedy/KK work/Goldsmiths Company/1880-1881/GC 227_hallmark 1880-81_dimensions.jpg","Goldsmiths Company","GC 227","hallmark","1880-81","1880","dimensions","1","goldsmiths-company-gc-227-hallmark-1880","hallmarks/goldsmiths-company-gc-227-hallmark-1880-1"
"/mnt/c/Users/Assay Surface/Desktop/Kirstin Kennedy/KK work/Goldsmiths Company/1883-1884/GC 3762 date letter 1883-84 dimensions.jpg","Goldsmiths Company","GC 3762","date letter","1883-84","1883","dimensions","0","goldsmiths-company-gc-3762-date-letter-1883","hallmarks/goldsmiths-company-gc-3762-date-letter-1883-0"
"/mnt/c/Users/Assay Surface/Desktop/Kirstin Kennedy/KK work/Goldsmiths Company/1883-1884/GC 3762 date letter and duty mark 1883-84.jpg","Goldsmiths Company","GC 3762","date letter and duty mark","1883-84","1883","primary","0","goldsmiths-company-gc-3762-date-letter-and-duty-mark-1883","hallmarks/goldsmiths-company-gc-3762-date-letter-and-duty-mark-1883-0"
"/mnt/c/Users/Assay Surface/Desktop/Kirstin Kennedy/KK work/Goldsmiths Company/1883-1884/GC 3762 hallmark 1883-84.jpg","Goldsmiths Company","GC 3762","hallmark","1883-84","1883","primary","0","goldsmiths-company-gc-3762-hallmark-1883","hallmarks/goldsmiths-company-gc-3762-hallmark-1883-0"
"/mnt/c/Users/Assay Surface/Desktop/Kirstin Kennedy/KK work/Goldsmiths Company/1883-1884/GC 3762_hallmark 1883-84_dimensions.jpg","Goldsmiths Company","GC 3762","hallmark","1883-84","1883","dimensions","1","goldsmiths-company-gc-3762-hallmark-1883","hallmarks/goldsmiths-company-gc-3762-hallmark-1883-1"
"/mnt/c/Users/Assay Surface/Desktop/Kirstin Kennedy/KK work/Goldsmiths Company/1897-1898/GC 239 date letter 1897-98 dimensions.jpg","Goldsmiths Company","GC 239","date letter","1897-98","1897","dimensions","1","goldsmiths-company-gc-239-date-letter-1897","hallmarks/goldsmiths-company-gc-239-date-letter-1897-1"
"/mnt/c/Users/Assay Surface/Desktop/Kirstin Kennedy/KK work/Goldsmiths Company/1897-1898/GC 239 date letter 1897-98.jpg","Goldsmiths Company","GC 239","date letter","1897-98","1897","primary","0","goldsmiths-company-gc-239-date-letter-1897","hallmarks/goldsmiths-company-gc-239-date-letter-1897-0"
"/mnt/c/Users/Assay Surface/Desktop/Kirstin Kennedy/KK work/Goldsmiths Company/1897-1898/GC 239 hallmark 1897-98 dimensions.jpg","Goldsmiths Company","GC 239","hallmark","1897-98","1897","dimensions","1","goldsmiths-company-gc-239-hallmark-1897","hallmarks/goldsmiths-company-gc-239-hallmark-1897-1"
"/mnt/c/Users/Assay Surface/Desktop/Kirstin Kennedy/KK work/Goldsmiths Company/1897-1898/GC 239 hallmark 1897-98.jpg","Goldsmiths Company","GC 239","hallmark","1897-98","1897","primary","0","goldsmiths-company-gc-239-hallmark-1897","hallmarks/goldsmiths-company-gc-239-hallmark-1897-0"
"/mnt/c/Users/Assay Surface/Desktop/Kirstin Kennedy/Merchant-Taylors' Company plate marks/Brett Cup_hallmark 1680-81.jpg","Merchant-Taylors' Company plate marks","Brett Cup","hallmark","1680-81","1680","primary","0","merchant-taylors-company-plate-marks-brett-cup-hallmark-1680","hallmarks/merchant-taylors-company-plate-marks-brett-cup-hallmark-1680-0"
"/mnt/c/Users/Assay Surface/Desktop/Kirstin Kennedy/Merchant-Taylors' Company plate marks/Candlestick_apparently no maker mark_hallmark 1686-86.jpg","Merchant-Taylors' Company plate marks","Candlestick apparently no maker mark","hallmark","1686-86","1686","primary","0","merchant-taylors-company-plate-marks-candlestick-apparently-no-maker-mark-hallmark-1686","hallmarks/merchant-taylors-company-plate-marks-candlestick-apparently-no-maker-mark-hallmark-1686-0"
"/mnt/c/Users/Assay Surface/Desktop/Kirstin Kennedy/Merchant-Taylors' Company plate marks/Candlestick_apparently no maker mark_hallmark 1686-86_dimensions.jpg","Merchant-Taylors' Company plate marks","Candlestick apparently no maker mark","hallmark","1686-86","1686","dimensions","1","merchant-taylors-company-plate-marks-candlestick-apparently-no-maker-mark-hallmark-1686","hallmarks/merchant-taylors-company-plate-marks-candlestick-apparently-no-maker-mark-hallmark-1686-1"
"/mnt/c/Users/Assay Surface/Desktop/Kirstin Kennedy/Merchant-Taylors' Company plate marks/Lumley flagon_body_date letter 1632-33.jpg","Merchant-Taylors' Company plate marks","Lumley flagon body","date letter","1632-33","1632","primary","0","merchant-taylors-company-plate-marks-lumley-flagon-body-date-letter-1632","hallmarks/merchant-taylors-company-plate-marks-lumley-flagon-body-date-letter-1632-0"
"/mnt/c/Users/Assay Surface/Desktop/Kirstin Kennedy/Merchant-Taylors' Company plate marks/Lumley flagon_body_date letter 1632-33_dimensions.jpg","Merchant-Taylors' Company plate marks","Lumley flagon body","date letter","1632-33","1632","dimensions","1","merchant-taylors-company-plate-marks-lumley-flagon-body-date-letter-1632","hallmarks/merchant-taylors-company-plate-marks-lumley-flagon-body-date-letter-1632-1"
"/mnt/c/Users/Assay Surface/Desktop/Kirstin Kennedy/Merchant-Taylors' Company plate marks/Lumley flagon_lid_date letter 1632-33.jpg","Merchant-Taylors' Company plate marks","Lumley flagon lid","date letter","1632-33","1632","primary","0","merchant-taylors-company-plate-marks-lumley-flagon-lid-date-letter-1632","hallmarks/merchant-taylors-company-plate-marks-lumley-flagon-lid-date-letter-1632-0"
"/mnt/c/Users/Assay Surface/Desktop/Kirstin Kennedy/Merchant-Taylors' Company plate marks/Lumley flagon_lid_date letter 1632-33_dimensions.jpg","Merchant-Taylors' Company plate marks","Lumley flagon lid","date letter","1632-33","1632","dimensions","1","merchant-taylors-company-plate-marks-lumley-flagon-lid-date-letter-1632","hallmarks/merchant-taylors-company-plate-marks-lumley-flagon-lid-date-letter-1632-1"
"/mnt/c/Users/Assay Surface/Desktop/Kirstin Kennedy/Merchant-Taylors' Company plate marks/Lumley flagon_lid_sterling mark 1632-33.jpg","Merchant-Taylors' Company plate marks","Lumley flagon lid","sterling mark","1632-33","1632","primary","0","merchant-taylors-company-plate-marks-lumley-flagon-lid-sterling-mark-1632","hallmarks/merchant-taylors-company-plate-marks-lumley-flagon-lid-sterling-mark-1632-0"
"/mnt/c/Users/Assay Surface/Desktop/Kirstin Kennedy/Merchant-Taylors' Company plate marks/Oxford goblet_date letter_1632-33.jpg","Merchant-Taylors' Company plate marks","Oxford goblet","date letter","1632-33","1632","primary","0","merchant-taylors-company-plate-marks-oxford-goblet-date-letter-1632","hallmarks/merchant-taylors-company-plate-marks-oxford-goblet-date-letter-1632-0"
"/mnt/c/Users/Assay Surface/Desktop/Kirstin Kennedy/Merchant-Taylors' Company plate marks/Oxford goblet_date letter_1632-33_dimensions.jpg","Merchant-Taylors' Company plate marks","Oxford goblet","date letter","1632-33","1632","dimensions","1","merchant-taylors-company-plate-marks-oxford-goblet-date-letter-1632","hallmarks/merchant-taylors-company-plate-marks-oxford-goblet-date-letter-1632-1"
"/mnt/c/Users/Assay Surface/Desktop/Kirstin Kennedy/Merchant-Taylors' Company plate marks/Oxford goblet_hallmark_1632-33.jpg","Merchant-Taylors' Company plate marks","Oxford goblet","hallmark","1632-33","1632","primary","0","merchant-taylors-company-plate-marks-oxford-goblet-hallmark-1632","hallmarks/merchant-taylors-company-plate-marks-oxford-goblet-hallmark-1632-0"
"/mnt/c/Users/Assay Surface/Desktop/Kirstin Kennedy/Merchant-Taylors' Company plate marks/Oxford goblet_hallmark_1632-33_dimensions.jpg","Merchant-Taylors' Company plate marks","Oxford goblet","hallmark","1632-33","1632","dimensions","1","merchant-taylors-company-plate-marks-oxford-goblet-hallmark-1632","hallmarks/merchant-taylors-company-plate-marks-oxford-goblet-hallmark-1632-1"
"/mnt/c/Users/Assay Surface/Desktop/Kirstin Kennedy/Merchant-Taylors' Company plate marks/Oxford goblet_sterling mark on bowl_1632-33.jpg","Merchant-Taylors' Company plate marks","Oxford goblet","sterling mark","1632-33","1632","primary","0","merchant-taylors-company-plate-marks-oxford-goblet-sterling-mark-1632","hallmarks/merchant-taylors-company-plate-marks-oxford-goblet-sterling-mark-1632-0"
"/mnt/c/Users/Assay Surface/Desktop/Kirstin Kennedy/Merchant-Taylors' Company plate marks/Oxford goblet_sterling mark under foot_1632-33.jpg","Merchant-Taylors' Company plate marks","Oxford goblet","sterling mark","1632-33","1632","primary","1","merchant-taylors-company-plate-marks-oxford-goblet-sterling-mark-1632","hallmarks/merchant-taylors-company-plate-marks-oxford-goblet-sterling-mark-1632-1"
"/mnt/c/Users/Assay Surface/Desktop/Kirstin Kennedy/Merchant-Taylors' Company plate marks/Pitt Club basin_date letter 1843-44.jpg","Merchant-Taylors' Company plate marks","Pitt Club basin","date letter","1843-44","1843","primary","0","merchant-taylors-company-plate-marks-pitt-club-basin-date-letter-1843","hallmarks/merchant-taylors-company-plate-marks-pitt-club-basin-date-letter-1843-0"
"/mnt/c/Users/Assay Surface/Desktop/Kirstin Kennedy/Merchant-Taylors' Company plate marks/Pitt Club basin_date letter 1843-44_dimensions.jpg","Merchant-Taylors' Company plate marks","Pitt Club basin","date letter","1843-44","1843","dimensions","1","merchant-taylors-company-plate-marks-pitt-club-basin-date-letter-1843","hallmarks/merchant-taylors-company-plate-marks-pitt-club-basin-date-letter-1843-1"
"/mnt/c/Users/Assay Surface/Desktop/Kirstin Kennedy/Merchant-Taylors' Company plate marks/Pitt Club basin_duty mark 1843-44.jpg","Merchant-Taylors' Company plate marks","Pitt Club basin","duty mark","1843-44","1843","primary","0","merchant-taylors-company-plate-marks-pitt-club-basin-duty-mark-1843","hallmarks/merchant-taylors-company-plate-marks-pitt-club-basin-duty-mark-1843-0"
"/mnt/c/Users/Assay Surface/Desktop/Kirstin Kennedy/Merchant-Taylors' Company plate marks/Pitt Club basin_duty mark 1843-44_dimensions.jpg","Merchant-Taylors' Company plate marks","Pitt Club basin","duty mark","1843-44","1843","dimensions","1","merchant-taylors-company-plate-marks-pitt-club-basin-duty-mark-1843","hallmarks/merchant-taylors-company-plate-marks-pitt-club-basin-duty-mark-1843-1"
"/mnt/c/Users/Assay Surface/Desktop/Kirstin Kennedy/Merchant-Taylors' Company plate marks/Pitt Club basin_hallmark 1843-44.jpg","Merchant-Taylors' Company plate marks","Pitt Club basin","hallmark","1843-44","1843","primary","0","merchant-taylors-company-plate-marks-pitt-club-basin-hallmark-1843","hallmarks/merchant-taylors-company-plate-marks-pitt-club-basin-hallmark-1843-0"
"/mnt/c/Users/Assay Surface/Desktop/Kirstin Kennedy/Merchant-Taylors' Company plate marks/Pitt Club basin_hallmark 1843-44_dimensions.jpg","Merchant-Taylors' Company plate marks","Pitt Club basin","hallmark","1843-44","1843","dimensions","1","merchant-taylors-company-plate-marks-pitt-club-basin-hallmark-1843","hallmarks/merchant-taylors-company-plate-marks-pitt-club-basin-hallmark-1843-1"
"/mnt/c/Users/Assay Surface/Desktop/Kirstin Kennedy/Merchant-Taylors' Company plate marks/Pitt Club basin_sterling mark 1843-44.jpg","Merchant-Taylors' Company plate marks","Pitt Club basin","sterling mark","1843-44","1843","primary","0","merchant-taylors-company-plate-marks-pitt-club-basin-sterling-mark-1843","hallmarks/merchant-taylors-company-plate-marks-pitt-club-basin-sterling-mark-1843-0"
"/mnt/c/Users/Assay Surface/Desktop/Kirstin Kennedy/Merchant-Taylors' Company plate marks/Richie tankard date letter 1684-85.jpg","Merchant-Taylors' Company plate marks","Richie tankard","date letter","1684-85","1684","primary","0","merchant-taylors-company-plate-marks-richie-tankard-date-letter-1684","hallmarks/merchant-taylors-company-plate-marks-richie-tankard-date-letter-1684-0"
"/mnt/c/Users/Assay Surface/Desktop/Kirstin Kennedy/Merchant-Taylors' Company plate marks/Richie tankard date letter 1684-85_dimensions.jpg","Merchant-Taylors' Company plate marks","Richie tankard","date letter","1684-85","1684","dimensions","1","merchant-taylors-company-plate-marks-richie-tankard-date-letter-1684","hallmarks/merchant-taylors-company-plate-marks-richie-tankard-date-letter-1684-1"
"/mnt/c/Users/Assay Surface/Desktop/Kirstin Kennedy/Merchant-Taylors' Company plate marks/Richie tankard hallmark 1684-85_dimensions.jpg","Merchant-Taylors' Company plate marks","Richie tankard","hallmark","1684-85","1684","dimensions","0","merchant-taylors-company-plate-marks-richie-tankard-hallmark-1684","hallmarks/merchant-taylors-company-plate-marks-richie-tankard-hallmark-1684-0"
"/mnt/c/Users/Assay Surface/Desktop/Kirstin Kennedy/Merchant-Taylors' Company plate marks/Richie tankard hallmark 1684-85_image 1.jpg","Merchant-Taylors' Company plate marks","Richie tankard","hallmark","1684-85","1684","primary","1","merchant-taylors-company-plate-marks-richie-tankard-hallmark-1684","hallmarks/merchant-taylors-company-plate-marks-richie-tankard-hallmark-1684-1"
"/mnt/c/Users/Assay Surface/Desktop/Kirstin Kennedy/Merchant-Taylors' Company plate marks/Richie tankard hallmark 1684-85_image 2.jpg","Merchant-Taylors' Company plate marks","Richie tankard","hallmark","1684-85","1684","primary","2","merchant-taylors-company-plate-marks-richie-tankard-hallmark-1684","hallmarks/merchant-taylors-company-plate-marks-richie-tankard-hallmark-1684-2"
"/mnt/c/Users/Assay Surface/Desktop/Kirstin Kennedy/Merchant-Taylors' Company plate marks/Richie tankard sterling mark 1684-85.jpg","Merchant-Taylors' Company plate marks","Richie tankard","sterling mark","1684-85","1684","primary","0","merchant-taylors-company-plate-marks-richie-tankard-sterling-mark-1684","hallmarks/merchant-taylors-company-plate-marks-richie-tankard-sterling-mark-1684-0"
"/mnt/c/Users/Assay Surface/Desktop/Kirstin Kennedy/Merchant-Taylors' Company plate marks/Roberts Candelabrum_date letter_1795-6.jpg","Merchant-Taylors' Company plate marks","Roberts Candelabrum","date letter","1795-6","1795","primary","0","merchant-taylors-company-plate-marks-roberts-candelabrum-date-letter-1795","hallmarks/merchant-taylors-company-plate-marks-roberts-candelabrum-date-letter-1795-0"
"/mnt/c/Users/Assay Surface/Desktop/Kirstin Kennedy/Merchant-Taylors' Company plate marks/Roberts Candelabrum_date letter_1795-6_dimensions.jpg","Merchant-Taylors' Company plate marks","Roberts Candelabrum","date letter","1795-6","1795","dimensions","2","merchant-taylors-company-plate-marks-roberts-candelabrum-date-letter-1795","hallmarks/merchant-taylors-company-plate-marks-roberts-candelabrum-date-letter-1795-2"
"/mnt/c/Users/Assay Surface/Desktop/Kirstin Kennedy/Merchant-Taylors' Company plate marks/Roberts Candelabrum_date letter_nozzle 3_1795-6.jpg","Merchant-Taylors' Company plate marks","Roberts Candelabrum","date letter","1795-6","1795","primary","1","merchant-taylors-company-plate-marks-roberts-candelabrum-date-letter-1795","hallmarks/merchant-taylors-company-plate-marks-roberts-candelabrum-date-letter-1795-1"
"/mnt/c/Users/Assay Surface/Desktop/Kirstin Kennedy/Merchant-Taylors' Company plate marks/Roberts Candelabrum_date letter_nozzle 3_1795-6_dimensions.jpg","Merchant-Taylors' Company plate marks","Roberts Candelabrum","date letter","1795-6","1795","dimensions","3","merchant-taylors-company-plate-marks-roberts-candelabrum-date-letter-1795","hallmarks/merchant-taylors-company-plate-marks-roberts-candelabrum-date-letter-1795-3"
"/mnt/c/Users/Assay Surface/Desktop/Kirstin Kennedy/Merchant-Taylors' Company plate marks/Roberts Candelabrum_duty and sterling marks_nozzle 3_1795-6.jpg","Merchant-Taylors' Company plate marks","Roberts Candelabrum","duty and sterling marks","1795-6","1795","primary","0","merchant-taylors-company-plate-marks-roberts-candelabrum-duty-and-sterling-marks-1795","hallmarks/merchant-taylors-company-plate-marks-roberts-candelabrum-duty-and-sterling-marks-1795-0"
"/mnt/c/Users/Assay Surface/Desktop/Kirstin Kennedy/Merchant-Taylors' Company plate marks/Roberts Candelabrum_duty and sterling marks_nozzle 3_1795-6_dims.jpg","Merchant-Taylors' Company plate marks","Roberts Candelabrum","duty and sterling marks","1795-6","1795","dimensions","1","merchant-taylors-company-plate-marks-roberts-candelabrum-duty-and-sterling-marks-1795","hallmarks/merchant-taylors-company-plate-marks-roberts-candelabrum-duty-and-sterling-marks-1795-1"
"/mnt/c/Users/Assay Surface/Desktop/Kirstin Kennedy/Merchant-Taylors' Company plate marks/Roberts Candelabrum_duty mark_1795-6.jpg","Merchant-Taylors' Company plate marks","Roberts Candelabrum","duty mark","1795-6","1795","primary","0","merchant-taylors-company-plate-marks-roberts-candelabrum-duty-mark-1795","hallmarks/merchant-taylors-company-plate-marks-roberts-candelabrum-duty-mark-1795-0"
"/mnt/c/Users/Assay Surface/Desktop/Kirstin Kennedy/Merchant-Taylors' Company plate marks/Roberts Candelabrum_duty mark_1795-6_dimensions.jpg","Merchant-Taylors' Company plate marks","Roberts Candelabrum","duty mark","1795-6","1795","dimensions","1","merchant-taylors-company-plate-marks-roberts-candelabrum-duty-mark-1795","hallmarks/merchant-taylors-company-plate-marks-roberts-candelabrum-duty-mark-1795-1"
"/mnt/c/Users/Assay Surface/Desktop/Kirstin Kennedy/Merchant-Taylors' Company plate marks/Roberts Candelabrum_hallmark_1795-6.jpg","Merchant-Taylors' Company plate marks","Roberts Candelabrum","hallmark","1795-6","1795","primary","0","merchant-taylors-company-plate-marks-roberts-candelabrum-hallmark-1795","hallmarks/merchant-taylors-company-plate-marks-roberts-candelabrum-hallmark-1795-0"
"/mnt/c/Users/Assay Surface/Desktop/Kirstin Kennedy/Merchant-Taylors' Company plate marks/Roberts Candelabrum_hallmark_1795-6_dimension.jpg","Merchant-Taylors' Company plate marks","Roberts Candelabrum","hallmark","1795-6","1795","dimensions","1","merchant-taylors-company-plate-marks-roberts-candelabrum-hallmark-1795","hallmarks/merchant-taylors-company-plate-marks-roberts-candelabrum-hallmark-1795-1"
"/mnt/c/Users/Assay Surface/Desktop/Kirstin Kennedy/Merchant-Taylors' Company plate marks/Roberts Candelabrum_sterling mark_1795-6.jpg","Merchant-Taylors' Company plate marks","Roberts Candelabrum","sterling mark","1795-6","1795","primary","0","merchant-taylors-company-plate-marks-roberts-candelabrum-sterling-mark-1795","hallmarks/merchant-taylors-company-plate-marks-roberts-candelabrum-sterling-mark-1795-0"
"/mnt/c/Users/Assay Surface/Desktop/Kirstin Kennedy/Merchant-Taylors' Company plate marks/Roberts Candelabrum_sterling mark_1795-6_dimensions.jpg","Merchant-Taylors' Company plate marks","Roberts Candelabrum","sterling mark","1795-6","1795","dimensions","1","merchant-taylors-company-plate-marks-roberts-candelabrum-sterling-mark-1795","hallmarks/merchant-taylors-company-plate-marks-roberts-candelabrum-sterling-mark-1795-1"
"/mnt/c/Users/Assay Surface/Desktop/Kirstin Kennedy/Merchant-Taylors' Company plate marks/Salisbury goblet date letter 1631-32.jpg","Merchant-Taylors' Company plate marks","Salisbury goblet","date letter","1631-32","1631","primary","0","merchant-taylors-company-plate-marks-salisbury-goblet-date-letter-1631","hallmarks/merchant-taylors-company-plate-marks-salisbury-goblet-date-letter-1631-0"
"/mnt/c/Users/Assay Surface/Desktop/Kirstin Kennedy/Merchant-Taylors' Company plate marks/Salisbury goblet date letter 1631-32_dimensions.jpg","Merchant-Taylors' Company plate marks","Salisbury goblet","date letter","1631-32","1631","dimensions","1","merchant-taylors-company-plate-marks-salisbury-goblet-date-letter-1631","hallmarks/merchant-taylors-company-plate-marks-salisbury-goblet-date-letter-1631-1"
"/mnt/c/Users/Assay Surface/Desktop/Kirstin Kennedy/Merchant-Taylors' Company plate marks/Salisbury goblet date letter 1646-47.jpg","Merchant-Taylors' Company plate marks","Salisbury goblet","date letter","1646-47","1646","primary","0","merchant-taylors-company-plate-marks-salisbury-goblet-date-letter-1646","hallmarks/merchant-taylors-company-plate-marks-salisbury-goblet-date-letter-1646-0"
"/mnt/c/Users/Assay Surface/Desktop/Kirstin Kennedy/Merchant-Taylors' Company plate marks/Salisbury goblet date letter 1646-47_dimensions.jpg","Merchant-Taylors' Company plate marks","Salisbury goblet","date letter","1646-47","1646","dimensions","1","merchant-taylors-company-plate-marks-salisbury-goblet-date-letter-1646","hallmarks/merchant-taylors-company-plate-marks-salisbury-goblet-date-letter-1646-1"
"/mnt/c/Users/Assay Surface/Desktop/Kirstin Kennedy/Merchant-Taylors' Company plate marks/Salisbury goblet hallmark 1631-32.jpg","Merchant-Taylors' Company plate marks","Salisbury goblet","hallmark","1631-32","1631","primary","0","merchant-taylors-company-plate-marks-salisbury-goblet-hallmark-1631","hallmarks/merchant-taylors-company-plate-marks-salisbury-goblet-hallmark-1631-0"
"/mnt/c/Users/Assay Surface/Desktop/Kirstin Kennedy/Merchant-Taylors' Company plate marks/Salisbury goblet hallmark 1631-32_dimensions.jpg","Merchant-Taylors' Company plate marks","Salisbury goblet","hallmark","1631-32","1631","dimensions","1","merchant-taylors-company-plate-marks-salisbury-goblet-hallmark-1631","hallmarks/merchant-taylors-company-plate-marks-salisbury-goblet-hallmark-1631-1"
"/mnt/c/Users/Assay Surface/Desktop/Kirstin Kennedy/Merchant-Taylors' Company plate marks/Salisbury goblet hallmark 1646-47.jpg","Merchant-Taylors' Company plate marks","Salisbury goblet","hallmark","1646-47","1646","primary","0","merchant-taylors-company-plate-marks-salisbury-goblet-hallmark-1646","hallmarks/merchant-taylors-company-plate-marks-salisbury-goblet-hallmark-1646-0"
"/mnt/c/Users/Assay Surface/Desktop/Kirstin Kennedy/Merchant-Taylors' Company plate marks/Salisbury goblet sterling mark 1646-47.jpg","Merchant-Taylors' Company plate marks","Salisbury goblet","sterling mark","1646-47","1646","primary","0","merchant-taylors-company-plate-marks-salisbury-goblet-sterling-mark-1646","hallmarks/merchant-taylors-company-plate-marks-salisbury-goblet-sterling-mark-1646-0"
"/mnt/c/Users/Assay Surface/Desktop/Kirstin Kennedy/Merchant-Taylors' Company plate marks/Salisbury goblet sterling mark1631-32.jpg","Merchant-Taylors' Company plate marks","Salisbury goblet","sterling mark","1631-32","1631","primary","0","merchant-taylors-company-plate-marks-salisbury-goblet-sterling-mark-1631","hallmarks/merchant-taylors-company-plate-marks-salisbury-goblet-sterling-mark-1631-0"
"/mnt/c/Users/Assay Surface/Desktop/Kirstin Kennedy/Merchant-Taylors' Company plate marks/Wardall ewer date letter 1685-86.jpg","Merchant-Taylors' Company plate marks","Wardall ewer","date letter","1685-86","1685","primary","0","merchant-taylors-company-plate-marks-wardall-ewer-date-letter-1685","hallmarks/merchant-taylors-company-plate-marks-wardall-ewer-date-letter-1685-0"
"/mnt/c/Users/Assay Surface/Desktop/Kirstin Kennedy/Merchant-Taylors' Company plate marks/Wardall ewer date letter 1685-86_dimensions.jpg","Merchant-Taylors' Company plate marks","Wardall ewer","date letter","1685-86","1685","dimensions","1","merchant-taylors-company-plate-marks-wardall-ewer-date-letter-1685","hallmarks/merchant-taylors-company-plate-marks-wardall-ewer-date-letter-1685-1"
"/mnt/c/Users/Assay Surface/Desktop/Kirstin Kennedy/Merchant-Taylors' Company plate marks/Wardall ewer hallmark 1685-86 dimensions.jpg","Merchant-Taylors' Company plate marks","Wardall ewer","hallmark","1685-86","1685","dimensions","1","merchant-taylors-company-plate-marks-wardall-ewer-hallmark-1685","hallmarks/merchant-taylors-company-plate-marks-wardall-ewer-hallmark-1685-1"
"/mnt/c/Users/Assay Surface/Desktop/Kirstin Kennedy/Merchant-Taylors' Company plate marks/Wardall ewer hallmark 1685-86.jpg","Merchant-Taylors' Company plate marks","Wardall ewer","hallmark","1685-86","1685","primary","0","merchant-taylors-company-plate-marks-wardall-ewer-hallmark-1685","hallmarks/merchant-taylors-company-plate-marks-wardall-ewer-hallmark-1685-0"
"/mnt/c/Users/Assay Surface/Desktop/Kirstin Kennedy/Merchant-Taylors' Company plate marks/Wardall rosewater dish date letter 1685-86.jpg","Merchant-Taylors' Company plate marks","Wardall rosewater dish","date letter","1685-86","1685","primary","0","merchant-taylors-company-plate-marks-wardall-rosewater-dish-date-letter-1685","hallmarks/merchant-taylors-company-plate-marks-wardall-rosewater-dish-date-letter-1685-0"
"/mnt/c/Users/Assay Surface/Desktop/Kirstin Kennedy/Merchant-Taylors' Company plate marks/Wardall rosewater dish date letter 1685-86_dimensions.jpg","Merchant-Taylors' Company plate marks","Wardall rosewater dish","date letter","1685-86","1685","dimensions","1","merchant-taylors-company-plate-marks-wardall-rosewater-dish-date-letter-1685","hallmarks/merchant-taylors-company-plate-marks-wardall-rosewater-dish-date-letter-1685-1"
"/mnt/c/Users/Assay Surface/Desktop/Kirstin Kennedy/Merchant-Taylors' Company plate marks/Wardall rosewater dish hallmark 1685-86.jpg","Merchant-Taylors' Company plate marks","Wardall rosewater dish","hallmark","1685-86","1685","primary","0","merchant-taylors-company-plate-marks-wardall-rosewater-dish-hallmark-1685","hallmarks/merchant-taylors-company-plate-marks-wardall-rosewater-dish-hallmark-1685-0"
"/mnt/c/Users/Assay Surface/Desktop/Kirstin Kennedy/Merchant-Taylors' Company plate marks/Wardall rosewater dish hallmark 1685-86_dimensions.jpg","Merchant-Taylors' Company plate marks","Wardall rosewater dish","hallmark","1685-86","1685","dimensions","1","merchant-taylors-company-plate-marks-wardall-rosewater-dish-hallmark-1685","hallmarks/merchant-taylors-company-plate-marks-wardall-rosewater-dish-hallmark-1685-1"
"/mnt/c/Users/Assay Surface/Desktop/Kirstin Kennedy/Merchant-Taylors' Company plate marks/Wardall rosewater dish sterling mark 1685-86.jpg","Merchant-Taylors' Company plate marks","Wardall rosewater dish","sterling mark","1685-86","1685","primary","0","merchant-taylors-company-plate-marks-wardall-rosewater-dish-sterling-mark-1685","hallmarks/merchant-taylors-company-plate-marks-wardall-rosewater-dish-sterling-mark-1685-0"
"/mnt/c/Users/Assay Surface/Desktop/Kirstin Kennedy/Merchant-Taylors' Company plate marks/Wardall salver 1 hallmark 1685-86.jpg","Merchant-Taylors' Company plate marks","Wardall salver 1","hallmark","1685-86","1685","primary","0","merchant-taylors-company-plate-marks-wardall-salver-1-hallmark-1685","hallmarks/merchant-taylors-company-plate-marks-wardall-salver-1-hallmark-1685-0"
"/mnt/c/Users/Assay Surface/Desktop/Kirstin Kennedy/Merchant-Taylors' Company plate marks/Wardall salver 1 hallmark 1685-86_dimensions.jpg","Merchant-Taylors' Company plate marks","Wardall salver 1","hallmark","1685-86","1685","dimensions","1","merchant-taylors-company-plate-marks-wardall-salver-1-hallmark-1685","hallmarks/merchant-taylors-company-plate-marks-wardall-salver-1-hallmark-1685-1"
"/mnt/c/Users/Assay Surface/Desktop/Kirstin Kennedy/Merchant-Taylors' Company plate marks/Wardall salver 1 sterling mark 1685-86.jpg","Merchant-Taylors' Company plate marks","Wardall salver 1","sterling mark","1685-86","1685","primary","0","merchant-taylors-company-plate-marks-wardall-salver-1-sterling-mark-1685","hallmarks/merchant-taylors-company-plate-marks-wardall-salver-1-sterling-mark-1685-0"
"/mnt/c/Users/Assay Surface/Desktop/Kirstin Kennedy/Merchant-Taylors' Company plate marks/Wardall salver 2 date letter 1685-86.jpg","Merchant-Taylors' Company plate marks","Wardall salver 2","date letter","1685-86","1685","primary","0","merchant-taylors-company-plate-marks-wardall-salver-2-date-letter-1685","hallmarks/merchant-taylors-company-plate-marks-wardall-salver-2-date-letter-1685-0"
"/mnt/c/Users/Assay Surface/Desktop/Kirstin Kennedy/Merchant-Taylors' Company plate marks/Wardall salver 2 date letter 1685-86_dimensions.jpg","Merchant-Taylors' Company plate marks","Wardall salver 2","date letter","1685-86","1685","dimensions","1","merchant-taylors-company-plate-marks-wardall-salver-2-date-letter-1685","hallmarks/merchant-taylors-company-plate-marks-wardall-salver-2-date-letter-1685-1"
"/mnt/c/Users/Assay Surface/Desktop/Kirstin Kennedy/Merchant-Taylors' Company plate marks/Wardall salver 2 hallmark 1685-86.jpg","Merchant-Taylors' Company plate marks","Wardall salver 2","hallmark","1685-86","1685","primary","0","merchant-taylors-company-plate-marks-wardall-salver-2-hallmark-1685","hallmarks/merchant-taylors-company-plate-marks-wardall-salver-2-hallmark-1685-0"
"/mnt/c/Users/Assay Surface/Desktop/Kirstin Kennedy/Merchant-Taylors' Company plate marks/Wardall salver 2 hallmark 1685-86_dimensions.jpg","Merchant-Taylors' Company plate marks","Wardall salver 2","hallmark","1685-86","1685","dimensions","1","merchant-taylors-company-plate-marks-wardall-salver-2-hallmark-1685","hallmarks/merchant-taylors-company-plate-marks-wardall-salver-2-hallmark-1685-1"
"/mnt/c/Users/Assay Surface/Desktop/Kirstin Kennedy/Merchant-Taylors' Company plate marks/Wardall salver 2 sterling mark 1685-86.jpg","Merchant-Taylors' Company plate marks","Wardall salver 2","sterling mark","1685-86","1685","primary","0","merchant-taylors-company-plate-marks-wardall-salver-2-sterling-mark-1685","hallmarks/merchant-taylors-company-plate-marks-wardall-salver-2-sterling-mark-1685-0"
"/mnt/c/Users/Assay Surface/Desktop/Kirstin Kennedy/Church plate on loan to V&A/Loan Linford 1_Paul de Lamerie_1732-33.jpg","Church plate on loan to V&A","Loan Linford 1","sponsor mark","1732-33","1732","primary","0","church-plate-on-loan-to-v-a-loan-linford-1-sponsor-mark-1732","hallmarks/church-plate-on-loan-to-v-a-loan-linford-1-sponsor-mark-1732-0"
"/mnt/c/Users/Assay Surface/Desktop/Kirstin Kennedy/Church plate on loan to V&A/Loan Linford 1_Paul de Lamerie_1732-33_dimensions.jpg","Church plate on loan to V&A","Loan Linford 1","sponsor mark","1732-33","1732","dimensions","1","church-plate-on-loan-to-v-a-loan-linford-1-sponsor-mark-1732","hallmarks/church-plate-on-loan-to-v-a-loan-linford-1-sponsor-mark-1732-1"
"/mnt/c/Users/Assay Surface/Desktop/Kirstin Kennedy/Church plate on loan to V&A/Loan Linford 1_rim_Paul de Lamerie_1732-33.jpg","Church plate on loan to V&A","Loan Linford 1 rim","sponsor mark","1732-33","1732","primary","0","church-plate-on-loan-to-v-a-loan-linford-1-rim-sponsor-mark-1732","hallmarks/church-plate-on-loan-to-v-a-loan-linford-1-rim-sponsor-mark-1732-0"
"/mnt/c/Users/Assay Surface/Desktop/Kirstin Kennedy/Church plate on loan to V&A/Loan Linford 1_rim_Paul de Lamerie_dimensions.jpg","Church plate on loan to V&A","Loan Linford 1 rim","sponsor mark","1732-33","1732","dimensions","1","church-plate-on-loan-to-v-a-loan-linford-1-rim-sponsor-mark-1732","hallmarks/church-plate-on-loan-to-v-a-loan-linford-1-rim-sponsor-mark-1732-1"
"/mnt/c/Users/Assay Surface/Desktop/Kirstin Kennedy/KK work/Goldsmiths Company/1769-1770/GC 153_impressions of marks inside cannister.jpg","Goldsmiths Company","GC 153","hallmark","1769-1770","1769","primary","1","goldsmiths-company-gc-153-hallmark-1769","hallmarks/goldsmiths-company-gc-153-hallmark-1769-1"
"/mnt/c/Users/Assay Surface/Desktop/Kirstin Kennedy/May 2026/Loan North Ockendon 1_date letter 1646-47.jpg","Church plate on loan to V&A","Loan North Ockendon 1","date letter","1646-47","1646","primary","0","church-plate-on-loan-to-v-a-loan-north-ockendon-1-date-letter-1646","hallmarks/church-plate-on-loan-to-v-a-loan-north-ockendon-1-date-letter-1646-0"
"/mnt/c/Users/Assay Surface/Desktop/Kirstin Kennedy/May 2026/Loan North Ockendon 1_hallmark 1646-47.jpg","Church plate on loan to V&A","Loan North Ockendon 1","hallmark","1646-47","1646","primary","0","church-plate-on-loan-to-v-a-loan-north-ockendon-1-hallmark-1646","hallmarks/church-plate-on-loan-to-v-a-loan-north-ockendon-1-hallmark-1646-0"
"/mnt/c/Users/Assay Surface/Desktop/Kirstin Kennedy/May 2026/Loan North Ockendon 1_hallmark 1646_dims.jpg","Church plate on loan to V&A","Loan North Ockendon 1","hallmark","1646","1646","dimensions","1","church-plate-on-loan-to-v-a-loan-north-ockendon-1-hallmark-1646","hallmarks/church-plate-on-loan-to-v-a-loan-north-ockendon-1-hallmark-1646-1"
"/mnt/c/Users/Assay Surface/Desktop/Kirstin Kennedy/May 2026/Loan North Ockendon 1_standard mark 1646-47.jpg","Church plate on loan to V&A","Loan North Ockendon 1","standard mark","1646-47","1646","primary","0","church-plate-on-loan-to-v-a-loan-north-ockendon-1-standard-mark-1646","hallmarks/church-plate-on-loan-to-v-a-loan-north-ockendon-1-standard-mark-1646-0"
"/mnt/c/Users/Assay Surface/Desktop/Kirstin Kennedy/May 2026/Loan North Ockendon 2_date letter 1646-47.jpg","Church plate on loan to V&A","Loan North Ockendon 2","date letter","1646-47","1646","primary","0","church-plate-on-loan-to-v-a-loan-north-ockendon-2-date-letter-1646","hallmarks/church-plate-on-loan-to-v-a-loan-north-ockendon-2-date-letter-1646-0"
"/mnt/c/Users/Assay Surface/Desktop/Kirstin Kennedy/May 2026/Loan North Ockendon 2_date letter 1646_dims.jpg","Church plate on loan to V&A","Loan North Ockendon 2","date letter","1646","1646","dimensions","2","church-plate-on-loan-to-v-a-loan-north-ockendon-2-date-letter-1646","hallmarks/church-plate-on-loan-to-v-a-loan-north-ockendon-2-date-letter-1646-2"
"/mnt/c/Users/Assay Surface/Desktop/Kirstin Kennedy/May 2026/Loan North Ockendon 2_date letter detail.jpg","Church plate on loan to V&A","Loan North Ockendon 2","date letter","1646","1646","primary","1","church-plate-on-loan-to-v-a-loan-north-ockendon-2-date-letter-1646","hallmarks/church-plate-on-loan-to-v-a-loan-north-ockendon-2-date-letter-1646-1"
"/mnt/c/Users/Assay Surface/Desktop/Kirstin Kennedy/May 2026/Loan North Ockendon 2_hallmark 1646-47.jpg","Church plate on loan to V&A","Loan North Ockendon 2","hallmark","1646-47","1646","primary","0","church-plate-on-loan-to-v-a-loan-north-ockendon-2-hallmark-1646","hallmarks/church-plate-on-loan-to-v-a-loan-north-ockendon-2-hallmark-1646-0"
"/mnt/c/Users/Assay Surface/Desktop/Kirstin Kennedy/May 2026/Loan North Ockendon 2_hallmark 1646-47_dims.jpg","Church plate on loan to V&A","Loan North Ockendon 2","hallmark","1646-47","1646","dimensions","1","church-plate-on-loan-to-v-a-loan-north-ockendon-2-hallmark-1646","hallmarks/church-plate-on-loan-to-v-a-loan-north-ockendon-2-hallmark-1646-1"
"/mnt/c/Users/Assay Surface/Desktop/Kirstin Kennedy/May 2026/Loan North Ockendon 2_standard mark 1646-47.jpg","Church plate on loan to V&A","Loan North Ockendon 2","standard mark","1646-47","1646","primary","0","church-plate-on-loan-to-v-a-loan-north-ockendon-2-standard-mark-1646","hallmarks/church-plate-on-loan-to-v-a-loan-north-ockendon-2-standard-mark-1646-0"
"/mnt/c/Users/Assay Surface/Desktop/Kirstin Kennedy/May 2026/Manningtree.2 date letter 1633-34.jpg","Church plate on loan to V&A","Manningtree.2","date letter","1633-34","1633","primary","0","church-plate-on-loan-to-v-a-manningtree-2-date-letter-1633","hallmarks/church-plate-on-loan-to-v-a-manningtree-2-date-letter-1633-0"
"/mnt/c/Users/Assay Surface/Desktop/Kirstin Kennedy/May 2026/Manningtree.2 date letter dims.jpg","Church plate on loan to V&A","Manningtree.2","date letter","1633-34","1633","dimensions","1","church-plate-on-loan-to-v-a-manningtree-2-date-letter-1633","hallmarks/church-plate-on-loan-to-v-a-manningtree-2-date-letter-1633-1"
"/mnt/c/Users/Assay Surface/Desktop/Kirstin Kennedy/May 2026/Manningtree.2 hallmark 1633-34.jpg","Church plate on loan to V&A","Manningtree.2","hallmark","1633-34","1633","primary","1","church-plate-on-loan-to-v-a-manningtree-2-hallmark-1633","hallmarks/church-plate-on-loan-to-v-a-manningtree-2-hallmark-1633-1"
"/mnt/c/Users/Assay Surface/Desktop/Kirstin Kennedy/May 2026/Manningtree.2 hallmark 1633_dims.jpg","Church plate on loan to V&A","Manningtree.2","hallmark","1633","1633","dimensions","2","church-plate-on-loan-to-v-a-manningtree-2-hallmark-1633","hallmarks/church-plate-on-loan-to-v-a-manningtree-2-hallmark-1633-2"
"/mnt/c/Users/Assay Surface/Desktop/Kirstin Kennedy/May 2026/Manningtree.2 hallmark 1633_reverse.jpg","Church plate on loan to V&A","Manningtree.2","hallmark","1633","1633","primary","0","church-plate-on-loan-to-v-a-manningtree-2-hallmark-1633","hallmarks/church-plate-on-loan-to-v-a-manningtree-2-hallmark-1633-0"
"/mnt/c/Users/Assay Surface/Desktop/Kirstin Kennedy/May 2026/Manningtree.2 standard mark 1633-34.jpg","Church plate on loan to V&A","Manningtree.2","standard mark","1633-34","1633","primary","0","church-plate-on-loan-to-v-a-manningtree-2-standard-mark-1633","hallmarks/church-plate-on-loan-to-v-a-manningtree-2-standard-mark-1633-0"
"/mnt/c/Users/Assay Surface/Desktop/Kirstin Kennedy/May 2026/St Andrews Kingswood_chalice_date letter 1675-76.jpg","Church plate on loan to V&A","St Andrews Kingswood chalice","date letter","1675-76","1675","primary","0","church-plate-on-loan-to-v-a-st-andrews-kingswood-chalice-date-letter-1675","hallmarks/church-plate-on-loan-to-v-a-st-andrews-kingswood-chalice-date-letter-1675-0"
"/mnt/c/Users/Assay Surface/Desktop/Kirstin Kennedy/May 2026/St Andrews Kingswood_chalice_date letter 1675-76_dims.jpg","Church plate on loan to V&A","St Andrews Kingswood chalice","date letter","1675-76","1675","dimensions","1","church-plate-on-loan-to-v-a-st-andrews-kingswood-chalice-date-letter-1675","hallmarks/church-plate-on-loan-to-v-a-st-andrews-kingswood-chalice-date-letter-1675-1"
"/mnt/c/Users/Assay Surface/Desktop/Kirstin Kennedy/May 2026/St Andrews Kingswood_chalice_hallmark 1675-76 detail.jpg","Church plate on loan to V&A","St Andrews Kingswood chalice","hallmark","1675-76","1675","primary","0","church-plate-on-loan-to-v-a-st-andrews-kingswood-chalice-hallmark-1675","hallmarks/church-plate-on-loan-to-v-a-st-andrews-kingswood-chalice-hallmark-1675-0"
"/mnt/c/Users/Assay Surface/Desktop/Kirstin Kennedy/May 2026/St Andrews Kingswood_chalice_hallmark 1675-76.jpg","Church plate on loan to V&A","St Andrews Kingswood chalice","hallmark","1675-76","1675","primary","1","church-plate-on-loan-to-v-a-st-andrews-kingswood-chalice-hallmark-1675","hallmarks/church-plate-on-loan-to-v-a-st-andrews-kingswood-chalice-hallmark-1675-1"
"/mnt/c/Users/Assay Surface/Desktop/Kirstin Kennedy/May 2026/St Andrews Kingswood_chalice_hallmark 1675-76_dimensions.jpg","Church plate on loan to V&A","St Andrews Kingswood chalice","hallmark","1675-76","1675","dimensions","2","church-plate-on-loan-to-v-a-st-andrews-kingswood-chalice-hallmark-1675","hallmarks/church-plate-on-loan-to-v-a-st-andrews-kingswood-chalice-hallmark-1675-2"
"/mnt/c/Users/Assay Surface/Desktop/Kirstin Kennedy/May 2026/St Andrews Kingswood_chalice_sterling mark 1675-76.jpg","Church plate on loan to V&A","St Andrews Kingswood chalice","sterling mark","1675-76","1675","primary","0","church-plate-on-loan-to-v-a-st-andrews-kingswood-chalice-sterling-mark-1675","hallmarks/church-plate-on-loan-to-v-a-st-andrews-kingswood-chalice-sterling-mark-1675-0"
"/mnt/c/Users/Assay Surface/Desktop/Kirstin Kennedy/May 2026/St James Piccadilly_communion cup_date letter 1683.jpg","Church plate on loan to V&A","St James Piccadilly communion cup","date letter","1683","1683","primary","0","church-plate-on-loan-to-v-a-st-james-piccadilly-communion-cup-date-letter-1683","hallmarks/church-plate-on-loan-to-v-a-st-james-piccadilly-communion-cup-date-letter-1683-0"
"/mnt/c/Users/Assay Surface/Desktop/Kirstin Kennedy/May 2026/St James Piccadilly_communion cup_hallmark 1683.jpg","Church plate on loan to V&A","St James Piccadilly communion cup","hallmark","1683","1683","primary","0","church-plate-on-loan-to-v-a-st-james-piccadilly-communion-cup-hallmark-1683","hallmarks/church-plate-on-loan-to-v-a-st-james-piccadilly-communion-cup-hallmark-1683-0"
"/mnt/c/Users/Assay Surface/Desktop/Kirstin Kennedy/May 2026/St James Piccadilly_cup_date letter 1683_dims.jpg","Church plate on loan to V&A","St James Piccadilly communion cup","date letter","1683","1683","dimensions","1","church-plate-on-loan-to-v-a-st-james-piccadilly-communion-cup-date-letter-1683","hallmarks/church-plate-on-loan-to-v-a-st-james-piccadilly-communion-cup-date-letter-1683-1"
"/mnt/c/Users/Assay Surface/Desktop/Kirstin Kennedy/May 2026/St James Piccadilly_cup_sterling mark 1683.jpg","Church plate on loan to V&A","St James Piccadilly communion cup","sterling mark","1683","1683","primary","0","church-plate-on-loan-to-v-a-st-james-piccadilly-communion-cup-sterling-mark-1683","hallmarks/church-plate-on-loan-to-v-a-st-james-piccadilly-communion-cup-sterling-mark-1683-0"
"/mnt/c/Users/Assay Surface/Desktop/Kirstin Kennedy/May 2026/St James Piccadilly_cup_sterling mark 1683_dims.jpg","Church plate on loan to V&A","St James Piccadilly communion cup","sterling mark","1683","1683","dimensions","1","church-plate-on-loan-to-v-a-st-james-piccadilly-communion-cup-sterling-mark-1683","hallmarks/church-plate-on-loan-to-v-a-st-james-piccadilly-communion-cup-sterling-mark-1683-1"
"/mnt/c/Users/Assay Surface/Desktop/Kirstin Kennedy/May 2026/St James Piccadilly_paten_date letter 1683.jpg","Church plate on loan to V&A","St James Piccadilly paten","date letter","1683","1683","primary","0","church-plate-on-loan-to-v-a-st-james-piccadilly-paten-date-letter-1683","hallmarks/church-plate-on-loan-to-v-a-st-james-piccadilly-paten-date-letter-1683-0"
"/mnt/c/Users/Assay Surface/Desktop/Kirstin Kennedy/May 2026/St James Piccadilly_paten_hallmark 1683-84.jpg","Church plate on loan to V&A","St James Piccadilly paten","hallmark","1683-84","1683","primary","0","church-plate-on-loan-to-v-a-st-james-piccadilly-paten-hallmark-1683","hallmarks/church-plate-on-loan-to-v-a-st-james-piccadilly-paten-hallmark-1683-0"
"/mnt/c/Users/Assay Surface/Desktop/Kirstin Kennedy/May 2026/St James Piccadilly_paten_hallmark dims.jpg","Church plate on loan to V&A","St James Piccadilly paten","hallmark","1683-84","1683","dimensions","2","church-plate-on-loan-to-v-a-st-james-piccadilly-paten-hallmark-1683","hallmarks/church-plate-on-loan-to-v-a-st-james-piccadilly-paten-hallmark-1683-2"
"/mnt/c/Users/Assay Surface/Desktop/Kirstin Kennedy/May 2026/St James Piccadilly_paten_sterling mark 1683-84.jpg","Church plate on loan to V&A","St James Piccadilly paten","sterling mark","1683-84","1683","primary","0","church-plate-on-loan-to-v-a-st-james-piccadilly-paten-sterling-mark-1683","hallmarks/church-plate-on-loan-to-v-a-st-james-piccadilly-paten-sterling-mark-1683-0"
"/mnt/c/Users/Assay Surface/Desktop/Kirstin Kennedy/May 2026/St Mary Abbots.4 date letter 1697-98.jpg","Church plate on loan to V&A","St Mary Abbots.4","date letter","1697-98","1697","primary","0","church-plate-on-loan-to-v-a-st-mary-abbots-4-date-letter-1697","hallmarks/church-plate-on-loan-to-v-a-st-mary-abbots-4-date-letter-1697-0"
"/mnt/c/Users/Assay Surface/Desktop/Kirstin Kennedy/May 2026/St Mary Abbots.4 date letter dims.jpg","Church plate on loan to V&A","St Mary Abbots.4","date letter","1697-98","1697","dimensions","1","church-plate-on-loan-to-v-a-st-mary-abbots-4-date-letter-1697","hallmarks/church-plate-on-loan-to-v-a-st-mary-abbots-4-date-letter-1697-1"
"/mnt/c/Users/Assay Surface/Desktop/Kirstin Kennedy/May 2026/St Mary Abbots.4 hallmark 1697-98.jpg","Church plate on loan to V&A","St Mary Abbots.4","hallmark","1697-98","1697","primary","0","church-plate-on-loan-to-v-a-st-mary-abbots-4-hallmark-1697","hallmarks/church-plate-on-loan-to-v-a-st-mary-abbots-4-hallmark-1697-0"
"/mnt/c/Users/Assay Surface/Desktop/Kirstin Kennedy/May 2026/St Mary Abbots.4 hallmark 1697-98_dims.jpg","Church plate on loan to V&A","St Mary Abbots.4","hallmark","1697-98","1697","dimensions","1","church-plate-on-loan-to-v-a-st-mary-abbots-4-hallmark-1697","hallmarks/church-plate-on-loan-to-v-a-st-mary-abbots-4-hallmark-1697-1"
"/mnt/c/Users/Assay Surface/Desktop/Kirstin Kennedy/May 2026/St Mary Abbots.4 standard mark 1697-98.jpg","Church plate on loan to V&A","St Mary Abbots.4","standard mark","1697-98","1697","primary","0","church-plate-on-loan-to-v-a-st-mary-abbots-4-standard-mark-1697","hallmarks/church-plate-on-loan-to-v-a-st-mary-abbots-4-standard-mark-1697-0"
"/mnt/c/Users/Assay Surface/Desktop/Kirstin Kennedy/May 2026/St Mary Abbots.4 standard mark dims.jpg","Church plate on loan to V&A","St Mary Abbots.4","standard mark","1697-98","1697","dimensions","1","church-plate-on-loan-to-v-a-st-mary-abbots-4-standard-mark-1697","hallmarks/church-plate-on-loan-to-v-a-st-mary-abbots-4-standard-mark-1697-1"
"/mnt/c/Users/Assay Surface/Desktop/Kirstin Kennedy/May 2026/Tyttenhanger_paten_Britannia mark 1714-15.jpg","Church plate on loan to V&A","Tyttenhanger paten","britannia mark","1714-15","1714","primary","0","church-plate-on-loan-to-v-a-tyttenhanger-paten-britannia-mark-1714","hallmarks/church-plate-on-loan-to-v-a-tyttenhanger-paten-britannia-mark-1714-0"
"/mnt/c/Users/Assay Surface/Desktop/Kirstin Kennedy/May 2026/Tyttenhanger_paten_Britannia mark_dims.jpg","Church plate on loan to V&A","Tyttenhanger paten","britannia mark","1714-15","1714","dimensions","1","church-plate-on-loan-to-v-a-tyttenhanger-paten-britannia-mark-1714","hallmarks/church-plate-on-loan-to-v-a-tyttenhanger-paten-britannia-mark-1714-1"
"/mnt/c/Users/Assay Surface/Desktop/Kirstin Kennedy/May 2026/Tyttenhanger_paten_date letter 1714-15.jpg","Church plate on loan to V&A","Tyttenhanger paten","date letter","1714-15","1714","primary","2","church-plate-on-loan-to-v-a-tyttenhanger-paten-date-letter-1714","hallmarks/church-plate-on-loan-to-v-a-tyttenhanger-paten-date-letter-1714-2"
"/mnt/c/Users/Assay Surface/Desktop/Kirstin Kennedy/May 2026/Tyttenhanger_paten_date letter 1714-15_detail 1.jpg","Church plate on loan to V&A","Tyttenhanger paten","date letter","1714-15","1714","primary","0","church-plate-on-loan-to-v-a-tyttenhanger-paten-date-letter-1714","hallmarks/church-plate-on-loan-to-v-a-tyttenhanger-paten-date-letter-1714-0"
"/mnt/c/Users/Assay Surface/Desktop/Kirstin Kennedy/May 2026/Tyttenhanger_paten_date letter 1714-15_detail 2.jpg","Church plate on loan to V&A","Tyttenhanger paten","date letter","1714-15","1714","primary","1","church-plate-on-loan-to-v-a-tyttenhanger-paten-date-letter-1714","hallmarks/church-plate-on-loan-to-v-a-tyttenhanger-paten-date-letter-1714-1"
"/mnt/c/Users/Assay Surface/Desktop/Kirstin Kennedy/May 2026/Tyttenhanger_paten_date letter 1714-15_dimensions.jpg","Church plate on loan to V&A","Tyttenhanger paten","date letter","1714-15","1714","dimensions","3","church-plate-on-loan-to-v-a-tyttenhanger-paten-date-letter-1714","hallmarks/church-plate-on-loan-to-v-a-tyttenhanger-paten-date-letter-1714-3"
"/mnt/c/Users/Assay Surface/Desktop/Kirstin Kennedy/May 2026/Tyttenhanger_paten_hallmark 1714-15.jpg","Church plate on loan to V&A","Tyttenhanger paten","hallmark","1714-15","1714","primary","2","church-plate-on-loan-to-v-a-tyttenhanger-paten-hallmark-1714","hallmarks/church-plate-on-loan-to-v-a-tyttenhanger-paten-hallmark-1714-2"
"/mnt/c/Users/Assay Surface/Desktop/Kirstin Kennedy/May 2026/Tyttenhanger_paten_hallmark 1714-15_detail 1.jpg","Church plate on loan to V&A","Tyttenhanger paten","hallmark","1714-15","1714","primary","0","church-plate-on-loan-to-v-a-tyttenhanger-paten-hallmark-1714","hallmarks/church-plate-on-loan-to-v-a-tyttenhanger-paten-hallmark-1714-0"
"/mnt/c/Users/Assay Surface/Desktop/Kirstin Kennedy/May 2026/Tyttenhanger_paten_hallmark 1714-15_detail 2.jpg","Church plate on loan to V&A","Tyttenhanger paten","hallmark","1714-15","1714","primary","1","church-plate-on-loan-to-v-a-tyttenhanger-paten-hallmark-1714","hallmarks/church-plate-on-loan-to-v-a-tyttenhanger-paten-hallmark-1714-1"
"/mnt/c/Users/Assay Surface/Desktop/Kirstin Kennedy/May 2026/Tyttenhanger_paten_hallmark 1714-15_dims.jpg","Church plate on loan to V&A","Tyttenhanger paten","hallmark","1714-15","1714","dimensions","3","church-plate-on-loan-to-v-a-tyttenhanger-paten-hallmark-1714","hallmarks/church-plate-on-loan-to-v-a-tyttenhanger-paten-hallmark-1714-3"
"/mnt/c/Users/Assay Surface/Desktop/Kirstin Kennedy/May 2026/St James Piccadilly_cup_marks.JPG","Church plate on loan to V&A","St James Piccadilly communion cup","hallmark","1683","1683","primary","1","church-plate-on-loan-to-v-a-st-james-piccadilly-communion-cup-hallmark-1683","hallmarks/church-plate-on-loan-to-v-a-st-james-piccadilly-communion-cup-hallmark-1683-1"
"/mnt/c/Users/Assay Surface/Desktop/Kirstin Kennedy/May 2026/St James Piccadilly_paten_marks.JPG","Church plate on loan to V&A","St James Piccadilly paten","hallmark","1683-84","1683","primary","1","church-plate-on-loan-to-v-a-st-james-piccadilly-paten-hallmark-1683","hallmarks/church-plate-on-loan-to-v-a-st-james-piccadilly-paten-hallmark-1683-1"
